frame,effective_expert_kl_coef,expert_kl_loss,expert_action_mse,approx_kl,entropy,actor_grad_norm,effective_actor_lr,effective_critic_lr,TP_loss
65536,0.4000000059604645,0.0,0.0,0.0,-6.324245929718018,0.0,1.0622591616993304e-05,0.0005000000237487257,0.00013067637337371707
131072,0.4000000059604645,0.0,0.0,0.0,-6.324245929718018,0.0,1.1245184396102559e-05,0.0005000000237487257,0.0002306431415490806
196608,0.4000000059604645,0.0,0.0,0.0,-6.324245929718018,0.0,1.1867776265717112e-05,0.0005000000237487257,0.0001078943969332613
262144,0.4000000059604645,0.0,0.0,0.0,-6.324245929718018,0.0,1.2490368135331664e-05,0.0005000000237487257,0.00035283120814710855
327680,0.4000000059604645,0.0,0.0,0.0,-6.324245929718018,0.0,1.3112960004946217e-05,0.0005000000237487257,0.0017421793891116977
393216,0.4000000059604645,0.0,0.0,0.0,-6.324245929718018,0.0,1.373555187456077e-05,0.0005000000237487257,0.0032199365086853504
458752,0.4000000059604645,0.0,0.0,0.0,-6.324245929718018,0.0,1.4358143744175322e-05,0.0005000000237487257,0.003054500324651599
524288,0.4000000059604645,0.0,0.0,0.0,-6.324245929718018,0.0,1.4980735613789875e-05,0.0005000000237487257,0.009004333056509495
589824,0.4000000059604645,0.0,0.0,0.0,-6.324245929718018,0.0,1.5603327483404428e-05,0.0005000000237487257,0.00510558532550931
655360,0.4000000059604645,0.0,0.0,0.0,-6.324245929718018,0.0,1.6225920262513682e-05,0.0005000000237487257,0.0023154960945248604
720896,0.4000000059604645,0.0,0.0,0.0,-6.324245929718018,0.0,1.6848511222633533e-05,0.0005000000237487257,0.001100103254429996
786432,0.4000000059604645,0.0,0.0,0.0,-6.324245929718018,0.0,1.7471104001742788e-05,0.0005000000237487257,0.002353208139538765
851968,0.4000000059604645,0.0,0.0,0.0,-6.324245929718018,0.0,1.8093696780852042e-05,0.0005000000237487257,0.009757056832313538
917504,0.4000000059604645,0.0,0.0,0.0,-6.324245929718018,0.0,1.8716287740971893e-05,0.0005000000237487257,0.007140185683965683
983040,0.4000000059604645,0.0,0.0,0.0,-6.324245929718018,0.0,1.9338880520081148e-05,0.0005000000237487257,0.0037530481349676847
1048576,0.4000000059604645,0.0,0.0,0.0,-6.324245929718018,0.0,1.9961471480201e-05,0.0005000000237487257,0.0032322958577424288
1114112,0.4000000059604645,0.0,0.0,0.0,-6.324245929718018,0.0,2.0584064259310253e-05,0.0005000000237487257,0.0020142800640314817
1179648,0.4000000059604645,0.0,0.0,0.0,-6.324245929718018,0.0,2.1206655219430104e-05,0.0005000000237487257,0.0011620094301179051
1245184,0.4000000059604645,0.0,0.0,0.0,-6.324245929718018,0.0,2.182924799853936e-05,0.0005000000237487257,0.0022051921114325523
1310720,0.4000000059604645,0.0,0.0,0.0,-6.324245929718018,0.0,2.2451840777648613e-05,0.0005000000237487257,0.004483256489038467
1376256,0.4000000059604645,0.0,0.0,0.0,-6.324245929718018,0.0,2.3074431737768464e-05,0.0005000000237487257,0.001681079505942762
1441792,0.4000000059604645,0.0,0.0,0.0,-6.324245929718018,0.0,2.3697024516877718e-05,0.0005000000237487257,0.0013591338647529483
1507328,0.4000000059604645,0.0,0.0,0.0,-6.324245929718018,0.0,2.431961547699757e-05,0.0005000000237487257,0.0022090724669396877
1572864,0.4000000059604645,0.0,0.0,0.0,-6.324245929718018,0.0,2.4942208256106824e-05,0.0005000000237487257,0.0009762847912497818
1638400,0.4000000059604645,0.0,0.0,0.0,-6.324245929718018,0.0,2.5564799216226675e-05,0.0005000000237487257,0.001778692938387394
1703936,0.4000000059604645,0.0,0.0,0.0,-6.324245929718018,0.0,2.618739199533593e-05,0.0005000000237487257,0.00351866171695292
1769472,0.4000000059604645,0.0,0.0,0.0,-6.324245929718018,0.0,2.6809984774445184e-05,0.0005000000237487257,0.000543056579772383
1835008,0.4000000059604645,0.0,0.0,0.0,-6.324245929718018,0.0,2.7432575734565035e-05,0.0005000000237487257,0.0002604304172564298
1900544,0.4000000059604645,0.0,0.0,0.0,-6.324245929718018,0.0,2.805516851367429e-05,0.0005000000237487257,0.0002702828496694565
1966080,0.4000000059604645,0.0,0.0,0.0,-6.324245929718018,0.0,2.867775947379414e-05,0.0005000000237487257,0.000526858086232096
2031616,0.4000000059604645,0.0,0.0,0.0,-6.324245929718018,0.0,2.9300352252903394e-05,0.0005000000237487257,0.0014649913646280766
2097152,0.4000000059604645,0.0,0.0,0.0,-6.324245929718018,0.0,2.9922943213023245e-05,0.0005000000237487257,0.0020338569302111864
2162688,0.4000000059604645,0.0,0.0,0.0,-6.324245929718018,0.0,3.05455359921325e-05,0.0005000000237487257,0.0063902102410793304
2228224,0.4000000059604645,0.0,0.0,0.0,-6.324245929718018,0.0,3.1168128771241754e-05,0.0005000000237487257,0.0033129206858575344
2293760,0.4000000059604645,0.0,0.0,0.0,-6.324245929718018,0.0,3.179072155035101e-05,0.0005000000237487257,0.0009654239984229207
2359296,0.4000000059604645,0.0,0.0,0.0,-6.324245929718018,0.0,3.2413310691481456e-05,0.0005000000237487257,0.00044392357813194394
2424832,0.4000000059604645,0.0,0.0,0.0,-6.324245929718018,0.0,3.303590347059071e-05,0.0005000000237487257,0.0007867181557230651
2490368,0.4000000059604645,0.0,0.0,0.0,-6.324245929718018,0.0,3.3658496249699965e-05,0.0005000000237487257,0.004788894206285477
2555904,0.4000000059604645,0.0,0.0,0.0,-6.324245929718018,0.0,3.428108902880922e-05,0.0005000000237487257,0.003917369991540909
2621440,0.4000000059604645,0.0,0.0,0.0,-6.324245929718018,0.0,3.4903681807918474e-05,0.0005000000237487257,0.0019318106351420283
2686976,0.4000000059604645,0.0,0.0,0.0,-6.324245929718018,0.0,3.552627094904892e-05,0.0005000000237487257,0.0018846371676772833
2752512,0.4000000059604645,0.0,0.0,0.0,-6.324245929718018,0.0,3.6148863728158176e-05,0.0005000000237487257,0.0010443227365612984
2818048,0.4000000059604645,0.0,0.0,0.0,-6.324245929718018,0.0,3.677145650726743e-05,0.0005000000237487257,0.0005569445202127099
2883584,0.4000000059604645,0.0,0.0,0.0,-6.324245929718018,0.0,3.7394049286376685e-05,0.0005000000237487257,0.001014892477542162
2949120,0.4000000059604645,0.0,0.0,0.0,-6.324245929718018,0.0,3.801663842750713e-05,0.0005000000237487257,0.0031639861408621073
3014656,0.4000000059604645,0.0,0.0,0.0,-6.324245929718018,0.0,3.863923120661639e-05,0.0005000000237487257,0.001285548903979361
3080192,0.4000000059604645,0.0,0.0,0.0,-6.324245929718018,0.0,3.926182398572564e-05,0.0005000000237487257,0.0007851484697312117
3145728,0.4000000059604645,0.0,0.0,0.0,-6.324245929718018,0.0,3.9884416764834896e-05,0.0005000000237487257,0.0009649068815633655
3211264,0.4000000059604645,0.0,0.0,0.0,-6.324245929718018,0.0,4.050700954394415e-05,0.0005000000237487257,0.0004222385468892753
3276800,0.4000000059604645,0.0,0.0,0.0,-6.324245929718018,0.0,4.11295986850746e-05,0.0005000000237487257,0.0012050975346937776
3342336,0.4000000059604645,0.0,0.0,0.0,-6.324245929718018,0.0,4.175219146418385e-05,0.0005000000237487257,0.0030375905334949493
3407872,0.4000000059604645,0.0,0.0,0.0,-6.324245929718018,0.0,4.2374784243293107e-05,0.0005000000237487257,0.00041268719360232353
3473408,0.4000000059604645,0.0,0.0,0.0,-6.324245929718018,0.0,4.299737702240236e-05,0.0005000000237487257,0.00010753993410617113
3538944,0.4000000059604645,0.0,0.0,0.0,-6.324245929718018,0.0,4.3619969801511616e-05,0.0005000000237487257,0.00017966826271731406
3604480,0.4000000059604645,0.0,0.0,0.0,-6.324245929718018,0.0,4.424255894264206e-05,0.0005000000237487257,0.000480173242976889
3670016,0.4000000059604645,0.0,0.0,0.0,-6.324245929718018,0.0,4.486515172175132e-05,0.0005000000237487257,0.0009155245497822762
3735552,0.4000000059604645,0.0,0.0,0.0,-6.324245929718018,0.0,4.548774450086057e-05,0.0005000000237487257,0.001034411950968206
3801088,0.4000000059604645,0.0,0.0,0.0,-6.324245929718018,0.0,4.6110337279969826e-05,0.0005000000237487257,0.0031718905083835125
3866624,0.4000000059604645,0.0,0.0,0.0,-6.324245929718018,0.0,4.6732926421100274e-05,0.0005000000237487257,0.0019358249846845865
3932160,0.4000000059604645,0.0,0.0,0.0,-6.324245929718018,0.0,4.735551920020953e-05,0.0005000000237487257,0.0005251605180092156
3997696,0.4000000059604645,0.0,0.0,0.0,-6.324245929718018,0.0,4.797811197931878e-05,0.0005000000237487257,0.00030232290737330914
4063232,0.4000000059604645,0.0,0.0,0.0,-6.324245929718018,0.0,4.860070475842804e-05,0.0005000000237487257,0.00042514686356298625
4128768,0.4000000059604645,0.0,0.0,0.0,-6.324245929718018,0.0,4.922329753753729e-05,0.0005000000237487257,0.003850865876302123
4194304,0.4000000059604645,0.0,0.0,0.0,-6.324245929718018,0.0,4.984588667866774e-05,0.0005000000237487257,0.003739870386198163
4259840,0.4000000059604645,0.0,0.0,0.0,-6.324245929718018,0.0,5.0468479457776994e-05,0.0005000000237487257,0.0014027594588696957
4325376,0.4000000059604645,0.0,0.0,0.0,-6.324245929718018,0.0,5.109107223688625e-05,0.0005000000237487257,0.0013002800988033414
4390912,0.4000000059604645,0.0,0.0,0.0,-6.324245929718018,0.0,5.17136650159955e-05,0.0005000000237487257,0.0007601007237099111
4456448,0.4000000059604645,0.0,0.0,0.0,-6.324245929718018,0.0,5.233625779510476e-05,0.0005000000237487257,0.0003242521488573402
4521984,0.4000000059604645,0.0,0.0,0.0,-6.324245929718018,0.0,5.2958846936235204e-05,0.0005000000237487257,0.0008229545783251524
4587520,0.4000000059604645,0.0,0.0,0.0,-6.324245929718018,0.0,5.358143971534446e-05,0.0005000000237487257,0.0025781963486224413
4653056,0.4000000059604645,0.0,0.0,0.0,-6.324245929718018,0.0,5.420403249445371e-05,0.0005000000237487257,0.0008565685129724443
4718592,0.4000000059604645,0.0,0.0,0.0,-6.324245929718018,0.0,5.482662527356297e-05,0.0005000000237487257,0.0006151917623355985
4784128,0.4000000059604645,0.0,0.0,0.0,-6.324245929718018,0.0,5.5449214414693415e-05,0.0005000000237487257,0.0007034341106191278
4849664,0.4000000059604645,0.0,0.0,0.0,-6.324245929718018,0.0,5.607180719380267e-05,0.0005000000237487257,0.0002807342680171132
4915200,0.4000000059604645,0.0,0.0,0.0,-6.324245929718018,0.0,5.6694399972911924e-05,0.0005000000237487257,0.0008519220864400268
4980736,0.4000000059604645,0.0,0.0,0.0,-6.324245929718018,0.0,5.731699275202118e-05,0.0005000000237487257,0.002063190098851919
5046272,0.4000000059604645,0.7625887393951416,0.034316495060920715,0.1582760363817215,-6.321170806884766,0.1701953113079071,5.793958553113043e-05,0.0005000000237487257,0.00036097707925364375
5111808,0.4000000059604645,0.40522313117980957,0.018235040828585625,0.09672814607620239,-6.316980361938477,0.2345217615365982,5.856217467226088e-05,0.0005000000237487257,0.00010213431960437447
5177344,0.4000000059604645,0.33349862694740295,0.015007440000772476,0.08326685428619385,-6.312806606292725,0.20489884912967682,5.9184767451370135e-05,0.0005000000237487257,0.00016100279754027724
5242880,0.4000000059604645,0.2883791923522949,0.012977064587175846,0.05899354815483093,-6.308665752410889,0.28184974193573,5.980736023047939e-05,0.0005000000237487257,0.00048049172619357705
5308416,0.4000000059604645,0.25771790742874146,0.011597306467592716,0.04851790517568588,-6.304460525512695,0.28866106271743774,6.0429953009588644e-05,0.0005000000237487257,0.0007720322464592755
5373952,0.4000000059604645,0.19728951156139374,0.008878028020262718,0.010943525470793247,-6.299942493438721,57.35847091674805,6.10525457886979e-05,0.0005000000237487257,0.00087345129577443
5439488,0.4000000059604645,0.17458005249500275,0.007856102660298347,0.00647752033546567,-6.2963714599609375,61.074161529541016,6.167513492982835e-05,0.0005000000237487257,0.0024546533823013306
5505024,0.4000000059604645,0.18680723011493683,0.008406326174736023,0.022787369787693024,-6.2919392585754395,47.74452209472656,6.229773134691641e-05,0.0005000000237487257,0.0013433092972263694
5570560,0.4000000059604645,0.6311067342758179,0.02839980460703373,0.009789101779460907,-6.287120342254639,58.87405014038086,6.292032048804685e-05,0.0005000000237487257,0.00035273414687253535
5636096,0.4000000059604645,0.5331584811210632,0.023992132395505905,0.042059071362018585,-6.283467769622803,1.5709731578826904,6.35429096291773e-05,0.0005000000237487257,0.00017872128228191286
5701632,0.4000000059604645,0.28475138545036316,0.012813812121748924,0.008012315258383751,-6.278181552886963,45.73183059692383,6.416550604626536e-05,0.0005000000237487257,0.00023626578331459314
5767168,0.4000000059604645,0.22376078367233276,0.010069236159324646,0.0076381489634513855,-6.27466344833374,59.87128448486328,6.478809518739581e-05,0.0005000000237487257,0.0013800743035972118
5832704,0.4000000059604645,0.15570256114006042,0.007006615400314331,0.006083833985030651,-6.2712202072143555,63.3228645324707,6.541069160448387e-05,0.0005000000237487257,0.0013035066658630967
5898240,0.4000000059604645,0.18753615021705627,0.008439128287136555,0.008085343986749649,-6.266473770141602,61.34087371826172,6.603328074561432e-05,0.0005000000237487257,0.0011092108907178044
5963776,0.4000000059604645,0.9580009579658508,0.043110039085149765,0.00841519795358181,-6.263023376464844,53.62311553955078,6.665586988674477e-05,0.0005000000237487257,0.0012319082161411643
6029312,0.4000000059604645,0.5374791026115417,0.02418655902147293,0.04133940488100052,-6.258458614349365,1.5510890483856201,6.727846630383283e-05,0.0005000000237487257,0.00047332499525509775
6094848,0.4000000059604645,0.3698773682117462,0.01664448156952858,0.014785723760724068,-6.2554216384887695,46.08435821533203,6.790105544496328e-05,0.0005000000237487257,0.00036923098377883434
6160384,0.4000000059604645,0.23614616692066193,0.010626577772200108,0.007380693685263395,-6.250094890594482,46.46501159667969,6.852364458609372e-05,0.0005000000237487257,0.0011282578343525529
6225920,0.4000000059604645,0.21126164495944977,0.009506774134933949,0.012709174305200577,-6.245669364929199,50.69353485107422,6.914624100318179e-05,0.0005000000237487257,0.001359324436634779
6291456,0.4000000059604645,0.2198864221572876,0.00989488884806633,0.013149290345609188,-6.240140914916992,55.463043212890625,6.976883014431223e-05,0.0005000000237487257,0.0005255301366560161
6356992,0.4000000059604645,0.6387139558792114,0.028742128983139992,0.011384804733097553,-6.236377716064453,58.35008239746094,7.03914265614003e-05,0.0005000000237487257,0.0005272137932479382
6422528,0.4000000059604645,0.41721880435943604,0.018774844706058502,0.011085093952715397,-6.233413219451904,43.09078598022461,7.101401570253074e-05,0.0005000000237487257,0.0002133239759132266
6488064,0.4000000059604645,0.34890684485435486,0.01570080779492855,0.0077565014362335205,-6.230097770690918,45.02119445800781,7.163660484366119e-05,0.0005000000237487257,0.00021814802312292159
6553600,0.4000000059604645,0.200724259018898,0.009032591246068478,0.0108833322301507,-6.223791122436523,47.247825622558594,7.225920126074925e-05,0.0005000000237487257,0.0010953295277431607
6619136,0.4000000059604645,0.19870762526988983,0.008941843174397945,0.010282250121235847,-6.2208757400512695,45.52782440185547,7.28817904018797e-05,0.0005000000237487257,0.0027832170017063618
6684672,0.4000000059604645,0.7139075994491577,0.03212583810091019,0.007889728993177414,-6.21743106842041,81.12247467041016,7.350438681896776e-05,0.0005000000237487257,0.0003328068705741316
6750208,0.4000000059604645,0.31721287965774536,0.014274579472839832,0.013844689354300499,-6.213797569274902,79.53948974609375,7.412697596009821e-05,0.0005000000237487257,0.00010705085878726095
6815744,0.4000000059604645,0.4680040180683136,0.02106018364429474,0.005871598143130541,-6.2075300216674805,43.46889114379883,7.474956510122865e-05,0.0005000000237487257,0.00016698395484127104
6881280,0.4000000059604645,0.4666239619255066,0.02099807932972908,0.006528043188154697,-6.204080104827881,65.67516326904297,7.537216151831672e-05,0.0005000000237487257,0.0005578318377956748
6946816,0.4000000059604645,0.16883346438407898,0.007597506511956453,0.00790776964277029,-6.199952602386475,64.02412414550781,7.599475065944716e-05,0.0005000000237487257,0.0007955742767080665
7012352,0.4000000059604645,0.23087942600250244,0.01038957480341196,0.014041041024029255,-6.195796489715576,51.7528076171875,7.661734707653522e-05,0.0005000000237487257,0.000732571177650243
7077888,0.4000000059604645,0.17151200771331787,0.0077180415391922,0.006962511222809553,-6.191864967346191,63.31843948364258,7.723993621766567e-05,0.0005000000237487257,0.001865142723545432
7143424,0.4000000059604645,0.2021961510181427,0.009098827838897705,0.03546338528394699,-6.187111854553223,6.163241863250732,7.786252535879612e-05,0.0005000000237487257,0.0008461216930299997
7208960,0.4000000059604645,0.7294232845306396,0.03282405063509941,0.023464202880859375,-6.1822028160095215,34.84835433959961,7.848512177588418e-05,0.0005000000237487257,0.00026007211999967694
7274496,0.4000000059604645,0.3910857141017914,0.01759885810315609,0.032362937927246094,-6.178786277770996,4.8676252365112305,7.910771091701463e-05,0.0005000000237487257,0.00014540718984790146
7340032,0.4000000059604645,0.2846026122570038,0.012807117775082588,0.009822233580052853,-6.175050735473633,46.9747314453125,7.973030733410269e-05,0.0005000000237487257,0.00015295272169169039
7405568,0.4000000059604645,0.19179800152778625,0.008630909956991673,0.008337960578501225,-6.171734809875488,59.50429153442383,8.035289647523314e-05,0.0005000000237487257,0.0015010189963504672
7471104,0.4000000059604645,0.15450260043144226,0.006952617317438126,0.009019878692924976,-6.166458606719971,64.91107940673828,8.097548561636358e-05,0.0005000000237487257,0.002212917897850275
7536640,0.4000000059604645,0.17254126071929932,0.0077643562108278275,0.008542731404304504,-6.160843849182129,57.612464904785156,8.159808203345165e-05,0.0005000000237487257,0.0010311692021787167
7602176,0.4000000059604645,0.2423306256532669,0.010904879309237003,0.035714611411094666,-6.1577067375183105,1.549386739730835,8.22206711745821e-05,0.0005000000237487257,0.0006633774610236287
7667712,0.4000000059604645,0.8873823881149292,0.03993220627307892,0.010977010242640972,-6.152225971221924,52.814083099365234,8.284326759167016e-05,0.0005000000237487257,0.0003473284305073321
7733248,0.4000000059604645,0.46590128540992737,0.020965561270713806,0.012383454479277134,-6.1488118171691895,51.380577087402344,8.34658567328006e-05,0.0005000000237487257,0.0001769434893503785
7798784,0.4000000059604645,0.1791248321533203,0.008060616441071033,0.026383137330412865,-6.145327568054199,34.20498275756836,8.408844587393105e-05,0.0005000000237487257,0.0005867906147614121
7864320,0.4000000059604645,0.2094087302684784,0.0094233937561512,0.02544112130999565,-6.140354156494141,18.337841033935547,8.471104229101911e-05,0.0005000000237487257,0.0016486367676407099
7929856,0.4000000059604645,0.20400592684745789,0.009180266410112381,0.009456917643547058,-6.135659217834473,48.669158935546875,8.533363143214956e-05,0.0005000000237487257,0.0005309558473527431
7995392,0.4000000059604645,0.44105952978134155,0.019847678020596504,0.009714353829622269,-6.130955696105957,56.48070526123047,8.595622057328e-05,0.0005000000237487257,0.0004699588462244719
8060928,0.4000000059604645,0.42562735080718994,0.019153233617544174,0.01135389506816864,-6.127614974975586,45.319976806640625,8.657881699036807e-05,0.0005000000237487257,0.0004184725694358349
8126464,0.4000000059604645,0.17974606156349182,0.008088572882115841,0.006497547961771488,-6.123690128326416,52.528419494628906,8.720140613149852e-05,0.0005000000237487257,0.000278427847661078
8192000,0.4000000059604645,0.1809699535369873,0.008143647573888302,0.008692946285009384,-6.118819236755371,41.31028747558594,8.782400254858658e-05,0.0005000000237487257,0.0009481025044806302
8257536,0.4000000059604645,0.20903727412223816,0.009406678378582,0.02899882197380066,-6.1154584884643555,12.900094985961914,8.844659168971702e-05,0.0005000000237487257,0.0009127859375439584
8323072,0.4000000059604645,0.6472423076629639,0.02912590280175209,0.010305141098797321,-6.112505912780762,85.6776123046875,8.906918083084747e-05,0.0005000000237487257,0.00030803930712863803
8388608,0.4000000059604645,0.3056384325027466,0.013753728941082954,0.03877327963709831,-6.107297420501709,0.24386489391326904,8.969177724793553e-05,0.0005000000237487257,8.509782492183149e-05
8454144,0.4000000059604645,0.42613956332206726,0.01917628012597561,0.04116450995206833,-6.103202819824219,0.2249102145433426,9.031436638906598e-05,0.0005000000237487257,0.00016862079792190343
8519680,0.4000000059604645,0.26602575182914734,0.011971160769462585,0.010526233352720737,-6.098071575164795,70.65569305419922,9.093696280615404e-05,0.0005000000237487257,0.0006022473098710179
8585216,0.4000000059604645,0.18109183013439178,0.008149133063852787,0.007845865562558174,-6.094417572021484,61.837890625,9.155955194728449e-05,0.0005000000237487257,0.0007911019492894411
8650752,0.4000000059604645,0.24450720846652985,0.011002824641764164,0.0071122110821306705,-6.091949939727783,62.26373291015625,9.218214108841494e-05,0.0005000000237487257,0.0006115026189945638
8716288,0.4000000059604645,0.16965660452842712,0.0076345475390553474,0.029778189957141876,-6.087368011474609,23.887195587158203,9.2804737505503e-05,0.0005000000237487257,0.002732968656346202
8781824,0.4000000059604645,0.1516602635383606,0.006824711803346872,0.03663850203156471,-6.082236289978027,0.28964900970458984,9.342732664663345e-05,0.0005000000237487257,0.001163490116596222
8847360,0.4000000059604645,0.6240544319152832,0.028082450851798058,0.048472627997398376,-6.078141212463379,1.3080077171325684,9.404992306372151e-05,0.0005000000237487257,0.0003211037255823612
8912896,0.4000000059604645,0.40849435329437256,0.018382249400019646,0.023456301540136337,-6.074939727783203,27.663658142089844,9.467251220485196e-05,0.0005000000237487257,0.00013268107431940734
8978432,0.4000000059604645,0.318206250667572,0.0143192820250988,0.008002757094800472,-6.071548938751221,41.98798370361328,9.52951013459824e-05,0.0005000000237487257,0.00015209120465442538
9043968,0.4000000059604645,0.21753764152526855,0.009789194911718369,0.03580005466938019,-6.066331386566162,14.437271118164062,9.591769776307046e-05,0.0005000000237487257,0.0009639675845392048
9109504,0.4000000059604645,0.16944794356822968,0.007625157944858074,0.008128696121275425,-6.061216354370117,62.189430236816406,9.654028690420091e-05,0.0005000000237487257,0.0010051493300125003
9175040,0.4000000059604645,0.1711755394935608,0.007702899165451527,0.010432901792228222,-6.057951927185059,61.70884323120117,9.716288332128897e-05,0.0005000000237487257,0.0006686158594675362
9240576,0.4000000059604645,0.36853066086769104,0.0165838822722435,0.015705566853284836,-6.0524797439575195,40.1735725402832,9.778547246241942e-05,0.0005000000237487257,0.0008227777434512973
9306112,0.4000000059604645,0.5848276615142822,0.02631724812090397,0.011468440294265747,-6.04761266708374,44.511104583740234,9.840806160354987e-05,0.0005000000237487257,0.0003477420541457832
9371648,0.4000000059604645,0.41314437985420227,0.0185915008187294,0.087237648665905,-6.0442986488342285,0.17785222828388214,9.903065802063793e-05,0.0005000000237487257,0.00020184676395729184
9437184,0.4000000059604645,0.21596062183380127,0.009718228131532669,0.06276390701532364,-6.040106773376465,0.20486317574977875,9.965324716176838e-05,0.0005000000237487257,0.0009261150844395161
9502720,0.4000000059604645,0.20002338290214539,0.009001052938401699,0.08279391378164291,-6.035925388336182,0.21095390617847443,0.00010027584357885644,0.0005000000237487257,0.002108159940689802
9568256,0.4000000059604645,0.20244160294532776,0.009109873324632645,0.0958881601691246,-6.031839370727539,0.17947712540626526,0.00010089843271998689,0.0005000000237487257,0.000528218224644661
9633792,0.4000000059604645,0.183571457862854,0.008260715752840042,0.06731420010328293,-6.027606964111328,0.1273527890443802,0.00010152102186111733,0.0005000000237487257,0.0004800381720997393
9699328,0.4000000059604645,0.6201947927474976,0.02790876477956772,0.03576727956533432,-6.023434638977051,0.18068388104438782,0.0001021436182782054,0.0005000000237487257,0.00044500574585981667
9764864,0.4000000059604645,0.25908365845680237,0.011658765375614166,0.04454626142978668,-6.019100666046143,0.18483081459999084,0.00010276620741933584,0.0005000000237487257,0.00012878671986982226
9830400,0.4000000059604645,0.15018562972545624,0.0067583536729216576,0.058813247829675674,-6.014869213104248,0.17963092029094696,0.00010338879656046629,0.0005000000237487257,0.00042123915045522153
9895936,0.4000000059604645,0.41703295707702637,0.018766483291983604,0.0724470391869545,-6.010753631591797,0.19116368889808655,0.00010401139297755435,0.0005000000237487257,0.0015882749576121569
9961472,0.39971327781677246,0.7461094856262207,0.03357492759823799,0.03905453905463219,-6.005703449249268,12.462258338928223,0.0001046339821186848,0.0005000000237487257,0.00028742433642037213
10027008,0.39942654967308044,0.3151959180831909,0.01418381743133068,0.038331110030412674,-6.002437114715576,2.478151798248291,0.00010525657853577286,0.0005000000237487257,7.716486288700253e-05
10092544,0.3991398513317108,0.3334541618824005,0.015005438588559628,0.0434424951672554,-5.998703956604004,3.103240966796875,0.00010587916767690331,0.0005000000237487257,0.00013707483594771475
10158080,0.3988531231880188,0.448369562625885,0.020176630467176437,0.010073416866362095,-5.993588447570801,72.5937728881836,0.00010650175681803375,0.0005000000237487257,0.0004428148386068642
10223616,0.3985663950443268,0.25012072920799255,0.011255433782935143,0.03709634393453598,-5.989794731140137,1.5155521631240845,0.00010712435323512182,0.0005000000237487257,0.0006338141392916441
10289152,0.39827966690063477,0.29335445165634155,0.013200953602790833,0.021945737302303314,-5.984492778778076,33.43648147583008,0.00010774694237625226,0.0005000000237487257,0.000602955580689013
10354688,0.39799296855926514,0.38586610555648804,0.017363974824547768,0.01067360956221819,-5.981328010559082,55.14936828613281,0.00010836953879334033,0.0005000000237487257,0.0029521326068788767
10420224,0.3977062404155731,0.23224946856498718,0.010451226495206356,0.046045932918787,-5.977296829223633,1.9817274808883667,0.00010899212793447077,0.0005000000237487257,0.0008662756881676614
10485760,0.3974195122718811,0.6378618478775024,0.028703782707452774,0.04789893329143524,-5.973601341247559,8.584830284118652,0.00010961471707560122,0.0005000000237487257,0.00026415992761030793
10551296,0.3971328139305115,0.9664208889007568,0.043488942086696625,0.033045560121536255,-5.968177795410156,14.213773727416992,0.00011023731349268928,0.0005000000237487257,0.00012253565364517272
10616832,0.39684608578681946,0.32473403215408325,0.014613030478358269,0.01519837137311697,-5.966989517211914,38.690826416015625,0.00011085990263381973,0.0005000000237487257,0.00011626037303358316
10682368,0.39655935764312744,0.3345347046852112,0.015054063871502876,0.023756228387355804,-5.960151672363281,28.203018188476562,0.00011148249905090779,0.0005000000237487257,0.00041252613300457597
10747904,0.3962726294994354,0.4292025566101074,0.01931411772966385,0.024861089885234833,-5.957054138183594,44.59735870361328,0.00011210508819203824,0.0005000000237487257,0.0019285485614091158
10813440,0.3959859311580658,0.26999199390411377,0.012149638496339321,0.062066689133644104,-5.952160835266113,0.35939091444015503,0.00011272767733316869,0.0005000000237487257,0.000795027066487819
10878976,0.3956992030143738,0.6280505061149597,0.028262274339795113,0.057745561003685,-5.94788122177124,0.1924344152212143,0.00011335027375025675,0.0005000000237487257,0.00031630383455194533
10944512,0.39541247487068176,0.8497002124786377,0.038236506283283234,0.05999711900949478,-5.943666458129883,0.30490657687187195,0.0001139728628913872,0.0005000000237487257,0.00018999142048414797
11010048,0.39512574672698975,0.39784130454063416,0.017902858555316925,0.1055925115942955,-5.93953800201416,0.20992834866046906,0.00011459545930847526,0.0005000000237487257,0.00013322732411324978
11075584,0.3948390483856201,0.26097819209098816,0.011744019575417042,0.10357312858104706,-5.935268402099609,0.1993010938167572,0.0001152180484496057,0.0005000000237487257,0.0006473836838267744
11141120,0.3945523202419281,0.20619288086891174,0.009278679266571999,0.14086733758449554,-5.931119441986084,0.13192006945610046,0.00011584063759073615,0.0005000000237487257,0.0011861969251185656
11206656,0.3942655920982361,0.21982410550117493,0.009892086498439312,0.20023323595523834,-5.927065849304199,0.22931577265262604,0.00011646323400782421,0.0005000000237487257,0.00042885285802185535
11272192,0.39397889375686646,0.18238678574562073,0.008207404986023903,0.14142312109470367,-5.922975063323975,0.1825144737958908,0.00011708582314895466,0.0005000000237487257,0.0003521959879435599
11337728,0.39369216561317444,0.7007907032966614,0.03153558075428009,0.07034456729888916,-5.918795108795166,0.1568201780319214,0.00011770841956604272,0.0005000000237487257,0.000330910348566249
11403264,0.3934054374694824,0.2871992588043213,0.012923967093229294,0.061270345002412796,-5.914697647094727,0.19783994555473328,0.00011833100870717317,0.0005000000237487257,9.189503907691687e-05
11468800,0.3931187093257904,0.22921402752399445,0.010314632207155228,0.07624901831150055,-5.910593032836914,0.17237631976604462,0.00011895359784830362,0.0005000000237487257,0.00038579662214033306
11534336,0.3928320109844208,0.232468843460083,0.01046109851449728,0.10774058103561401,-5.9063897132873535,0.21700681746006012,0.00011957619426539168,0.0005000000237487257,0.0022893326822668314
11599872,0.39254528284072876,0.7704846262931824,0.03467181324958801,0.03528342396020889,-5.904067516326904,12.430704116821289,0.00012019878340652213,0.0005000000237487257,0.00023981780395843089
11665408,0.39225855469703674,0.3416200876235962,0.015372904017567635,0.013919271528720856,-5.898411750793457,85.05364990234375,0.00012082137254765257,0.0005000000237487257,7.505025860155001e-05
11730944,0.3919718265533447,0.46047523617744446,0.02072138711810112,0.011984889395534992,-5.8931074142456055,49.728858947753906,0.00012144396896474063,0.0005000000237487257,0.00017611993825994432
11796480,0.3916851282119751,0.424008846282959,0.019080400466918945,0.005187667440623045,-5.891094207763672,63.281558990478516,0.00012206655810587108,0.0005000000237487257,0.0005580631550401449
11862016,0.3913984000682831,0.24130716919898987,0.010858822613954544,0.022769009694457054,-5.8851637840271,29.289836883544922,0.00012268914724700153,0.0005000000237487257,0.0008822974632494152
11927552,0.39111167192459106,0.1495625525712967,0.006730315741151571,0.051594506949186325,-5.880844593048096,0.1865978240966797,0.0001233117509400472,0.0005000000237487257,0.0009104962227866054
11993088,0.39082497358322144,0.15859465301036835,0.00713675981387496,0.049943555146455765,-5.876567363739014,1.5841774940490723,0.00012393434008117765,0.0005000000237487257,0.002408177126199007
12058624,0.3905382454395294,0.16072431206703186,0.00723259337246418,0.020620984956622124,-5.873340606689453,53.69140625,0.0001245569292223081,0.0005000000237487257,0.0007243503932841122
12124160,0.3902515172958374,0.7447177767753601,0.03351229801774025,0.016834642738103867,-5.868113994598389,57.04164505004883,0.00012517951836343855,0.0005000000237487257,0.00027477130061015487
12189696,0.3899647891521454,0.5553144216537476,0.02498915046453476,0.04093793034553528,-5.864149570465088,1.3311715126037598,0.000125802107504569,0.0005000000237487257,0.00011449393059592694
12255232,0.38967809081077576,0.4856541156768799,0.02185443602502346,0.014881337061524391,-5.86116886138916,32.50288391113281,0.00012642471119761467,0.0005000000237487257,0.0001272624940611422
12320768,0.38939136266708374,0.2795126140117645,0.012578067369759083,0.03600749000906944,-5.855698585510254,1.5477755069732666,0.00012704730033874512,0.0005000000237487257,0.0005452060140669346
12386304,0.3891046345233917,0.23554515838623047,0.010599532164633274,0.035566266626119614,-5.85147762298584,1.4953235387802124,0.00012766988947987556,0.0005000000237487257,0.0007431462872773409
12451840,0.3888179063796997,0.1814848780632019,0.00816681981086731,0.020998911932110786,-5.847026824951172,36.45500183105469,0.000128292478621006,0.0005000000237487257,0.00042462971759960055
12517376,0.3885312080383301,0.6098306775093079,0.027442380785942078,0.039727505296468735,-5.843038558959961,0.1823795884847641,0.00012891506776213646,0.0005000000237487257,0.0005257005104795098
12582912,0.38824447989463806,0.8905860185623169,0.040076375007629395,0.03894495591521263,-5.838701248168945,1.0317254066467285,0.0001295376569032669,0.0005000000237487257,0.00022624274424742907
12648448,0.38795775175094604,0.5279555916786194,0.023758001625537872,0.041895050555467606,-5.8344221115112305,1.996142864227295,0.00013016026059631258,0.0005000000237487257,0.00013371430395636708
12713984,0.3876710534095764,0.30505242943763733,0.013727359473705292,0.05238769203424454,-5.83038854598999,0.2440633773803711,0.00013078284973744303,0.0005000000237487257,0.0003425560425966978
12779520,0.3873843252658844,0.2507329285144806,0.011282981373369694,0.07061755657196045,-5.826280117034912,0.1552756279706955,0.00013140543887857348,0.0005000000237487257,0.001162240281701088
12845056,0.3870975971221924,0.21185079216957092,0.009533286094665527,0.04235544055700302,-5.822027206420898,0.18224945664405823,0.00013202802801970392,0.0005000000237487257,0.00045536475954577327
12910592,0.38681086897850037,0.1968158632516861,0.008856713771820068,0.04947150498628616,-5.817746639251709,1.3371756076812744,0.00013265061716083437,0.0005000000237487257,0.00029647446353919804
12976128,0.38652417063713074,0.7392691373825073,0.03326711058616638,0.040082745254039764,-5.813108444213867,3.6985058784484863,0.00013327322085388005,0.0005000000237487257,0.0002166543563362211
13041664,0.3862374424934387,0.46817681193351746,0.02106795832514763,0.02040732651948929,-5.80754280090332,40.38187789916992,0.0001338958099950105,0.0005000000237487257,8.112905925372615e-05
13107200,0.3859507143497467,0.2490372657775879,0.011206679046154022,0.045438192784786224,-5.80582857131958,4.1172895431518555,0.00013451839913614094,0.0005000000237487257,0.00022642065596301109
13172736,0.3856639862060547,0.4963339567184448,0.022335030138492584,0.0405835323035717,-5.801271438598633,0.21008896827697754,0.0001351409882772714,0.0005000000237487257,0.0013667484745383263
13238272,0.38537728786468506,0.6739827394485474,0.030329225584864616,0.042273394763469696,-5.797613620758057,19.94940757751465,0.00013576357741840184,0.0005000000237487257,0.00019117360352538526
13303808,0.38509055972099304,0.29990166425704956,0.01349557749927044,0.039098337292671204,-5.792959213256836,5.160070896148682,0.0001363861811114475,0.0005000000237487257,6.0093898355262354e-05
13369344,0.384803831577301,0.6116549968719482,0.027524475008249283,0.010038706474006176,-5.7884626388549805,65.67190551757812,0.00013700877025257796,0.0005000000237487257,0.000136329690576531
13434880,0.3845171332359314,0.3975982964038849,0.01789192482829094,0.033523403108119965,-5.784402370452881,34.63594436645508,0.0001376313593937084,0.0005000000237487257,0.0005088428733870387
13500416,0.3842304050922394,0.24427050352096558,0.010992174036800861,0.03762152045965195,-5.780208587646484,0.1714911311864853,0.00013825394853483886,0.0005000000237487257,0.0006624688394367695
13565952,0.38394367694854736,0.37185463309288025,0.016733458265662193,0.035161346197128296,-5.776981353759766,10.575156211853027,0.0001388765376759693,0.0005000000237487257,0.0004493427986744791
13631488,0.38365694880485535,0.24175526201725006,0.010878987610340118,0.03875908628106117,-5.7733564376831055,24.216270446777344,0.00013949914136901498,0.0005000000237487257,0.000812424928881228
13697024,0.3833702504634857,0.3035939633846283,0.013661729171872139,0.045550018548965454,-5.7676167488098145,0.25658631324768066,0.00014012173051014543,0.0005000000237487257,0.0007528713322244585
13762560,0.3830835223197937,1.1749297380447388,0.052871838212013245,0.0310804545879364,-5.763265132904053,14.332235336303711,0.00014074431965127587,0.0005000000237487257,0.000376254873117432
13828096,0.3827967941761017,0.5579593181610107,0.02510816976428032,0.011060953140258789,-5.758028507232666,45.360191345214844,0.00014136690879240632,0.0005000000237487257,0.0001029598934110254
13893632,0.38251006603240967,0.4830807149410248,0.021738633513450623,0.026819594204425812,-5.754458427429199,21.309356689453125,0.00014198949793353677,0.0005000000237487257,0.00017338628822471946
13959168,0.38222336769104004,0.4322167932987213,0.019449755549430847,0.014462544582784176,-5.751294136047363,48.827735900878906,0.00014261210162658244,0.0005000000237487257,0.001294401939958334
14024704,0.381936639547348,0.35667282342910767,0.016050275415182114,0.0271045733243227,-5.746287822723389,20.802291870117188,0.0001432346907677129,0.0005000000237487257,0.0008904538117349148
14090240,0.381649911403656,0.2873357832431793,0.012930110096931458,0.03250907361507416,-5.742183208465576,14.131930351257324,0.00014385727990884334,0.0005000000237487257,0.00030918134143576026
14155776,0.3813632130622864,0.6214986443519592,0.027967441827058792,0.0329754576086998,-5.734839916229248,11.107399940490723,0.00014447986904997379,0.0005000000237487257,0.0004958905046805739
14221312,0.38107648491859436,0.7185204029083252,0.03233342245221138,0.027604147791862488,-5.7324957847595215,21.06824493408203,0.00014510245819110423,0.0005000000237487257,0.00023814031737856567
14286848,0.38078975677490234,0.577242910861969,0.02597593329846859,0.015693094581365585,-5.726712226867676,41.55021667480469,0.0001457250618841499,0.0005000000237487257,0.0001066994882421568
14352384,0.3805030286312103,0.3682871162891388,0.016572920605540276,0.01771301031112671,-5.723015785217285,39.904319763183594,0.00014634765102528036,0.0005000000237487257,0.00023110548499971628
14417920,0.3802163302898407,0.3536157011985779,0.015912707895040512,0.03303753584623337,-5.720521926879883,11.821094512939453,0.0001469702401664108,0.0005000000237487257,0.001016169786453247
14483456,0.3799296021461487,0.2451624870300293,0.01103231217712164,0.03234514221549034,-5.7173357009887695,3.525808095932007,0.00014759282930754125,0.0005000000237487257,0.0003962684131693095
14548992,0.37964287400245667,0.20722843706607819,0.009325280785560608,0.0520983561873436,-5.712822914123535,1.4199000597000122,0.0001482154184486717,0.0005000000237487257,0.00028865464264526963
14614528,0.37935614585876465,0.9315162301063538,0.041918233036994934,0.03612634539604187,-5.708336353302002,16.56662940979004,0.00014883802214171737,0.0005000000237487257,0.000248948868829757
14680064,0.379069447517395,0.5433475375175476,0.024450641125440598,0.036036401987075806,-5.703198432922363,7.977686405181885,0.00014946061128284782,0.0005000000237487257,7.900635682744905e-05
14745600,0.378782719373703,0.31141623854637146,0.014013729989528656,0.04179197549819946,-5.700245380401611,0.21269890666007996,0.00015008320042397827,0.0005000000237487257,0.00018122539040632546
14811136,0.378495991230011,0.270225465297699,0.012160146608948708,0.06505202502012253,-5.696154594421387,0.1426842361688614,0.00015070578956510872,0.0005000000237487257,0.0009214342571794987
14876672,0.37820929288864136,0.6250922679901123,0.028129152953624725,0.039618752896785736,-5.691396713256836,12.024202346801758,0.00015132837870623916,0.0005000000237487257,0.00018569169333204627
14942208,0.37792256474494934,0.24432747066020966,0.010994737036526203,0.010780122131109238,-5.688783168792725,77.69281005859375,0.00015195098239928484,0.0005000000237487257,6.10829665674828e-05
15007744,0.3776358366012573,0.5573676228523254,0.025081541389226913,0.006470112595707178,-5.6855316162109375,69.17989349365234,0.0001525735715404153,0.0005000000237487257,0.0001103846516343765
15073280,0.3773491084575653,0.2689800560474396,0.012104104273021221,0.0084454994648695,-5.6800408363342285,75.458251953125,0.00015319616068154573,0.0005000000237487257,0.0003771599440369755
15138816,0.3770624101161957,0.24301883578300476,0.010935848578810692,0.050342220813035965,-5.674890041351318,3.9575448036193848,0.00015381874982267618,0.0005000000237487257,0.0004972247406840324
15204352,0.37677568197250366,0.16925674676895142,0.007616553455591202,0.031755849719047546,-5.67246150970459,11.6997709274292,0.00015444133896380663,0.0005000000237487257,0.00038821296766400337
15269888,0.37648895382881165,0.19558383524417877,0.008801272138953209,0.023171115666627884,-5.6669602394104,43.015159606933594,0.0001550639426568523,0.0005000000237487257,0.0021400984842330217
15335424,0.37620222568511963,0.2375776320695877,0.010690994560718536,0.03064882755279541,-5.663297176361084,11.673271179199219,0.00015568653179798275,0.0005000000237487257,0.0005102860159240663
15400960,0.37591552734375,0.6911418437957764,0.03110138326883316,0.039421405643224716,-5.657742500305176,11.623945236206055,0.0001563091209391132,0.0005000000237487257,0.00015612386050634086
15466496,0.375628799200058,0.4373947083950043,0.019682761281728745,0.01565278321504593,-5.654645919799805,26.209726333618164,0.00015693171008024365,0.0005000000237487257,7.231620111269876e-05
15532032,0.37534207105636597,0.3249300718307495,0.014621851965785027,0.009563619270920753,-5.648798942565918,43.551334381103516,0.0001575542992213741,0.0005000000237487257,0.00016652990598231554
15597568,0.37505537271499634,0.2815292179584503,0.01266881637275219,0.02205592580139637,-5.645266532897949,28.173721313476562,0.00015817690291441977,0.0005000000237487257,0.00067231833236292
15663104,0.3747686445713043,0.22174319624900818,0.009978444315493107,0.008859223686158657,-5.642932891845703,54.48340606689453,0.00015879949205555022,0.0005000000237487257,0.0005317596369422972
15728640,0.3744819164276123,0.16158394515514374,0.007271277718245983,0.02937866933643818,-5.636951923370361,25.456945419311523,0.00015942208119668067,0.0005000000237487257,0.00046405347529798746
15794176,0.3741951882839203,0.6387316584587097,0.028742926195263863,0.016739903017878532,-5.632308006286621,42.388771057128906,0.0001600446703378111,0.0005000000237487257,0.0005345960962586105
15859712,0.37390848994255066,0.4737817645072937,0.021320179104804993,0.01045237947255373,-5.628328800201416,51.505043029785156,0.00016066725947894156,0.0005000000237487257,0.00011675611312966794
15925248,0.37362176179885864,0.36917999386787415,0.016613099724054337,0.009747974574565887,-5.624436378479004,47.22748565673828,0.00016128986317198724,0.0005000000237487257,0.00012014844105578959
15990784,0.3733350336551666,0.20972365140914917,0.009437563829123974,0.03625193238258362,-5.620769500732422,1.0771732330322266,0.00016191245231311768,0.0005000000237487257,0.0009426144533790648
16056320,0.3730483055114746,0.20737652480602264,0.009331944398581982,0.013581804931163788,-5.616518974304199,39.459022521972656,0.00016253504145424813,0.0005000000237487257,0.0008667115471325815
16121856,0.372761607170105,0.1486567109823227,0.006689552217721939,0.010960632935166359,-5.61004114151001,43.134483337402344,0.00016315763059537858,0.0005000000237487257,0.00016298893024213612
16187392,0.37247487902641296,0.4879939556121826,0.021959729492664337,0.013827142305672169,-5.60756778717041,50.652137756347656,0.00016378021973650903,0.0005000000237487257,0.00039616780122742057
16252928,0.37218815088272095,0.4287511706352234,0.019293805584311485,0.011140501126646996,-5.601844787597656,51.177913665771484,0.00016440280887763947,0.0005000000237487257,0.00011705639190040529
16318464,0.3719014525413513,0.3653765916824341,0.016441944986581802,0.013710840605199337,-5.599720001220703,39.28935623168945,0.00016502541257068515,0.0005000000237487257,7.822902989573777e-05
16384000,0.3716147243976593,0.18616677820682526,0.008377505466341972,0.022466856986284256,-5.594147205352783,24.790590286254883,0.0001656480017118156,0.0005000000237487257,0.0005817713099531829
16449536,0.3713279962539673,0.17356768250465393,0.007810546085238457,0.02925189770758152,-5.591616630554199,9.819567680358887,0.00016627059085294604,0.0005000000237487257,0.0012520892778411508
16515072,0.37104126811027527,0.7418368458747864,0.033382657915353775,0.02669152058660984,-5.587200164794922,37.58131408691406,0.0001668931799940765,0.0005000000237487257,0.00017938626115210354
16580608,0.37075456976890564,0.23975352942943573,0.010788909159600735,0.040442951023578644,-5.583258152008057,2.237542152404785,0.00016751576913520694,0.0005000000237487257,6.481988384621218e-05
16646144,0.3704678416252136,0.46260687708854675,0.020817309617996216,0.008757893927395344,-5.579585075378418,67.82251739501953,0.0001681383728282526,0.0005000000237487257,0.00010727705375757068
16711680,0.3701811134815216,0.22453664243221283,0.010104150511324406,0.0113384323194623,-5.576386451721191,75.25653839111328,0.00016876096196938306,0.0005000000237487257,0.00036515871761366725
16777216,0.3698943853378296,0.22809015214443207,0.010264057666063309,0.06370101124048233,-5.570559501647949,0.2150779515504837,0.0001693835511105135,0.0005000000237487257,0.0006102710030972958
16842752,0.36960768699645996,0.16488894820213318,0.007420002948492765,0.038663916289806366,-5.566408157348633,0.09783568978309631,0.00017000614025164396,0.0005000000237487257,0.00038291391683742404
16908288,0.36932095885276794,0.20579686760902405,0.009260859340429306,0.04927888885140419,-5.562298774719238,0.17618125677108765,0.0001706287293927744,0.0005000000237487257,0.0013121499214321375
16973824,0.3690342307090759,0.2229103446006775,0.010030965320765972,0.03841529041528702,-5.5581512451171875,0.2841596305370331,0.00017125133308582008,0.0005000000237487257,0.0002869142626877874
17039360,0.3687475323677063,0.49904578924179077,0.0224570594727993,0.03682394325733185,-5.553974151611328,0.1557561308145523,0.00017187392222695053,0.0005000000237487257,9.528553346171975e-05
17104896,0.3684608042240143,0.4190349280834198,0.018856573849916458,0.012501065619289875,-5.552608966827393,45.12409973144531,0.00017249651136808097,0.0005000000237487257,5.857660653418861e-05
17170432,0.36817407608032227,0.21820876002311707,0.009819394908845425,0.008772139437496662,-5.547366619110107,47.47817611694336,0.00017311910050921142,0.0005000000237487257,0.00016907509416341782
17235968,0.36788734793663025,0.21507638692855835,0.009678438305854797,0.0064097242429852486,-5.543393611907959,55.64950942993164,0.00017374168965034187,0.0005000000237487257,0.0005776946782134473
17301504,0.3676006495952606,0.1425534188747406,0.0064149037934839725,0.006024130620062351,-5.538257122039795,56.27671813964844,0.00017436429334338754,0.0005000000237487257,0.00023633067030459642
17367040,0.3673139214515686,0.14725856482982635,0.0066266353242099285,0.05935770645737648,-5.532928466796875,5.230565071105957,0.000174986882484518,0.0005000000237487257,0.0003577872412279248
17432576,0.3670271933078766,0.6648452281951904,0.029918037354946136,0.041631706058979034,-5.528873920440674,1.86527419090271,0.00017560947162564844,0.0005000000237487257,0.0003666332340799272
17498112,0.36674046516418457,0.476862370967865,0.021458810195326805,0.013246506452560425,-5.524928569793701,44.74787521362305,0.00017623206076677889,0.0005000000237487257,9.364011202706024e-05
17563648,0.36645376682281494,0.37212705612182617,0.01674572005867958,0.009549770504236221,-5.521116256713867,48.279361724853516,0.00017685464990790933,0.0005000000237487257,9.983844211092219e-05
17629184,0.3661670386791229,0.28090909123420715,0.012640908360481262,0.03582063317298889,-5.5154876708984375,1.1443649530410767,0.000177477253600955,0.0005000000237487257,0.0007883151993155479
17694720,0.3658803105354309,0.2258639931678772,0.01016388088464737,0.03596114367246628,-5.512313365936279,4.755390167236328,0.00017809984274208546,0.0005000000237487257,0.0006411210051737726
17760256,0.3655936121940613,0.15065117180347443,0.006779302842915058,0.01477321982383728,-5.505003929138184,41.091041564941406,0.0001787224318832159,0.0005000000237487257,0.00012630280980374664
17825792,0.36530688405036926,0.6307724714279175,0.02838476002216339,0.04597977548837662,-5.503023147583008,1.508354663848877,0.00017934502102434635,0.0005000000237487257,0.0002583869791124016
17891328,0.36502015590667725,0.4707466959953308,0.021183602511882782,0.01231602393090725,-5.4977827072143555,40.75166702270508,0.0001799676101654768,0.0005000000237487257,8.266847726190463e-05
17956864,0.36473342776298523,0.31488481163978577,0.014169815927743912,0.012159520760178566,-5.495739459991455,39.59894561767578,0.00018059021385852247,0.0005000000237487257,9.456628322368488e-05
18022400,0.3644467294216156,0.1561841368675232,0.007028286810964346,0.008564628660678864,-5.487920761108398,36.25303649902344,0.00018121280299965292,0.0005000000237487257,0.0008591228979639709
18087936,0.3641600012779236,0.21118202805519104,0.009503191336989403,0.01398508995771408,-5.485441207885742,30.705671310424805,0.00018183539214078337,0.0005000000237487257,0.0009186239331029356
18153472,0.36387327313423157,0.8197195529937744,0.036887381225824356,0.010413416661322117,-5.482308864593506,84.22625732421875,0.00018245798128191382,0.0005000000237487257,0.00018190134142059833
18219008,0.36358657479286194,0.22946661710739136,0.010325998067855835,0.009062111377716064,-5.478771686553955,75.16868591308594,0.00018308057042304426,0.0005000000237487257,5.7791978179011494e-05
18284544,0.3632998466491699,0.4937203824520111,0.022217418998479843,0.007392154540866613,-5.4753522872924805,52.707069396972656,0.00018370317411608994,0.0005000000237487257,9.704664989840239e-05
18350080,0.3630131185054779,0.3892727196216583,0.017517272382974625,0.02989628165960312,-5.473052024841309,25.79068374633789,0.0001843257632572204,0.0005000000237487257,0.0002981567522510886
18415616,0.3627263903617859,0.2291756570339203,0.010312904603779316,0.028720751404762268,-5.4670209884643555,21.80539321899414,0.00018494835239835083,0.0005000000237487257,0.000540106266271323
18481152,0.36243969202041626,0.1595863401889801,0.007181385066360235,0.0547829270362854,-5.461922645568848,1.203442096710205,0.00018557094153948128,0.0005000000237487257,0.0005701443878933787
18546688,0.36215296387672424,0.20055055618286133,0.00902477465569973,0.039884451776742935,-5.458771705627441,4.420102119445801,0.00018619353068061173,0.0005000000237487257,0.0021755362395197153
18612224,0.3618662357330322,0.1543496549129486,0.006945735774934292,0.01379669364541769,-5.455818176269531,50.0867805480957,0.0001868161343736574,0.0005000000237487257,0.00033377643558196723
18677760,0.3615795075893402,0.6578666567802429,0.029603999108076096,0.010409796610474586,-5.448477268218994,40.920265197753906,0.00018743872351478785,0.0005000000237487257,0.0001004950754577294
18743296,0.3612928092479706,0.35952457785606384,0.01617860607802868,0.03104216605424881,-5.446075916290283,8.027750968933105,0.0001880613126559183,0.0005000000237487257,4.68580074084457e-05
18808832,0.36100608110427856,0.21031346917152405,0.009464106522500515,0.04523715749382973,-5.441431045532227,8.894123077392578,0.00018868390179704875,0.0005000000237487257,0.000209362871828489
18874368,0.36071935296058655,0.21987929940223694,0.009894568473100662,0.006838806439191103,-5.4376606941223145,45.39973831176758,0.0001893064909381792,0.0005000000237487257,0.0011406990233808756
18939904,0.3604326546192169,0.16854463517665863,0.007584508042782545,0.009213665500283241,-5.433373928070068,54.49102783203125,0.00018992909463122487,0.0005000000237487257,0.00029239460127428174
19005440,0.3601459264755249,0.22473135590553284,0.010112909600138664,0.037623655050992966,-5.427857398986816,0.21310919523239136,0.00019055168377235532,0.0005000000237487257,0.0002650224487297237
19070976,0.3598591983318329,0.5355707406997681,0.024100681766867638,0.042769595980644226,-5.4237284660339355,0.21912524104118347,0.00019117427291348577,0.0005000000237487257,0.00033576006535440683
19136512,0.35957247018814087,0.5071194767951965,0.022820375859737396,0.04006190598011017,-5.419478416442871,1.2984340190887451,0.0001917968620546162,0.0005000000237487257,6.46842599962838e-05
19202048,0.35928577184677124,0.47540485858917236,0.021393220871686935,0.03895412012934685,-5.415068626403809,1.2525410652160645,0.00019241945119574666,0.0005000000237487257,9.054325346369296e-05
19267584,0.3589990437030792,0.40197861194610596,0.018089039251208305,0.017370102927088737,-5.408674240112305,39.90751647949219,0.00019304205488879234,0.0005000000237487257,0.0005970750353299081
19333120,0.3587123155593872,0.26880788803100586,0.012096353806555271,0.012446143664419651,-5.4049553871154785,41.352455139160156,0.00019366464402992278,0.0005000000237487257,0.000478569942060858
19398656,0.3584255874156952,0.22869309782981873,0.010291189886629581,0.01219005323946476,-5.400932788848877,37.41618728637695,0.00019428723317105323,0.0005000000237487257,0.0001294191461056471
19464192,0.35813888907432556,0.520561695098877,0.023425277322530746,0.027077261358499527,-5.394852161407471,26.802913665771484,0.00019490982231218368,0.0005000000237487257,0.00015135326248127967
19529728,0.35785216093063354,0.38055333495140076,0.017124900594353676,0.0211722943931818,-5.392396926879883,32.57138442993164,0.00019553241145331413,0.0005000000237487257,6.148467946331948e-05
19595264,0.35756543278694153,0.29186195135116577,0.013133788481354713,0.03856456279754639,-5.389946460723877,1.4499433040618896,0.0001961550151463598,0.0005000000237487257,0.000258291547652334
19660800,0.3572787344455719,0.26891836524009705,0.012101326137781143,0.02301488071680069,-5.3830718994140625,32.68573760986328,0.00019677760428749025,0.0005000000237487257,0.0014790263958275318
19726336,0.3569920063018799,0.20972475409507751,0.009437614120543003,0.041730787605047226,-5.381473541259766,1.0064465999603271,0.0001974001934286207,0.0005000000237487257,0.0009388452162966132
19791872,0.35670527815818787,0.858330488204956,0.038624875247478485,0.036174509674310684,-5.376943588256836,10.017241477966309,0.00019802278256975114,0.0005000000237487257,0.00017502496484667063
19857408,0.35641855001449585,0.3268410265445709,0.014707845635712147,0.008294840343296528,-5.37617301940918,57.7777214050293,0.0001986453717108816,0.0005000000237487257,4.732458182843402e-05
19922944,0.3561318516731262,0.3981620669364929,0.017917294055223465,0.006133333779871464,-5.373032569885254,62.60319519042969,0.00019926796085201204,0.0005000000237487257,0.00012381773558445275
19988480,0.3558451235294342,0.5125055313110352,0.023062750697135925,0.006680529564619064,-5.369945526123047,61.56180191040039,0.00019989056454505771,0.0005000000237487257,0.00032541248947381973
20054016,0.3555583953857422,0.3521559536457062,0.015847019851207733,0.036584675312042236,-5.360911846160889,1.3235375881195068,0.00019999999494757503,0.0005000000237487257,0.0006223252275958657
20119552,0.35527166724205017,0.20723068714141846,0.009325382299721241,0.006791179068386555,-5.359780311584473,43.493194580078125,0.00019999999494757503,0.0005000000237487257,0.0008794890018180013
20185088,0.35498496890068054,0.20787324011325836,0.009354296140372753,0.0067071919329464436,-5.356637001037598,43.29019546508789,0.00019999999494757503,0.0005000000237487257,0.004185614176094532
20250624,0.3546982407569885,0.16469058394432068,0.007411076687276363,0.009096920490264893,-5.351753234863281,44.98219299316406,0.00019999999494757503,0.0005000000237487257,0.0005321225617080927
20316160,0.3544115126132965,0.7050439119338989,0.03172697871923447,0.0075846947729587555,-5.353917598724365,39.4205322265625,0.00019999999494757503,0.0005000000237487257,0.00010584685514913872
20381696,0.3541248142719269,0.43056195974349976,0.019375286996364594,0.032019902020692825,-5.341187477111816,10.427955627441406,0.00019999999494757503,0.0005000000237487257,5.3531995945377275e-05
20447232,0.35383808612823486,0.19288231432437897,0.008679705671966076,0.010308442637324333,-5.339824199676514,46.978050231933594,0.00019999999494757503,0.0005000000237487257,0.00032537191873416305
20512768,0.35355135798454285,0.20951685309410095,0.009428258053958416,0.007065628655254841,-5.334122657775879,34.02613830566406,0.00019999999494757503,0.0005000000237487257,0.0020129894837737083
20578304,0.35326462984085083,0.16012108325958252,0.007205449044704437,0.009908933192491531,-5.328473091125488,43.178436279296875,0.00019999999494757503,0.0005000000237487257,0.0005323543446138501
20643840,0.3529779314994812,0.13225485384464264,0.005951467901468277,0.0065505169332027435,-5.328706741333008,45.29500198364258,0.00019999999494757503,0.0005000000237487257,0.0004196464142296463
20709376,0.3526912033557892,0.6173809766769409,0.027782142162322998,0.009826572611927986,-5.319577217102051,50.969810485839844,0.00019999999494757503,0.0005000000237487257,0.0006194927846081555
20774912,0.35240447521209717,0.3726508617401123,0.01676928997039795,0.007933203130960464,-5.313429355621338,31.22509765625,0.00019999999494757503,0.0005000000237487257,5.5721622629789636e-05
20840448,0.35211774706840515,0.26060250401496887,0.011727113276720047,0.023410316556692123,-5.310371398925781,25.192840576171875,0.00019999999494757503,0.0005000000237487257,0.00013805291382595897
20905984,0.3518310487270355,0.20188353955745697,0.009084760211408138,0.008335713297128677,-5.3073835372924805,30.64385414123535,0.00019999999494757503,0.0005000000237487257,0.0012550626415759325
20971520,0.3515443205833435,0.17453333735466003,0.007854001596570015,0.009198933839797974,-5.299589157104492,32.8105354309082,0.00019999999494757503,0.0005000000237487257,0.0006264156545512378
21037056,0.3512575924396515,0.1543414294719696,0.006945364642888308,0.008942289277911186,-5.300503253936768,37.70027160644531,0.00019999999494757503,0.0005000000237487257,0.0001558278308948502
21102592,0.35097089409828186,0.7381471395492554,0.03321662172675133,0.051595594733953476,-5.294188976287842,1.1527585983276367,0.00019999999494757503,0.0005000000237487257,0.000325874105328694
21168128,0.35068416595458984,0.48664289712905884,0.02189892902970314,0.009116128087043762,-5.291782379150391,39.65843200683594,0.00019999999494757503,0.0005000000237487257,6.497046706499532e-05
21233664,0.3503974378108978,0.3019219934940338,0.013586489483714104,0.007204975001513958,-5.287247180938721,48.534915924072266,0.00019999999494757503,0.0005000000237487257,0.00015684394747950137
21299200,0.3501107096672058,0.2205289602279663,0.009923802688717842,0.018442826345562935,-5.284970283508301,18.228178024291992,0.00019999999494757503,0.0005000000237487257,0.0016913877334445715
21364736,0.3498240113258362,0.20837801694869995,0.0093770120292902,0.014339344576001167,-5.279996395111084,31.451332092285156,0.00019999999494757503,0.0005000000237487257,0.0012609700206667185
21430272,0.34953728318214417,0.9809197187423706,0.044141389429569244,0.03363639861345291,-5.274011135101318,24.29190444946289,0.00019999999494757503,0.0005000000237487257,0.00016388692893087864
21495808,0.34925055503845215,0.32426461577415466,0.014591909013688564,0.006289954762905836,-5.270392417907715,51.487701416015625,0.00019999999494757503,0.0005000000237487257,4.264382005203515e-05
21561344,0.34896382689476013,0.4690020978450775,0.021105095744132996,0.005261962302029133,-5.267138481140137,46.4372673034668,0.00019999999494757503,0.0005000000237487257,9.383832366438583e-05
21626880,0.3486771285533905,0.5174764394760132,0.02328643947839737,0.0097551504150033,-5.265883445739746,43.69375991821289,0.00019999999494757503,0.0005000000237487257,0.00029691745294258
21692416,0.3483904004096985,0.4283077120780945,0.019273847341537476,0.010318126529455185,-5.259039878845215,41.030662536621094,0.00019999999494757503,0.0005000000237487257,0.0006151177803985775
21757952,0.34810367226600647,0.22937273979187012,0.010321772657334805,0.006279053632169962,-5.257674694061279,52.31577682495117,0.00019999999494757503,0.0005000000237487257,0.0011928119929507375
21823488,0.34781697392463684,0.22323007881641388,0.010045354254543781,0.004593100398778915,-5.253444671630859,47.32540512084961,0.00019999999494757503,0.0005000000237487257,0.005951280239969492
21889024,0.3475302457809448,0.1600639522075653,0.007202878128737211,0.009833977557718754,-5.247557640075684,41.68804931640625,0.00019999999494757503,0.0005000000237487257,0.0006511782412417233
21954560,0.3472435176372528,0.772871732711792,0.03477923199534416,0.009104891680181026,-5.248166561126709,37.123756408691406,0.00019999999494757503,0.0005000000237487257,0.00013481517089530826
22020096,0.3469567894935608,0.3745029866695404,0.016852635890245438,0.00927690602838993,-5.2472076416015625,31.903608322143555,0.00019999999494757503,0.0005000000237487257,4.999679731554352e-05
22085632,0.34667009115219116,0.2354104071855545,0.010593469254672527,0.007269088178873062,-5.239505767822266,52.49546813964844,0.00019999999494757503,0.0005000000237487257,0.00020915892673656344
22151168,0.34638336300849915,0.29593145847320557,0.013316914439201355,0.006329371593892574,-5.23294734954834,36.161991119384766,0.00019999999494757503,0.0005000000237487257,0.0014405731344595551
22216704,0.34609663486480713,0.20355157554149628,0.009159821085631847,0.005356295499950647,-5.229501247406006,35.7705192565918,0.00019999999494757503,0.0005000000237487257,0.0003349272010382265
22282240,0.3458099067211151,0.1640850454568863,0.007383828051388264,0.006556641776114702,-5.224147319793701,44.717079162597656,0.00019999999494757503,0.0005000000237487257,0.00032952390029095113
22347776,0.3455232083797455,0.40774863958358765,0.018348688259720802,0.006040964741259813,-5.219069480895996,36.932682037353516,0.00019999999494757503,0.0005000000237487257,0.0008598370477557182
22413312,0.34523648023605347,0.49418357014656067,0.022238261997699738,0.00642545847222209,-5.216070175170898,29.857017517089844,0.00019999999494757503,0.0005000000237487257,7.732395897619426e-05
22478848,0.34494975209236145,0.3405633270740509,0.015325350686907768,0.034331150352954865,-5.20529842376709,1.3587720394134521,0.00019999999494757503,0.0005000000237487257,7.128620927687734e-05
22544384,0.3446630537509918,0.2278626561164856,0.010253820568323135,0.005206448026001453,-5.203599452972412,35.89090347290039,0.00019999999494757503,0.0005000000237487257,0.000616489676758647
22609920,0.3443763256072998,0.17349936068058014,0.007807470858097076,0.008054651319980621,-5.199280738830566,40.91685104370117,0.00019999999494757503,0.0005000000237487257,0.001006514299660921
22675456,0.3440895974636078,0.15750131011009216,0.007087559439241886,0.010569458827376366,-5.195929050445557,48.00237274169922,0.00019999999494757503,0.0005000000237487257,0.00017525255680084229
22740992,0.34380286931991577,0.3470792770385742,0.015618566423654556,0.010773967020213604,-5.193706512451172,34.379066467285156,0.00019999999494757503,0.0005000000237487257,0.0003205220273230225
22806528,0.34351617097854614,0.5542974472045898,0.024943385273218155,0.013336592353880405,-5.18714714050293,30.43621253967285,0.00019999999494757503,0.0005000000237487257,0.00010399511666037142
22872064,0.3432294428348541,0.5066409111022949,0.022798843681812286,0.015044131316244602,-5.1824164390563965,30.50438117980957,0.00019999999494757503,0.0005000000237487257,5.878087904420681e-05
22937600,0.3429427146911621,0.2107715755701065,0.009484721347689629,0.005458568688482046,-5.1807098388671875,39.85699462890625,0.00019999999494757503,0.0005000000237487257,0.0007880855118855834
23003136,0.3426559865474701,0.19410069286823273,0.008734531700611115,0.006908000912517309,-5.171279430389404,29.340103149414062,0.00019999999494757503,0.0005000000237487257,0.0024543260224163532
23068672,0.34236928820610046,1.4108840227127075,0.06348977982997894,0.0351729616522789,-5.16770076751709,4.27584981918335,0.00019999999494757503,0.0005000000237487257,0.00015108160732779652
23134208,0.34208256006240845,0.36523038148880005,0.016435367986559868,0.010848972015082836,-5.162179946899414,50.99187088012695,0.00019999999494757503,0.0005000000237487257,4.1152441554004326e-05
23199744,0.34179583191871643,0.3844691216945648,0.017301110550761223,0.005358110181987286,-5.158734321594238,43.434913635253906,0.00019999999494757503,0.0005000000237487257,0.000129298452520743
23265280,0.3415091335773468,0.6954197287559509,0.03129388764500618,0.0069535402581095695,-5.154628753662109,31.69942283630371,0.00019999999494757503,0.0005000000237487257,0.00039622318581677973
23330816,0.3412224054336548,0.5784906148910522,0.02603207714855671,0.007648966740816832,-5.1525797843933105,29.547256469726562,0.00019999999494757503,0.0005000000237487257,0.0008783391094766557
23396352,0.34093567728996277,0.178729847073555,0.008042844012379646,0.003960209898650646,-5.147413730621338,35.45795440673828,0.00019999999494757503,0.0005000000237487257,0.001283340505324304
23461888,0.34064894914627075,0.15694180130958557,0.007062382064759731,0.003253048751503229,-5.144503593444824,37.73468017578125,0.00019999999494757503,0.0005000000237487257,0.006119256839156151
23527424,0.3403622508049011,0.14125896990299225,0.00635665375739336,0.004568914882838726,-5.143336296081543,45.28670883178711,0.00019999999494757503,0.0005000000237487257,0.0007243896252475679
23592960,0.3400755226612091,0.9315916895866394,0.04192163050174713,0.00790167972445488,-5.142990589141846,27.994245529174805,0.00019999999494757503,0.0005000000237487257,0.00012819451512768865
23658496,0.3397887945175171,0.45549455285072327,0.020497256889939308,0.007151156663894653,-5.136999130249023,34.729331970214844,0.00019999999494757503,0.0005000000237487257,6.0369158745743334e-05
23724032,0.3395020663738251,0.20167045295238495,0.009075170382857323,0.004330954980105162,-5.131374359130859,33.196205139160156,0.00019999999494757503,0.0005000000237487257,0.0002352325536776334
23789568,0.33921536803245544,0.2078748494386673,0.009354367852210999,0.004316824022680521,-5.126701354980469,34.10081100463867,0.00019999999494757503,0.0005000000237487257,0.0013490195851773024
23855104,0.3389286398887634,0.14378201961517334,0.006470190826803446,0.00486697256565094,-5.1227850914001465,30.356300354003906,0.00019999999494757503,0.0005000000237487257,0.000355779193341732
23920640,0.3386419117450714,0.13193386793136597,0.00593702495098114,0.004666523542255163,-5.119365692138672,32.93586730957031,0.00019999999494757503,0.0005000000237487257,0.0003863043966703117
23986176,0.3383552134037018,0.6035114526748657,0.027158016338944435,0.009081610478460789,-5.1138596534729,35.86836624145508,0.00019999999494757503,0.0005000000237487257,0.0012139254249632359
24051712,0.33806848526000977,0.494732528924942,0.02226296253502369,0.008837739005684853,-5.109614372253418,39.22998046875,0.00019999999494757503,0.0005000000237487257,9.441541624255478e-05
24117248,0.33778175711631775,0.27102020382881165,0.012195908464491367,0.007542594335973263,-5.104971408843994,37.405784606933594,0.00019999999494757503,0.0005000000237487257,8.100343256955966e-05
24182784,0.33749502897262573,0.18457765877246857,0.008305994793772697,0.01090962253510952,-5.097135543823242,36.98673629760742,0.00019999999494757503,0.0005000000237487257,0.0006262931856326759
24248320,0.3372083306312561,0.17446380853652954,0.007850871421396732,0.004536873660981655,-5.091716289520264,31.64829444885254,0.00019999999494757503,0.0005000000237487257,0.0004899690975435078
24313856,0.3369216024875641,0.15099979937076569,0.006794990971684456,0.004679086618125439,-5.094864845275879,31.29876708984375,0.00019999999494757503,0.0005000000237487257,9.865071478998289e-05
24379392,0.33663487434387207,0.49629300832748413,0.022333186119794846,0.00821019522845745,-5.087646007537842,35.722068786621094,0.00019999999494757503,0.0005000000237487257,0.000498255540151149
24444928,0.33634814620018005,0.4847930073738098,0.02181568741798401,0.007484849542379379,-5.081878662109375,38.15507888793945,0.00019999999494757503,0.0005000000237487257,0.0002054896904155612
24510464,0.3360614478588104,0.2988303303718567,0.01344736572355032,0.00656504463404417,-5.076765060424805,37.29206466674805,0.00019999999494757503,0.0005000000237487257,6.056042911950499e-05
24576000,0.3357747197151184,0.19863498210906982,0.008938574232161045,0.0053861974738538265,-5.074070453643799,33.60384750366211,0.00019999999494757503,0.0005000000237487257,0.00036559702130034566
24641536,0.3354879915714264,0.1925324946641922,0.008663962595164776,0.007223390508443117,-5.066877365112305,26.693599700927734,0.00019999999494757503,0.0005000000237487257,0.0012233186280354857
24707072,0.33520129323005676,1.6627508401870728,0.0748237892985344,0.034712474793195724,-5.062419891357422,4.259350299835205,0.00019999999494757503,0.0005000000237487257,0.00015005102613940835
24772608,0.33491456508636475,0.49382856488227844,0.022222284227609634,0.010097934864461422,-5.056665420532227,52.67813491821289,0.00019999999494757503,0.0005000000237487257,4.504519893089309e-05
24838144,0.33462783694267273,0.35181522369384766,0.015831684693694115,0.005732121877372265,-5.056466579437256,48.09705352783203,0.00019999999494757503,0.0005000000237487257,0.00014920326066203415
24903680,0.3343411087989807,0.6552562713623047,0.029486531391739845,0.005323071498423815,-5.054136753082275,32.42303466796875,0.00019999999494757503,0.0005000000237487257,0.0004169515159446746
24969216,0.3340544104576111,0.4855206608772278,0.02184843271970749,0.00459262914955616,-5.04762601852417,26.27899932861328,0.00019999999494757503,0.0005000000237487257,0.0009364075376652181
25034752,0.33376768231391907,0.15064609050750732,0.006779073737561703,0.004280833061784506,-5.0452880859375,39.76618576049805,0.00019999999494757503,0.0005000000237487257,0.001226774649694562
25100288,0.33348095417022705,0.16202953457832336,0.007291329558938742,0.005116861313581467,-5.0414533615112305,44.75572967529297,0.00019999999494757503,0.0005000000237487257,0.004850237630307674
25165824,0.33319422602653503,0.14565160870552063,0.006554322317242622,0.0048393746837973595,-5.039699554443359,29.62650489807129,0.00019999999494757503,0.0005000000237487257,0.0005694018909707665
25231360,0.3329075276851654,0.9670071005821228,0.04351532459259033,0.0053215124644339085,-5.036229133605957,30.013364791870117,0.00019999999494757503,0.0005000000237487257,0.0001177477024612017
25296896,0.3326207995414734,0.47431761026382446,0.021344294771552086,0.004907236434519291,-5.032907485961914,24.685955047607422,0.00019999999494757503,0.0005000000237487257,5.1122849981766194e-05
25362432,0.33233407139778137,0.2141459733247757,0.009636569768190384,0.0043456959538161755,-5.033235549926758,36.60896301269531,0.00019999999494757503,0.0005000000237487257,0.0001673066581133753
25427968,0.33204737305641174,0.1774212121963501,0.00798395462334156,0.006667951587587595,-5.023345470428467,31.71909523010254,0.00019999999494757503,0.0005000000237487257,0.0009844338055700064
25493504,0.3317606449127197,0.1426035761833191,0.006417160853743553,0.0047280313447117805,-5.019217491149902,29.224666595458984,0.00019999999494757503,0.0005000000237487257,0.0004965899279341102
25559040,0.3314739167690277,0.1292775273323059,0.005817488767206669,0.005425618030130863,-5.016355991363525,33.385894775390625,0.00019999999494757503,0.0005000000237487257,0.0005066543235443532
25624576,0.3311871886253357,0.690536618232727,0.031074151396751404,0.0054172333329916,-5.010416030883789,28.76551055908203,0.00019999999494757503,0.0005000000237487257,0.0010122007224708796
25690112,0.33090049028396606,0.381009042263031,0.01714540831744671,0.004997697658836842,-5.006721496582031,25.657243728637695,0.00019999999494757503,0.0005000000237487257,6.062318789190613e-05
25755648,0.33061376214027405,0.2145628184080124,0.009655328467488289,0.0055959708988666534,-5.002290725708008,36.10634994506836,0.00019999999494757503,0.0005000000237487257,0.00012949114898219705
25821184,0.33032703399658203,0.16875387728214264,0.007593924645334482,0.006143322680145502,-4.994687557220459,26.972026824951172,0.00019999999494757503,0.0005000000237487257,0.0006809196202084422
25886720,0.33004030585289,0.1571856141090393,0.007073352579027414,0.006441175937652588,-4.989227771759033,26.272401809692383,0.00019999999494757503,0.0005000000237487257,0.00045235134894028306
25952256,0.3297536075115204,0.13495640456676483,0.0060730380937457085,0.005251371767371893,-4.985830307006836,28.590620040893555,0.00019999999494757503,0.0005000000237487257,0.00015456374967470765
26017792,0.32946687936782837,0.559677243232727,0.025185476988554,0.0054907286539673805,-4.983630657196045,31.814510345458984,0.00019999999494757503,0.0005000000237487257,0.0006419126875698566
26083328,0.32918015122413635,0.6180170178413391,0.02781076543033123,0.006991622503846884,-4.978128433227539,27.332340240478516,0.00019999999494757503,0.0005000000237487257,0.0001404000213369727
26148864,0.3288934528827667,0.3529370427131653,0.01588216796517372,0.005015173926949501,-4.974906921386719,28.7626953125,0.00019999999494757503,0.0005000000237487257,5.5812102800700814e-05
26214400,0.3286067247390747,0.1943480670452118,0.008745664730668068,0.00610564649105072,-4.969551086425781,28.330921173095703,0.00019999999494757503,0.0005000000237487257,0.0009430626523680985
26279936,0.3283199965953827,0.18338628113269806,0.008252382278442383,0.006045210640877485,-4.965151786804199,24.254919052124023,0.00019999999494757503,0.0005000000237487257,0.0019312129588797688
26345472,0.3280332684516907,2.0471367835998535,0.09212115406990051,0.026456700637936592,-4.9592509269714355,28.260316848754883,0.00019999999494757503,0.0005000000237487257,0.00014161448052618653
26411008,0.32774657011032104,0.4594265818595886,0.020674197003245354,0.035167720168828964,-4.954676151275635,4.026644229888916,0.00019999999494757503,0.0005000000237487257,4.217387686367147e-05
26476544,0.32745984196662903,0.3554058372974396,0.015993261709809303,0.004453233443200588,-4.951115131378174,41.501277923583984,0.00019999999494757503,0.0005000000237487257,0.00013691782078240067
26542080,0.327173113822937,0.5913214683532715,0.026609469205141068,0.004786737263202667,-4.948273181915283,30.275890350341797,0.00019999999494757503,0.0005000000237487257,0.00040897473809309304
26607616,0.326886385679245,0.6764253973960876,0.030439145863056183,0.005340582691133022,-4.947021961212158,24.934864044189453,0.00019999999494757503,0.0005000000237487257,0.0012449010973796248
26673152,0.32659968733787537,0.18959690630435944,0.008531861007213593,0.006641214247792959,-4.945223808288574,39.12337875366211,0.00019999999494757503,0.0005000000237487257,0.000815254112239927
26738688,0.32631295919418335,0.12024695426225662,0.005411112681031227,0.006130382884293795,-4.940850734710693,43.11962890625,0.00019999999494757503,0.0005000000237487257,0.002628762973472476
26804224,0.32602623105049133,0.13415272533893585,0.00603687297552824,0.004495329689234495,-4.93646764755249,35.86359786987305,0.00019999999494757503,0.0005000000237487257,0.0006465133628807962
26869760,0.3257395327091217,0.8196436166763306,0.036883965134620667,0.005295946728438139,-4.928487777709961,27.327102661132812,0.00019999999494757503,0.0005000000237487257,0.00014749038382433355
26935296,0.3254528045654297,0.48589327931404114,0.021865198388695717,0.005563761107623577,-4.924038887023926,32.32231521606445,0.00019999999494757503,0.0005000000237487257,5.3954288887325674e-05
27000832,0.32516607642173767,0.1785317063331604,0.008033926598727703,0.005789084360003471,-4.918872356414795,37.06022262573242,0.00019999999494757503,0.0005000000237487257,0.00025372905656695366
27066368,0.32487934827804565,0.1768895387649536,0.007960029877722263,0.004816506057977676,-4.917718410491943,28.620723724365234,0.00019999999494757503,0.0005000000237487257,0.0014777658507227898
27131904,0.324592649936676,0.14861109852790833,0.006687499582767487,0.0045829229056835175,-4.912625789642334,22.374330520629883,0.00019999999494757503,0.0005000000237487257,0.0005930227926000953
27197440,0.324305921792984,0.14497821033000946,0.006524020805954933,0.004551193676888943,-4.907991409301758,24.45688819885254,0.00019999999494757503,0.0005000000237487257,0.0005483555723913014
27262976,0.324019193649292,0.5000653266906738,0.022502940148115158,0.007467079907655716,-4.90313196182251,29.46281623840332,0.00019999999494757503,0.0005000000237487257,0.0006380981649272144
27328512,0.3237324655056,0.2144516557455063,0.009650323539972305,0.004558818880468607,-4.897217273712158,28.446495056152344,0.00019999999494757503,0.0005000000237487257,6.292723992373794e-05
27394048,0.32344576716423035,0.16295218467712402,0.007332848850637674,0.0040474869310855865,-4.891923427581787,27.197359085083008,0.00019999999494757503,0.0005000000237487257,0.00012415529636200517
27459584,0.32315903902053833,0.13636144995689392,0.006136265583336353,0.0034831969533115625,-4.888499736785889,23.664306640625,0.00019999999494757503,0.0005000000237487257,0.0004567165451589972
27525120,0.3228723108768463,0.14162728190422058,0.0063732280395925045,0.004108451306819916,-4.885212421417236,22.180511474609375,0.00019999999494757503,0.0005000000237487257,0.0004262570000719279
27590656,0.3225856125354767,0.3328918218612671,0.01498013362288475,0.0030794229824095964,-4.881990909576416,23.960182189941406,0.00019999999494757503,0.0005000000237487257,0.00011539648403413594
27656192,0.32229888439178467,0.24094946682453156,0.01084272563457489,0.003150542499497533,-4.877809047698975,25.232534408569336,0.00019999999494757503,0.0005000000237487257,6.466293416451663e-05
27721728,0.32201215624809265,0.2318507432937622,0.010433284565806389,0.004467687103897333,-4.875683784484863,33.6309814453125,0.00019999999494757503,0.0005000000237487257,5.8142868510913104e-05
27787264,0.32172542810440063,0.21407729387283325,0.009633478708565235,0.006282321177423,-4.868122100830078,29.14263916015625,0.00019999999494757503,0.0005000000237487257,0.0001811385154724121
27852800,0.321438729763031,0.22510862350463867,0.010129889473319054,0.005686687771230936,-4.864071846008301,25.788921356201172,0.00019999999494757503,0.0005000000237487257,0.000266713323071599
27918336,0.321152001619339,0.18144099414348602,0.008164843544363976,0.0056069656275212765,-4.859306335449219,23.46807098388672,0.00019999999494757503,0.0005000000237487257,0.00018681029905565083
27983872,0.320865273475647,2.1574931144714355,0.09708719700574875,0.023861568421125412,-4.851858139038086,34.09476852416992,0.00019999999494757503,0.0005000000237487257,0.00014020693197380751
28049408,0.32057854533195496,0.543368399143219,0.02445157617330551,0.0052460310980677605,-4.851282596588135,31.513601303100586,0.00019999999494757503,0.0005000000237487257,4.332319076638669e-05
28114944,0.3202918469905853,0.20582053065299988,0.009261924773454666,0.00413148570805788,-4.851770401000977,36.879520416259766,0.00019999999494757503,0.0005000000237487257,0.00015412135689985007
28180480,0.3200051188468933,0.6356922388076782,0.028606152161955833,0.0047185542061924934,-4.846062660217285,25.789466857910156,0.00019999999494757503,0.0005000000237487257,0.00040337693644687533
28246016,0.3197183907032013,0.3401561677455902,0.015307027846574783,0.004084852058440447,-4.8415374755859375,21.272613525390625,0.00019999999494757503,0.0005000000237487257,0.0012071781093254685
28311552,0.31943169236183167,0.14928604662418365,0.006717872340232134,0.003873534733429551,-4.837625503540039,31.113727569580078,0.00019999999494757503,0.0005000000237487257,0.0009212283184751868
28377088,0.31914496421813965,0.13652968406677246,0.0061438363045454025,0.00302894227206707,-4.8335723876953125,26.58303451538086,0.00019999999494757503,0.0005000000237487257,0.002551184268668294
28442624,0.31885823607444763,0.13826152682304382,0.006221768446266651,0.0036232394631952047,-4.828887939453125,24.15695571899414,0.00019999999494757503,0.0005000000237487257,0.0005189388175494969
28508160,0.3185715079307556,1.0640660524368286,0.04788297414779663,0.003695134073495865,-4.830156326293945,19.611642837524414,0.00019999999494757503,0.0005000000237487257,0.0001274650130653754
28573696,0.318284809589386,0.5528805255889893,0.02487962320446968,0.004906367510557175,-4.826981544494629,19.391056060791016,0.00019999999494757503,0.0005000000237487257,5.7730394473765045e-05
28639232,0.31799808144569397,0.19523991644382477,0.008785796351730824,0.003348436439409852,-4.8206892013549805,28.000102996826172,0.00019999999494757503,0.0005000000237487257,0.00020967540331184864
28704768,0.31771135330200195,0.1743890941143036,0.00784750934690237,0.005292600020766258,-4.8138227462768555,25.708791732788086,0.00019999999494757503,0.0005000000237487257,0.0008084145374596119
28770304,0.31742462515830994,0.14230389893054962,0.006403675768524408,0.00456771906465292,-4.808040618896484,21.389972686767578,0.00019999999494757503,0.0005000000237487257,0.0003205211542081088
28835840,0.3171379268169403,0.13564379513263702,0.006103971041738987,0.003906912170350552,-4.806467056274414,23.053543090820312,0.00019999999494757503,0.0005000000237487257,0.00028290171758271754
28901376,0.3168511986732483,0.8579877614974976,0.038609448820352554,0.005450805649161339,-4.801676273345947,27.449962615966797,0.00019999999494757503,0.0005000000237487257,0.00028090845444239676
28966912,0.3165644705295563,0.36167237162590027,0.016275256872177124,0.004468914587050676,-4.797481060028076,20.687908172607422,0.00019999999494757503,0.0005000000237487257,4.8441994294989854e-05
29032448,0.31627777218818665,0.13174334168434143,0.005928450264036655,0.003856751834973693,-4.790596008300781,19.051061630249023,0.00019999999494757503,0.0005000000237487257,0.0003097289882134646
29097984,0.31599104404449463,0.17395946383476257,0.007828176021575928,0.004067837726324797,-4.789356708526611,24.226261138916016,0.00019999999494757503,0.0005000000237487257,0.0003466191701591015
29163520,0.3157043159008026,0.1298132687807083,0.005841596983373165,0.0033779593650251627,-4.785790920257568,18.543344497680664,0.00019999999494757503,0.0005000000237487257,8.453810005448759e-05
29229056,0.3154175877571106,0.2642955482006073,0.011893300339579582,0.0031843276228755713,-4.780141830444336,18.84396743774414,0.00019999999494757503,0.0005000000237487257,0.0001527530257590115
29294592,0.31513088941574097,0.2432214319705963,0.010944964364171028,0.002987360116094351,-4.777841567993164,22.316343307495117,0.00019999999494757503,0.0005000000237487257,0.00013061054050922394
29360128,0.31484416127204895,0.13167427480220795,0.005925342440605164,0.00335094821639359,-4.778741359710693,20.777280807495117,0.00019999999494757503,0.0005000000237487257,6.503364420495927e-05
29425664,0.31455743312835693,0.14168430864810944,0.00637579383328557,0.0033129912335425615,-4.7721266746521,22.941192626953125,0.00019999999494757503,0.0005000000237487257,0.00018860843556467444
29491200,0.3142707347869873,0.14857155084609985,0.006685719825327396,0.00411622179672122,-4.764559745788574,21.964462280273438,0.00019999999494757503,0.0005000000237487257,0.0002318072074558586
29556736,0.3139840066432953,0.37335604429244995,0.016801021993160248,0.004073629155755043,-4.759570121765137,22.576539993286133,0.00019999999494757503,0.0005000000237487257,7.48283855500631e-05
29622272,0.31369727849960327,2.146240234375,0.09658081084489822,0.01129425223916769,-4.752077579498291,56.321041107177734,0.00019999999494757503,0.0005000000237487257,0.00014049941091798246
29687808,0.31341055035591125,0.5881173014640808,0.02646527998149395,0.0069475965574383736,-4.7528276443481445,31.330520629882812,0.00019999999494757503,0.0005000000237487257,5.0159855163656175e-05
29753344,0.3131238520145416,0.3755300045013428,0.016898848116397858,0.00637854915112257,-4.747292518615723,30.96986961364746,0.00019999999494757503,0.0005000000237487257,0.00011550400085980073
29818880,0.3128371238708496,0.8392776250839233,0.03776749595999718,0.004224298056215048,-4.745080947875977,28.13960838317871,0.00019999999494757503,0.0005000000237487257,0.00028040868346579373
29884416,0.3125503957271576,0.8344829082489014,0.03755173832178116,0.005069848150014877,-4.7401885986328125,22.449134826660156,0.00019999999494757503,0.0005000000237487257,0.0010352415265515447
29949952,0.3122636675834656,0.3059583604335785,0.01376812718808651,0.003048592945560813,-4.740297794342041,27.201332092285156,0.00019999999494757503,0.0005000000237487257,0.0007375220884568989
30015488,0.31197696924209595,0.12400797009468079,0.005580359138548374,0.00247955322265625,-4.738561630249023,22.051210403442383,0.00019999999494757503,0.0005000000237487257,0.003130462719127536
30081024,0.31169024109840393,0.14926332235336304,0.006716849282383919,0.0038557329680770636,-4.735130786895752,22.936830520629883,0.00019999999494757503,0.0005000000237487257,0.0009022969170473516
30146560,0.3114035129547119,1.3572721481323242,0.06107725203037262,0.005529547110199928,-4.735986709594727,23.590293884277344,0.00019999999494757503,0.0005000000237487257,0.00017869890143629164
30212096,0.3111168146133423,0.5747888088226318,0.025865495204925537,0.004858737345784903,-4.735494136810303,18.167131423950195,0.00019999999494757503,0.0005000000237487257,5.3131421736907214e-05
30277632,0.31083008646965027,0.25378331542015076,0.011420250870287418,0.0033159214071929455,-4.735136985778809,21.896739959716797,0.00019999999494757503,0.0005000000237487257,0.00013773917453363538
30343168,0.31054335832595825,0.19806291162967682,0.008912831544876099,0.0032121113035827875,-4.736559867858887,21.568679809570312,0.00019999999494757503,0.0005000000237487257,0.0004191318294033408
30408704,0.31025663018226624,0.18534734845161438,0.008340630680322647,0.003988372161984444,-4.7348785400390625,21.7303466796875,0.00019999999494757503,0.0005000000237487257,0.0003666089614853263
30474240,0.3099699318408966,0.13732871413230896,0.006179791875183582,0.0036104461178183556,-4.736852169036865,18.4959716796875,0.00019999999494757503,0.0005000000237487257,0.0003573627909645438
30539776,0.3096832036972046,0.6904764771461487,0.03107144497334957,0.003612417494878173,-4.738983154296875,21.199039459228516,0.00019999999494757503,0.0005000000237487257,0.0009521677857264876
30605312,0.3093964755535126,0.465487539768219,0.020946940407156944,0.004340082406997681,-4.7460503578186035,19.826683044433594,0.00019999999494757503,0.0005000000237487257,4.739702126244083e-05
30670848,0.30910974740982056,0.2615653872489929,0.011770442128181458,0.0035786600783467293,-4.748711109161377,26.475976943969727,0.00019999999494757503,0.0005000000237487257,8.187785715563223e-05
30736384,0.3088230490684509,0.22195228934288025,0.009987853467464447,0.008055023849010468,-4.751574516296387,26.47676658630371,0.00019999999494757503,0.0005000000237487257,0.0005574757815338671
30801920,0.3085363209247589,0.1791098266839981,0.008059942163527012,0.005169591400772333,-4.7546539306640625,18.929216384887695,0.00019999999494757503,0.0005000000237487257,0.00038633786607533693
30867456,0.3082495927810669,0.13468511402606964,0.006060830317437649,0.0034679900854825974,-4.7551398277282715,22.666587829589844,0.00019999999494757503,0.0005000000237487257,0.00016782665625214577
30932992,0.30796289443969727,0.5051155090332031,0.02273019775748253,0.004272598773241043,-4.760522842407227,20.16956901550293,0.00019999999494757503,0.0005000000237487257,0.00044866534881293774
30998528,0.30767616629600525,0.7062320113182068,0.03178044408559799,0.004985245410352945,-4.7645392417907715,20.90494728088379,0.00019999999494757503,0.0005000000237487257,9.621886420063674e-05
31064064,0.30738943815231323,0.3746272325515747,0.01685822568833828,0.00372303556650877,-4.7691755294799805,25.718135833740234,0.00019999999494757503,0.0005000000237487257,5.0943395763169974e-05
31129600,0.3071027100086212,0.22508497536182404,0.010128824040293694,0.004844784736633301,-4.775538921356201,25.15304183959961,0.00019999999494757503,0.0005000000237487257,0.0004878927720710635
31195136,0.3068160116672516,0.2042897790670395,0.009193040430545807,0.004885573871433735,-4.777815818786621,22.92991828918457,0.00019999999494757503,0.0005000000237487257,0.0009100061724893749
31260672,0.30652928352355957,2.4574835300445557,0.1105867549777031,0.006002062000334263,-4.779196739196777,50.07770538330078,0.00019999999494757503,0.0005000000237487257,0.00012799717660527676
31326208,0.30624255537986755,0.5501667261123657,0.0247575081884861,0.0048712752759456635,-4.7847580909729,29.621389389038086,0.00019999999494757503,0.0005000000237487257,5.18261622346472e-05
31391744,0.30595582723617554,0.49290168285369873,0.022180575877428055,0.0028089508414268494,-4.7861433029174805,24.94233512878418,0.00019999999494757503,0.0005000000237487257,0.00013130561274010688
31457280,0.3056691288948059,0.6937330961227417,0.031217992305755615,0.003693276084959507,-4.7891130447387695,20.18402671813965,0.00019999999494757503,0.0005000000237487257,0.00025691738119348884
31522816,0.3053824007511139,0.9134182929992676,0.041103821247816086,0.004102374892681837,-4.7938432693481445,18.841745376586914,0.00019999999494757503,0.0005000000237487257,0.0009018130367621779
31588352,0.3050956726074219,0.3113996982574463,0.014012986794114113,0.00468394486233592,-4.796882152557373,31.958515167236328,0.00019999999494757503,0.0005000000237487257,0.0006546175573021173
31653888,0.30480897426605225,0.1576833426952362,0.007095750886946917,0.002811423735693097,-4.798460483551025,24.1312255859375,0.00019999999494757503,0.0005000000237487257,0.0021366423461586237
31719424,0.30452224612236023,0.16185641288757324,0.007283538114279509,0.003438824787735939,-4.7998199462890625,21.35169792175293,0.00019999999494757503,0.0005000000237487257,0.0006681351223960519
31784960,0.3042355179786682,0.8365300893783569,0.037643853574991226,0.004614167381078005,-4.8037943840026855,18.957727432250977,0.00019999999494757503,0.0005000000237487257,0.00015900758444331586
31850496,0.3039487898349762,0.5286125540733337,0.023787567391991615,0.0037792539224028587,-4.802313804626465,17.279232025146484,0.00019999999494757503,0.0005000000237487257,4.6802550059510395e-05
31916032,0.30366209149360657,0.24999114871025085,0.011249602772295475,0.003922240808606148,-4.80565881729126,27.100805282592773,0.00019999999494757503,0.0005000000237487257,0.0001613352505955845
31981568,0.30337536334991455,0.2870316505432129,0.012916424311697483,0.0040277536027133465,-4.810555458068848,25.402568817138672,0.00019999999494757503,0.0005000000237487257,0.0005397801287472248
32047104,0.30308863520622253,0.2524837255477905,0.01136176660656929,0.0028829583898186684,-4.813239097595215,22.480037689208984,0.00019999999494757503,0.0005000000237487257,0.0001727268099784851
32112640,0.3028019070625305,0.13279978930950165,0.005975990556180477,0.004095675423741341,-4.818958759307861,20.75160789489746,0.00019999999494757503,0.0005000000237487257,0.00034850157680921257
32178176,0.3025152087211609,0.5869778394699097,0.02641400322318077,0.004711982328444719,-4.8199005126953125,19.17737579345703,0.00019999999494757503,0.0005000000237487257,0.0013662641867995262
32243712,0.30222848057746887,0.4920392632484436,0.022141769528388977,0.005544650834053755,-4.820237159729004,16.544002532958984,0.00019999999494757503,0.0005000000237487257,7.823637861292809e-05
32309248,0.30194175243377686,0.26979100704193115,0.012140595354139805,0.0035074884071946144,-4.8229827880859375,21.044361114501953,0.00019999999494757503,0.0005000000237487257,5.657314613927156e-05
32374784,0.3016550540924072,0.2593066394329071,0.011668799445033073,0.0059191142208874226,-4.825901031494141,23.66813850402832,0.00019999999494757503,0.0005000000237487257,0.00029079258092679083
32440320,0.3013683259487152,0.21542586386203766,0.009694164618849754,0.004165468271821737,-4.830785274505615,21.879295349121094,0.00019999999494757503,0.0005000000237487257,0.00033383979462087154
32505856,0.3010815978050232,0.27071014046669006,0.012181956321001053,0.003916407469660044,-4.8307647705078125,23.502601623535156,0.00019999999494757503,0.0005000000237487257,9.499565931037068e-05
32571392,0.3007948696613312,0.2775951027870178,0.012491780333220959,0.004335247445851564,-4.834421157836914,18.06064224243164,0.00019999999494757503,0.0005000000237487257,0.0001389281387673691
32636928,0.30050817131996155,0.2402050793170929,0.010809228755533695,0.0030592274852097034,-4.83643102645874,19.937923431396484,0.00019999999494757503,0.0005000000237487257,0.00011044740676879883
32702464,0.30022144317626953,0.14843031764030457,0.00667936448007822,0.0035382229834795,-4.841813564300537,18.558629989624023,0.00019999999494757503,0.0005000000237487257,0.00020682180183939636
32768000,0.2999347150325775,0.148075670003891,0.006663404405117035,0.003819833043962717,-4.844884872436523,20.103160858154297,0.00019999999494757503,0.0005000000237487257,0.0006425433093681931
32833536,0.2996479868888855,0.2143247276544571,0.009644612669944763,0.0036291172727942467,-4.847022533416748,19.341585159301758,0.00019999999494757503,0.0005000000237487257,0.00048093911027535796
32899072,0.29936128854751587,2.5779857635498047,0.11600935459136963,0.005384898744523525,-4.853212833404541,47.74016571044922,0.00019999999494757503,0.0005000000237487257,0.00013012380804866552
32964608,0.29907456040382385,0.7572294473648071,0.03407532349228859,0.005262552760541439,-4.859387397766113,27.10927391052246,0.00019999999494757503,0.0005000000237487257,4.7246718168025836e-05
33030144,0.29878783226013184,0.6801013350486755,0.030604565516114235,0.0034497336018830538,-4.862654685974121,31.358509063720703,0.00019999999494757503,0.0005000000237487257,0.00013177881191950291
33095680,0.2985011339187622,0.34280428290367126,0.015426194295287132,0.004294963553547859,-4.867513656616211,33.379356384277344,0.00019999999494757503,0.0005000000237487257,0.00024333274632226676
33161216,0.2982144057750702,0.4714645445346832,0.021215906366705894,0.004530377686023712,-4.870999336242676,26.72344970703125,0.00019999999494757503,0.0005000000237487257,0.0008609340293332934
33226752,0.2979276776313782,0.35657399892807007,0.01604583114385605,0.0031517487950623035,-4.876650333404541,24.721115112304688,0.00019999999494757503,0.0005000000237487257,0.0005000382661819458
33292288,0.29764094948768616,0.15298639237880707,0.006884388159960508,0.003252837574109435,-4.880639553070068,25.082109451293945,0.00019999999494757503,0.0005000000237487257,0.0007658543763682246
33357824,0.29735425114631653,0.1357150375843048,0.006107176188379526,0.0038776483852416277,-4.880444526672363,20.708507537841797,0.00019999999494757503,0.0005000000237487257,0.0008001900278031826
33423360,0.2970675230026245,0.7798283100128174,0.035092275589704514,0.0035423138178884983,-4.8836846351623535,18.796710968017578,0.00019999999494757503,0.0005000000237487257,0.00015709568106103688
33488896,0.2967807948589325,0.41647017002105713,0.01874115876853466,0.0037945692893117666,-4.887059211730957,19.631271362304688,0.00019999999494757503,0.0005000000237487257,6.619273335672915e-05
33554432,0.2964940667152405,0.22628134489059448,0.010182660073041916,0.0036140945740044117,-4.888763904571533,24.82965660095215,0.00019999999494757503,0.0005000000237487257,0.00020916452922392637
33619968,0.29620736837387085,0.3032262325286865,0.013645180501043797,0.0037441705353558064,-4.892755508422852,20.468463897705078,0.00019999999494757503,0.0005000000237487257,0.0008857971988618374
33685504,0.29592064023017883,0.2519632577896118,0.01133834756910801,0.0033638987224549055,-4.896434307098389,21.269975662231445,0.00019999999494757503,0.0005000000237487257,0.0002525838790461421
33751040,0.2956339120864868,0.1882786601781845,0.00847254041582346,0.004782362375408411,-4.9015655517578125,23.02849769592285,0.00019999999494757503,0.0005000000237487257,0.00016710039926692843
33816576,0.2953472137451172,0.34839537739753723,0.015677792951464653,0.0034856563434004784,-4.904980659484863,27.577312469482422,0.00019999999494757503,0.0005000000237487257,0.000656064716167748
33882112,0.29506048560142517,0.13124871253967285,0.00590619258582592,0.004689750261604786,-4.906773090362549,26.946500778198242,0.00019999999494757503,0.0005000000237487257,0.00010652364289853722
33947648,0.29477375745773315,0.13597531616687775,0.006118889898061752,0.0038660112768411636,-4.9104838371276855,24.995332717895508,0.00019999999494757503,0.0005000000237487257,0.00013381849566940218
34013184,0.29448702931404114,0.5570219159126282,0.025065986439585686,0.0030341632664203644,-4.913930416107178,24.132015228271484,0.00019999999494757503,0.0005000000237487257,0.00025312654906883836
34078720,0.2942003309726715,0.5535506010055542,0.02490977570414543,0.0038113112095743418,-4.912829875946045,21.71164321899414,0.00019999999494757503,0.0005000000237487257,0.00012596089800354093
34144256,0.2939136028289795,0.35403579473495483,0.015931611880660057,0.004619868937879801,-4.912395477294922,25.87720489501953,0.00019999999494757503,0.0005000000237487257,5.823267565574497e-05
34209792,0.2936268746852875,0.17119161784648895,0.007703622803092003,0.003576069138944149,-4.9155683517456055,21.773820877075195,0.00019999999494757503,0.0005000000237487257,0.00020855745242442936
34275328,0.29334014654159546,0.1556369513273239,0.0070036631077528,0.004358968697488308,-4.919709205627441,18.73978042602539,0.00019999999494757503,0.0005000000237487257,0.00034808271448127925
34340864,0.29305344820022583,0.6047252416610718,0.027212632820010185,0.004035609308630228,-4.924864768981934,24.0904483795166,0.00019999999494757503,0.0005000000237487257,0.0001625336444703862
34406400,0.2927667200565338,0.26140284538269043,0.011763129383325577,0.0035915847402065992,-4.927204608917236,22.73345184326172,0.00019999999494757503,0.0005000000237487257,7.711751095484942e-05
34471936,0.2924799919128418,0.14651736617088318,0.006593281868845224,0.004059833474457264,-4.929008483886719,18.125146865844727,0.00019999999494757503,0.0005000000237487257,0.00035966007271781564
34537472,0.29219329357147217,2.6779136657714844,0.12050611525774002,0.007053393870592117,-4.933342933654785,52.2502555847168,0.00019999999494757503,0.0005000000237487257,0.00011195385741302744
34603008,0.29190656542778015,0.7994783520698547,0.035976529121398926,0.00362288486212492,-4.935907363891602,35.32963943481445,0.00019999999494757503,0.0005000000237487257,5.3158379159867764e-05
34668544,0.29161983728408813,0.6157535314559937,0.027708914130926132,0.004113082308322191,-4.941532135009766,41.6739387512207,0.00019999999494757503,0.0005000000237487257,0.00011308636021567509
34734080,0.2913331091403961,0.46682512760162354,0.021007131785154343,0.00479539018124342,-4.94796895980835,35.99346160888672,0.00019999999494757503,0.0005000000237487257,0.00023613886150997132
34799616,0.2910464107990265,0.44126439094543457,0.019856898114085197,0.004403437487781048,-4.949869155883789,26.392810821533203,0.00019999999494757503,0.0005000000237487257,0.0009534969576634467
34865152,0.2907596826553345,0.33235180377960205,0.01495583076030016,0.004603895358741283,-4.953365802764893,36.259788513183594,0.00019999999494757503,0.0005000000237487257,0.0005906946025788784
34930688,0.29047295451164246,0.14875665307044983,0.0066940500400960445,0.0045754676684737206,-4.955511093139648,23.408605575561523,0.00019999999494757503,0.0005000000237487257,0.0004920217324979603
34996224,0.29018622636795044,0.14412511885166168,0.006485629826784134,0.007025947328656912,-4.958214282989502,22.910188674926758,0.00019999999494757503,0.0005000000237487257,0.0008812201558612287
35061760,0.2898995280265808,0.7954452037811279,0.03579503297805786,0.0038819860201328993,-4.960366249084473,20.410091400146484,0.00019999999494757503,0.0005000000237487257,0.00017290064715780318
35127296,0.2896127998828888,0.41368669271469116,0.018615901470184326,0.0038291090168058872,-4.9657721519470215,21.994184494018555,0.00019999999494757503,0.0005000000237487257,5.325808888301253e-05
35192832,0.2893260717391968,0.22391104698181152,0.010075997561216354,0.004153168760240078,-4.969207286834717,33.08731460571289,0.00019999999494757503,0.0005000000237487257,0.0002206486969953403
35258368,0.28903937339782715,0.32647642493247986,0.01469143945723772,0.0050134253688156605,-4.969827175140381,19.892824172973633,0.00019999999494757503,0.0005000000237487257,0.0006321613909676671
35323904,0.28875264525413513,0.24737773835659027,0.011132000014185905,0.0035302024334669113,-4.972489356994629,17.730812072753906,0.00019999999494757503,0.0005000000237487257,0.00024817537632770836
35389440,0.2884659171104431,0.17638251185417175,0.007937213405966759,0.003913956694304943,-4.9763593673706055,19.61669921875,0.00019999999494757503,0.0005000000237487257,0.0001995053462451324
35454976,0.2881791889667511,0.940506637096405,0.0423227958381176,0.004241385497152805,-4.979762554168701,23.622053146362305,0.00019999999494757503,0.0005000000237487257,0.00042148702777922153
35520512,0.28789249062538147,0.273188054561615,0.012293463572859764,0.004131023772060871,-4.981791019439697,26.322315216064453,0.00019999999494757503,0.0005000000237487257,6.75590563332662e-05
35586048,0.28760576248168945,0.1280493140220642,0.005762219429016113,0.003831010079011321,-4.988804817199707,22.746320724487305,0.00019999999494757503,0.0005000000237487257,0.00021466612815856934
35651584,0.28731903433799744,0.400485634803772,0.018021855503320694,0.0027416511438786983,-4.992834568023682,21.296052932739258,0.00019999999494757503,0.0005000000237487257,0.000301882071653381
35717120,0.2870323061943054,0.4793190062046051,0.021569356322288513,0.0038362357299774885,-4.99540376663208,21.828115463256836,0.00019999999494757503,0.0005000000237487257,0.00010068300616694614
35782656,0.2867456078529358,0.23640577495098114,0.010638260282576084,0.005166434682905674,-4.993762016296387,22.57266616821289,0.00019999999494757503,0.0005000000237487257,5.331462307367474e-05
35848192,0.2864588797092438,0.18496833741664886,0.008323575370013714,0.004340626299381256,-4.995555400848389,22.80182647705078,0.00019999999494757503,0.0005000000237487257,0.0003819275298155844
35913728,0.28617215156555176,0.15092484652996063,0.006791618652641773,0.003450770629569888,-4.997142791748047,17.250885009765625,0.00019999999494757503,0.0005000000237487257,0.00022652314510196447
35979264,0.28588545322418213,0.13525129854679108,0.006086308509111404,0.004777860827744007,-5.00449800491333,22.14959144592285,0.00019999999494757503,0.0005000000237487257,0.0003439473221078515
36044800,0.2855987250804901,0.24789856374263763,0.011155436746776104,0.002966456115245819,-5.008470058441162,18.822769165039062,0.00019999999494757503,0.0005000000237487257,0.00017919081437867135
36110336,0.2853119969367981,0.19810305535793304,0.008914638310670853,0.0033820897806435823,-5.010008335113525,20.820711135864258,0.00019999999494757503,0.0005000000237487257,0.000115983173600398
36175872,0.2850252687931061,2.839020013809204,0.12775591015815735,0.03598508983850479,-5.016573905944824,19.324623107910156,0.00019999999494757503,0.0005000000237487257,0.00010652479977579787
36241408,0.28473857045173645,1.5300920009613037,0.06885413825511932,0.00489441491663456,-5.019523620605469,42.7567138671875,0.00019999999494757503,0.0005000000237487257,4.202072159387171e-05
36306944,0.28445184230804443,0.8424823880195618,0.037911709398031235,0.004485097713768482,-5.0233073234558105,40.27742004394531,0.00019999999494757503,0.0005000000237487257,0.00011112620995845646
36372480,0.2841651141643524,0.5345752239227295,0.024055885151028633,0.003998397849500179,-5.0295891761779785,30.423572540283203,0.00019999999494757503,0.0005000000237487257,0.00021654399461112916
36438016,0.2838783860206604,0.5545393824577332,0.02495427429676056,0.00444381358101964,-5.03279972076416,32.681854248046875,0.00019999999494757503,0.0005000000237487257,0.0005771433934569359
36503552,0.28359168767929077,0.31637895107269287,0.014237054623663425,0.0027493429370224476,-5.03776216506958,26.520017623901367,0.00019999999494757503,0.0005000000237487257,0.00042352452874183655
36569088,0.28330495953559875,0.15680475533008575,0.007056213915348053,0.0036818881053477526,-5.040114402770996,24.867965698242188,0.00019999999494757503,0.0005000000237487257,0.0004482247168198228
36634624,0.28301823139190674,0.24090230464935303,0.010840603150427341,0.003322239499539137,-5.044196128845215,21.121707916259766,0.00019999999494757503,0.0005000000237487257,0.0002878251834772527
36700160,0.2827315330505371,0.5140836238861084,0.023133764043450356,0.004219935275614262,-5.048162460327148,25.532506942749023,0.00019999999494757503,0.0005000000237487257,4.604781133821234e-05
36765696,0.2824448049068451,0.4207935929298401,0.018935712054371834,0.0035377992317080498,-5.047950744628906,20.650386810302734,0.00019999999494757503,0.0005000000237487257,4.724545942735858e-05
36831232,0.2821580767631531,0.31946831941604614,0.014376075007021427,0.003574358532205224,-5.048739910125732,25.094383239746094,0.00019999999494757503,0.0005000000237487257,0.00019033296848647296
36896768,0.28187134861946106,0.25781258940696716,0.011601568199694157,0.004094361327588558,-5.049807071685791,21.480464935302734,0.00019999999494757503,0.0005000000237487257,0.00040837694541551173
36962304,0.28158465027809143,0.341079443693161,0.015348576009273529,0.003749020164832473,-5.050443172454834,21.368120193481445,0.00019999999494757503,0.0005000000237487257,0.00015351461479440331
37027840,0.2812979221343994,0.6532485485076904,0.029396183788776398,0.005107525270432234,-5.050649166107178,18.93152618408203,0.00019999999494757503,0.0005000000237487257,4.431614433997311e-05
37093376,0.2810111939907074,0.33950749039649963,0.015277840197086334,0.0036007349845021963,-5.052404880523682,19.199771881103516,0.00019999999494757503,0.0005000000237487257,6.986322114244103e-05
37158912,0.2807244658470154,0.21978721022605896,0.009890425018966198,0.0038972559850662947,-5.056914329528809,19.40968894958496,0.00019999999494757503,0.0005000000237487257,0.0007814849959686399
37224448,0.28043776750564575,0.19096222519874573,0.008593302220106125,0.0035658960696309805,-5.057598114013672,19.67455291748047,0.00019999999494757503,0.0005000000237487257,0.0009346698061563075
37289984,0.28015103936195374,0.23148322105407715,0.010416745208203793,0.003472348442301154,-5.066352844238281,23.768774032592773,0.00019999999494757503,0.0005000000237487257,0.0002461218391545117
37355520,0.2798643112182617,0.3127148747444153,0.014072171412408352,0.002630406292155385,-5.069789886474609,21.871212005615234,0.00019999999494757503,0.0005000000237487257,0.00010905387171078473
37421056,0.2795776128768921,0.2564435601234436,0.011539961211383343,0.0038444011006504297,-5.072783470153809,19.824337005615234,0.00019999999494757503,0.0005000000237487257,0.00012896046973764896
37486592,0.2792908847332001,0.1285361647605896,0.005784126929938793,0.003978771157562733,-5.075843334197998,21.027915954589844,0.00019999999494757503,0.0005000000237487257,0.0002417061332380399
37552128,0.27900415658950806,0.11365319788455963,0.00511439424008131,0.0036264569498598576,-5.076766490936279,19.804569244384766,0.00019999999494757503,0.0005000000237487257,0.00019920185150112957
37617664,0.27871742844581604,0.4585641026496887,0.020635388791561127,0.0038411561399698257,-5.078958034515381,19.54056739807129,0.00019999999494757503,0.0005000000237487257,0.0008998321718536317
37683200,0.2784307301044464,0.3474882245063782,0.015636971220374107,0.003903368953615427,-5.081438064575195,25.7177734375,0.00019999999494757503,0.0005000000237487257,0.00012364322901703417
37748736,0.2781440019607544,0.25610047578811646,0.011524520814418793,0.0029637180268764496,-5.08723258972168,25.510007858276367,0.00019999999494757503,0.0005000000237487257,7.25799982319586e-05
37814272,0.2778572738170624,2.8661060333251953,0.1289747804403305,0.04348459467291832,-5.096292495727539,19.74094009399414,0.00019999999494757503,0.0005000000237487257,0.00010222582204733044
37879808,0.27757054567337036,1.07074773311615,0.04818364605307579,0.003531564027070999,-5.099018096923828,30.947978973388672,0.00019999999494757503,0.0005000000237487257,6.788595783291385e-05
37945344,0.27728384733200073,0.6453261375427246,0.02903968095779419,0.0032295146957039833,-5.1040778160095215,31.214319229125977,0.00019999999494757503,0.0005000000237487257,0.00012128609523642808
38010880,0.2769971191883087,0.7271324992179871,0.03272096440196037,0.003199036465957761,-5.106058120727539,22.820358276367188,0.00019999999494757503,0.0005000000237487257,0.00019332749070599675
38076416,0.2767103910446167,0.8170791268348694,0.03676856681704521,0.004189028404653072,-5.107475757598877,28.538108825683594,0.00019999999494757503,0.0005000000237487257,0.0006407948676496744
38141952,0.27642369270324707,0.32665932178497314,0.014699669554829597,0.002889313967898488,-5.110350608825684,25.30959701538086,0.00019999999494757503,0.0005000000237487257,0.0004658433608710766
38207488,0.27613696455955505,0.21437017619609833,0.009646659716963768,0.0033928838092833757,-5.112653732299805,25.826656341552734,0.00019999999494757503,0.0005000000237487257,0.0004212321946397424
38273024,0.27585023641586304,0.27389031648635864,0.012325065210461617,0.0038452281150966883,-5.119045734405518,24.877140045166016,0.00019999999494757503,0.0005000000237487257,0.0002942367864307016
38338560,0.275563508272171,0.4566535949707031,0.020549410954117775,0.0039175390265882015,-5.12072229385376,23.15380096435547,0.00019999999494757503,0.0005000000237487257,5.751985008828342e-05
38404096,0.2752768099308014,0.22133195400238037,0.009959938004612923,0.0037698906380683184,-5.1254425048828125,26.668010711669922,0.00019999999494757503,0.0005000000237487257,5.9490099374670535e-05
38469632,0.2749900817871094,0.24533586204051971,0.011040113866329193,0.0031063714995980263,-5.127772331237793,27.49329376220703,0.00019999999494757503,0.0005000000237487257,0.00027438788674771786
38535168,0.27470335364341736,0.26448294520378113,0.01190173253417015,0.0037108776159584522,-5.131436347961426,23.760868072509766,0.00019999999494757503,0.0005000000237487257,0.0006037605344317853
38600704,0.27441662549972534,0.6137936115264893,0.0276207122951746,0.003827100619673729,-5.13400411605835,22.984058380126953,0.00019999999494757503,0.0005000000237487257,0.00023555349616799504
38666240,0.2741299271583557,0.2868967652320862,0.012910354882478714,0.00327187473885715,-5.133330345153809,20.069435119628906,0.00019999999494757503,0.0005000000237487257,4.8375732148997486e-05
38731776,0.2738431990146637,0.4278757572174072,0.0192544087767601,0.0037560684140771627,-5.133106708526611,21.102420806884766,0.00019999999494757503,0.0005000000237487257,0.00013670808402821422
38797312,0.2735564708709717,0.1872100532054901,0.00842445157468319,0.0034743687137961388,-5.137554168701172,21.44891929626465,0.00019999999494757503,0.0005000000237487257,0.00032142153941094875
38862848,0.27326977252960205,0.1606348156929016,0.007228567264974117,0.0035154661163687706,-5.141545295715332,20.32792091369629,0.00019999999494757503,0.0005000000237487257,0.00048076247912831604
38928384,0.27298304438591003,0.25293469429016113,0.01138206198811531,0.003400565357878804,-5.147266864776611,24.89065170288086,0.00019999999494757503,0.0005000000237487257,0.0002633309632074088
38993920,0.272696316242218,0.356209397315979,0.016029423102736473,0.0028054534923285246,-5.149993419647217,20.000396728515625,0.00019999999494757503,0.0005000000237487257,7.37333029974252e-05
39059456,0.272409588098526,0.2345925271511078,0.010556663386523724,0.003104086732491851,-5.153287410736084,19.791776657104492,0.00019999999494757503,0.0005000000237487257,5.778056220151484e-05
39124992,0.27212288975715637,0.14640149474143982,0.006588066928088665,0.003516941098496318,-5.155089855194092,19.872161865234375,0.00019999999494757503,0.0005000000237487257,0.00018041057046502829
39190528,0.27183616161346436,0.1290912628173828,0.005809107329696417,0.0040287175215780735,-5.160942077636719,22.554439544677734,0.00019999999494757503,0.0005000000237487257,0.00014114474470261484
39256064,0.27154943346977234,0.16987067461013794,0.007644180208444595,0.0036610611714422703,-5.160252571105957,19.740142822265625,0.00019999999494757503,0.0005000000237487257,0.00047933237510733306
39321600,0.2712627053260803,0.266027569770813,0.011971239931881428,0.0038518980145454407,-5.161820411682129,23.702821731567383,0.00019999999494757503,0.0005000000237487257,0.00011584343883441761
39387136,0.2709760069847107,0.23611727356910706,0.010625278577208519,0.0038091540336608887,-5.164785861968994,27.832378387451172,0.00019999999494757503,0.0005000000237487257,4.8432473704451695e-05
39452672,0.2706892788410187,2.990525722503662,0.13457365334033966,0.031712137162685394,-5.175723075866699,6.3139753341674805,0.00019999999494757503,0.0005000000237487257,9.365287405671552e-05
39518208,0.27040255069732666,2.4420971870422363,0.10989437997341156,0.007378282491117716,-5.176388740539551,45.20463180541992,0.00019999999494757503,0.0005000000237487257,5.038555173086934e-05
39583744,0.27011585235595703,0.8822326064109802,0.0397004708647728,0.004650491289794445,-5.18100643157959,37.954532623291016,0.00019999999494757503,0.0005000000237487257,8.231426909333095e-05
39649280,0.269829124212265,0.5304034948348999,0.02386815845966339,0.00525302579626441,-5.18479061126709,29.137950897216797,0.00019999999494757503,0.0005000000237487257,0.00017221039161086082
39714816,0.269542396068573,0.7791045308113098,0.03505970537662506,0.003453920828178525,-5.184380054473877,24.886430740356445,0.00019999999494757503,0.0005000000237487257,0.0004002357891295105
39780352,0.269255667924881,0.414007306098938,0.01863032951951027,0.002632725751027465,-5.189949989318848,25.664716720581055,0.00019999999494757503,0.0005000000237487257,0.00026590307243168354
39845888,0.26896896958351135,0.1796288937330246,0.008083299733698368,0.002997982781380415,-5.192983150482178,26.082345962524414,0.00019999999494757503,0.0005000000237487257,0.0001919679925777018
39911424,0.26868224143981934,0.318362832069397,0.014326328411698341,0.003122674534097314,-5.196091651916504,21.32996368408203,0.00019999999494757503,0.0005000000237487257,0.00017091368499677628
39976960,0.2683955132961273,0.8620851039886475,0.038793835788965225,0.004956191871315241,-5.199892520904541,29.529314041137695,0.00019999999494757503,0.0005000000237487257,3.510769965942018e-05
40042496,0.2681087851524353,1.1039743423461914,0.04967884346842766,0.003933723084628582,-5.204239368438721,23.351394653320312,0.00019999999494757503,0.0005000000237487257,5.4179774451768026e-05
40108032,0.2678220868110657,0.4554235339164734,0.020494060590863228,0.002945541637018323,-5.206568241119385,19.223529815673828,0.00019999999494757503,0.0005000000237487257,0.0003441029111854732
40173568,0.26753535866737366,0.25892412662506104,0.011651584878563881,0.0033886523451656103,-5.206695556640625,22.871959686279297,0.00019999999494757503,0.0005000000237487257,0.0018005571328103542
40239104,0.26724863052368164,0.22767987847328186,0.010245595127344131,0.0032747865188866854,-5.210659503936768,23.021787643432617,0.00019999999494757503,0.0005000000237487257,0.0007246849127113819
40304640,0.266961932182312,1.0907437801361084,0.049083463847637177,0.004233330488204956,-5.216322422027588,26.784345626831055,0.00019999999494757503,0.0005000000237487257,0.00011217452265555039
40370176,0.26667520403862,0.8727039098739624,0.039271678775548935,0.003618099959567189,-5.2200164794921875,20.646595001220703,0.00019999999494757503,0.0005000000237487257,5.01473514304962e-05
40435712,0.266388475894928,0.3609118163585663,0.016241032630205154,0.002885624999180436,-5.218316555023193,20.584449768066406,0.00019999999494757503,0.0005000000237487257,0.00013489041884895414
40501248,0.26610174775123596,0.23046894371509552,0.010371102020144463,0.0030168122611939907,-5.2216901779174805,20.764663696289062,0.00019999999494757503,0.0005000000237487257,0.0007883880753070116
40566784,0.26581504940986633,0.17032557725906372,0.007664651609957218,0.0038325064815580845,-5.224473476409912,22.22588348388672,0.00019999999494757503,0.0005000000237487257,0.000495187530759722
40632320,0.2655283212661743,0.5020532608032227,0.022592395544052124,0.003559901611879468,-5.226954460144043,23.284805297851562,0.00019999999494757503,0.0005000000237487257,0.00021887010370846838
40697856,0.2652415931224823,0.3760737180709839,0.016923317685723305,0.00460183247923851,-5.229591369628906,21.55670928955078,0.00019999999494757503,0.0005000000237487257,3.8996728108031675e-05
40763392,0.26495489478111267,0.1357153356075287,0.006107190158218145,0.004332265350967646,-5.235328674316406,27.327293395996094,0.00019999999494757503,0.0005000000237487257,0.00023555400548502803
40828928,0.26466816663742065,0.13238471746444702,0.005957313347607851,0.004714549984782934,-5.237743854522705,24.20291519165039,0.00019999999494757503,0.0005000000237487257,0.0005858485819771886
40894464,0.26438143849372864,0.12146568298339844,0.005465955939143896,0.00415866868570447,-5.243159770965576,24.533906936645508,0.00019999999494757503,0.0005000000237487257,0.0004902795189991593
40960000,0.2640947103500366,0.5972044467926025,0.026874205097556114,0.003745391732081771,-5.2477312088012695,23.80215072631836,0.00019999999494757503,0.0005000000237487257,0.00010033837315859273
41025536,0.263808012008667,0.2505679130554199,0.011275555938482285,0.003039101604372263,-5.249018669128418,26.389917373657227,0.00019999999494757503,0.0005000000237487257,7.803898915881291e-05
41091072,0.263521283864975,2.792262554168701,0.12565183639526367,0.03897294029593468,-5.253363132476807,13.21371078491211,0.00019999999494757503,0.0005000000237487257,8.023311966098845e-05
41156608,0.26323455572128296,1.9521774053573608,0.0878479927778244,0.0035952269099652767,-5.2551398277282715,40.218963623046875,0.00019999999494757503,0.0005000000237487257,4.412472480908036e-05
41222144,0.26294782757759094,0.8025588989257812,0.036115147173404694,0.0040468391962349415,-5.2580037117004395,33.87900924682617,0.00019999999494757503,0.0005000000237487257,7.094892498571426e-05
41287680,0.2626611292362213,0.44674375653266907,0.020103469491004944,0.005028075538575649,-5.261788845062256,27.53814125061035,0.00019999999494757503,0.0005000000237487257,0.00017983456200454384
41353216,0.2623744010925293,0.6046620607376099,0.027209792286157608,0.003511234186589718,-5.264747142791748,25.88585662841797,0.00019999999494757503,0.0005000000237487257,0.00045523818698711693
41418752,0.2620876729488373,0.368825763463974,0.016597161069512367,0.003059291746467352,-5.270518779754639,25.80086326599121,0.00019999999494757503,0.0005000000237487257,0.00034758978290483356
41484288,0.26180097460746765,0.2215631753206253,0.009970343671739101,0.002794305793941021,-5.269509792327881,26.229616165161133,0.00019999999494757503,0.0005000000237487257,0.0002531231439206749
41549824,0.26151424646377563,0.33266109228134155,0.014969750307500362,0.0036520948633551598,-5.271867275238037,21.02942657470703,0.00019999999494757503,0.0005000000237487257,0.00019888790848199278
41615360,0.2612275183200836,0.6854941844940186,0.030847234651446342,0.0043955277651548386,-5.273793697357178,24.675640106201172,0.00019999999494757503,0.0005000000237487257,3.594420195440762e-05
41680896,0.2609407901763916,0.8889057636260986,0.040000759065151215,0.0038040082436054945,-5.282341480255127,26.413455963134766,0.00019999999494757503,0.0005000000237487257,4.7785084461793303e-05
41746432,0.260654091835022,0.4619278013706207,0.020786751061677933,0.0038082455284893513,-5.281675338745117,26.455463409423828,0.00019999999494757503,0.0005000000237487257,0.0002052184281637892
41811968,0.26036736369132996,0.2694335877895355,0.01212451234459877,0.0036397383082658052,-5.285904884338379,25.33467674255371,0.00019999999494757503,0.0005000000237487257,0.0007568272994831204
41877504,0.26008063554763794,0.20661252737045288,0.009297563694417477,0.0028738602995872498,-5.285586833953857,19.816753387451172,0.00019999999494757503,0.0005000000237487257,0.00032432592706754804
41943040,0.2597939074039459,0.7746567726135254,0.0348595567047596,0.0039583779871463776,-5.290347576141357,22.023744583129883,0.00019999999494757503,0.0005000000237487257,6.59025099594146e-05
42008576,0.2595072090625763,0.37879446148872375,0.017045751214027405,0.004093574360013008,-5.294133186340332,31.395858764648438,0.00019999999494757503,0.0005000000237487257,7.500586798414588e-05
42074112,0.2592204809188843,0.25378677248954773,0.01142040453851223,0.007481029257178307,-5.296141147613525,24.896934509277344,0.00019999999494757503,0.0005000000237487257,0.0011302951024845243
42139648,0.25893375277519226,0.21180638670921326,0.009531288407742977,0.003625539829954505,-5.29653263092041,21.46190643310547,0.00019999999494757503,0.0005000000237487257,0.0010353723773732781
42205184,0.25864705443382263,0.18019552528858185,0.008108798414468765,0.0036132987588644028,-5.2992167472839355,21.791278839111328,0.00019999999494757503,0.0005000000237487257,0.0003115503932349384
42270720,0.2583603262901306,0.44172853231430054,0.019877785816788673,0.002454950474202633,-5.306450843811035,23.807119369506836,0.00019999999494757503,0.0005000000237487257,0.00010864096111617982
42336256,0.2580735981464386,0.2635591924190521,0.011860163882374763,0.0040365103632211685,-5.306728363037109,22.6749324798584,0.00019999999494757503,0.0005000000237487257,7.293927046703175e-05
42401792,0.2577868700027466,0.12662144005298615,0.005697964690625668,0.0030325278639793396,-5.307415008544922,18.644466400146484,0.00019999999494757503,0.0005000000237487257,0.00020363519433885813
42467328,0.25750017166137695,0.11529569327831268,0.0051883067935705185,0.0034565057139843702,-5.310436248779297,27.243213653564453,0.00019999999494757503,0.0005000000237487257,0.00012619375775102526
42532864,0.25721344351768494,0.2515847980976105,0.011321316473186016,0.00293691735714674,-5.3096723556518555,20.016149520874023,0.00019999999494757503,0.0005000000237487257,0.0006457553245127201
42598400,0.2569267153739929,0.48507294058799744,0.021828284487128258,0.0036426247097551823,-5.317886829376221,26.06021499633789,0.00019999999494757503,0.0005000000237487257,0.00013760477304458618
42663936,0.2566399872303009,0.27039194107055664,0.012167638167738914,0.0031690718606114388,-5.325125694274902,28.25596046447754,0.00019999999494757503,0.0005000000237487257,6.866115290904418e-05
42729472,0.2563532888889313,2.9851629734039307,0.1343323439359665,0.004736736416816711,-5.329193592071533,50.81507873535156,0.00019999999494757503,0.0005000000237487257,8.71002339408733e-05
42795008,0.25606656074523926,2.005471706390381,0.09024623781442642,0.004512217361479998,-5.333257675170898,38.09321975708008,0.00019999999494757503,0.0005000000237487257,5.073467764304951e-05
42860544,0.25577983260154724,0.7867570519447327,0.03540407121181488,0.003011631779372692,-5.336282253265381,23.03838348388672,0.00019999999494757503,0.0005000000237487257,7.738987187622115e-05
42926080,0.2554931342601776,0.5795007944107056,0.02607754059135914,0.0031679756939411163,-5.337969779968262,25.438068389892578,0.00019999999494757503,0.0005000000237487257,0.0001807225780794397
42991616,0.2552064061164856,0.5596382021903992,0.025183720514178276,0.0034917169250547886,-5.341506004333496,22.058849334716797,0.00019999999494757503,0.0005000000237487257,0.0005395988118834794
43057152,0.2549196779727936,0.32860153913497925,0.014787069521844387,0.0029039576184004545,-5.346200466156006,30.978256225585938,0.00019999999494757503,0.0005000000237487257,0.0004228721372783184
43122688,0.25463294982910156,0.21207645535469055,0.009543441236019135,0.0038580968976020813,-5.349979877471924,30.40032196044922,0.00019999999494757503,0.0005000000237487257,0.00018808450840879232
43188224,0.25434625148773193,0.25583571195602417,0.011512607336044312,0.002860336797311902,-5.357285022735596,21.560943603515625,0.00019999999494757503,0.0005000000237487257,0.00016275880625471473
43253760,0.2540595233440399,0.7793668508529663,0.03507151082158089,0.003748153569176793,-5.357036590576172,28.292339324951172,0.00019999999494757503,0.0005000000237487257,3.1236326321959496e-05
43319296,0.2537727952003479,0.35076773166656494,0.015784550458192825,0.003325987607240677,-5.361791610717773,24.251102447509766,0.00019999999494757503,0.0005000000237487257,3.926171484636143e-05
43384832,0.2534860670566559,0.25251495838165283,0.01136317290365696,0.0038872493896633387,-5.36126184463501,26.456083297729492,0.00019999999494757503,0.0005000000237487257,0.0005234127165749669
43450368,0.25319936871528625,0.26024678349494934,0.011711105704307556,0.0035345505457371473,-5.361902713775635,24.07231330871582,0.00019999999494757503,0.0005000000237487257,0.000660648278426379
43515904,0.25291264057159424,0.36406567692756653,0.016382955014705658,0.0032587957102805376,-5.367498397827148,21.586742401123047,0.00019999999494757503,0.0005000000237487257,0.00021179395844228566
43581440,0.2526259124279022,0.5846661329269409,0.02630997635424137,0.0033097208943217993,-5.371203422546387,21.39566993713379,0.00019999999494757503,0.0005000000237487257,4.8775858886074275e-05
43646976,0.2523392140865326,0.31507402658462524,0.014178329147398472,0.0027916408143937588,-5.372514724731445,22.48227310180664,0.00019999999494757503,0.0005000000237487257,9.519436571281403e-05
43712512,0.2520524859428406,0.22325168550014496,0.01004632655531168,0.003567079547792673,-5.378355979919434,24.92300796508789,0.00019999999494757503,0.0005000000237487257,0.0005234080599620938
43778048,0.25176575779914856,0.1831672191619873,0.008242525160312653,0.0036471490748226643,-5.38256311416626,24.208919525146484,0.00019999999494757503,0.0005000000237487257,0.0005043257842771709
43843584,0.25147902965545654,0.397580087184906,0.017891107127070427,0.004421114921569824,-5.3858323097229,29.9189395904541,0.00019999999494757503,0.0005000000237487257,0.00013773248065263033
43909120,0.2511923313140869,0.18719159066677094,0.008423622697591782,0.002760516945272684,-5.3890790939331055,23.722482681274414,0.00019999999494757503,0.0005000000237487257,0.0001215271040564403
43974656,0.2509056031703949,0.26474931836128235,0.011913717724382877,0.004309139214456081,-5.388740539550781,25.193944931030273,0.00019999999494757503,0.0005000000237487257,0.0001753049436956644
44040192,0.2506188750267029,0.13572382926940918,0.006107572466135025,0.0033075616229325533,-5.390784740447998,22.720840454101562,0.00019999999494757503,0.0005000000237487257,5.8373032516101375e-05
44105728,0.25033214688301086,0.11936622858047485,0.005371480248868465,0.0029882637318223715,-5.397411346435547,23.56700897216797,0.00019999999494757503,0.0005000000237487257,7.656760863028467e-05
44171264,0.25004544854164124,0.3334748446941376,0.015006369911134243,0.0031973915174603462,-5.401557922363281,28.16948890686035,0.00019999999494757503,0.0005000000237487257,0.00038442554068751633
44236800,0.24975872039794922,0.6000856757164001,0.027003860101103783,0.004548176191747189,-5.402902603149414,30.602153778076172,0.00019999999494757503,0.0005000000237487257,6.170071719679981e-05
44302336,0.2494720071554184,0.36125048995018005,0.016256272792816162,0.003505484201014042,-5.4076104164123535,28.01231575012207,0.00019999999494757503,0.0005000000237487257,5.62376226298511e-05
44367872,0.24918527901172638,3.0015997886657715,0.1350720077753067,0.030929911881685257,-5.411569118499756,17.62171173095703,0.00019999999494757503,0.0005000000237487257,8.92123716766946e-05
44433408,0.24889856576919556,2.9797911643981934,0.1340906023979187,0.0035351309925317764,-5.41409969329834,41.215728759765625,0.00019999999494757503,0.0005000000237487257,3.0183258786564693e-05
44498944,0.24861183762550354,2.4851572513580322,0.11183208227157593,0.0054937792010605335,-5.417305946350098,42.76980972290039,0.00019999999494757503,0.0005000000237487257,2.191588282585144e-05
44564480,0.24832512438297272,0.9352335929870605,0.04208551347255707,0.004403751343488693,-5.42179012298584,31.019731521606445,0.00019999999494757503,0.0005000000237487257,0.00018833979265764356
44630016,0.2480383962392807,0.7746626138687134,0.03485981747508049,0.003491343930363655,-5.428014278411865,17.99883460998535,0.00019999999494757503,0.0005000000237487257,0.00012898253044113517
44695552,0.24775168299674988,0.4460185170173645,0.02007083222270012,0.002854800084605813,-5.4290242195129395,35.15570831298828,0.00019999999494757503,0.0005000000237487257,0.00024454735103063285
44761088,0.24746495485305786,0.1886681616306305,0.008490067906677723,0.002979705575853586,-5.433748245239258,25.552595138549805,0.00019999999494757503,0.0005000000237487257,0.00011073733912780881
44826624,0.24717824161052704,0.16377948224544525,0.007370076607912779,0.0032352430280297995,-5.437050819396973,21.562358856201172,0.00019999999494757503,0.0005000000237487257,9.934369882103056e-05
44892160,0.24689151346683502,0.4831736385822296,0.021742815151810646,0.0025954898446798325,-5.438122749328613,16.216693878173828,0.00019999999494757503,0.0005000000237487257,7.950970757519826e-05
44957696,0.2466048002243042,0.2606862187385559,0.011730880476534367,0.0036414386704564095,-5.441795825958252,27.15561294555664,0.00019999999494757503,0.0005000000237487257,5.466170114232227e-05
45023232,0.24631808698177338,0.18387632071971893,0.008274435065686703,0.003307957435026765,-5.443856239318848,35.061771392822266,0.00019999999494757503,0.0005000000237487257,0.0001738423597998917
45088768,0.24603135883808136,0.16660496592521667,0.0074972244910895824,0.0028902709018439054,-5.4458770751953125,22.38861846923828,0.00019999999494757503,0.0005000000237487257,0.0004106720443814993
45154304,0.24574464559555054,0.1996922791004181,0.008986153639853,0.0025933166034519672,-5.443917751312256,19.875980377197266,0.00019999999494757503,0.0005000000237487257,0.0002562922891229391
45219840,0.24545791745185852,0.6804004311561584,0.03061801940202713,0.003523689229041338,-5.448439598083496,25.14533233642578,0.00019999999494757503,0.0005000000237487257,4.163592529948801e-05
45285376,0.2451712042093277,0.3679758906364441,0.016558917239308357,0.0032124645076692104,-5.451194763183594,23.719369888305664,0.00019999999494757503,0.0005000000237487257,5.352419975679368e-05
45350912,0.24488447606563568,0.2122054249048233,0.009549245238304138,0.0035215632524341345,-5.453193187713623,20.65894317626953,0.00019999999494757503,0.0005000000237487257,0.00048651776160113513
45416448,0.24459776282310486,0.17533425986766815,0.007890041917562485,0.0031271623447537422,-5.458988189697266,18.742305755615234,0.00019999999494757503,0.0005000000237487257,0.0003553757269401103
45481984,0.24431103467941284,0.14858976006507874,0.006686539389193058,0.0032779076136648655,-5.462897777557373,21.359832763671875,0.00019999999494757503,0.0005000000237487257,0.00018460942374076694
45547520,0.24402432143688202,0.25912073254585266,0.011660434305667877,0.003034719033166766,-5.468005657196045,22.302364349365234,0.00019999999494757503,0.0005000000237487257,0.00033244065707549453
45613056,0.24373759329319,0.7269694805145264,0.032713621854782104,0.003583746962249279,-5.472794532775879,26.022748947143555,0.00019999999494757503,0.0005000000237487257,0.00017895700875669718
45678592,0.24345088005065918,0.20464439690113068,0.009208997711539268,0.0033033168874680996,-5.475537300109863,21.415512084960938,0.00019999999494757503,0.0005000000237487257,9.220840001944453e-05
45744128,0.24316416680812836,0.17024937272071838,0.007661222480237484,0.003097186330705881,-5.475257396697998,20.43804168701172,0.00019999999494757503,0.0005000000237487257,0.0004843477508984506
45809664,0.24287743866443634,0.5314907431602478,0.02391708642244339,0.0021454894449561834,-5.479405403137207,19.706939697265625,0.00019999999494757503,0.0005000000237487257,0.0006675500189885497
45875200,0.24259072542190552,0.5190912485122681,0.023359106853604317,0.0032523360569030046,-5.482330322265625,25.437721252441406,0.00019999999494757503,0.0005000000237487257,0.00010474138980498537
45940736,0.2423039972782135,0.2574934959411621,0.011587206274271011,0.003457240294665098,-5.488510608673096,25.35393714904785,0.00019999999494757503,0.0005000000237487257,0.00017717399168759584
46006272,0.24201728403568268,2.964555501937866,0.13340499997138977,0.004376900382339954,-5.491708755493164,54.401668548583984,0.00019999999494757503,0.0005000000237487257,8.509209146723151e-05
46071808,0.24173055589199066,3.010997772216797,0.1354949027299881,0.0038038946222513914,-5.495423793792725,39.27528762817383,0.00019999999494757503,0.0005000000237487257,3.624889359343797e-05
46137344,0.24144384264945984,2.6267359256744385,0.11820313334465027,0.0028207062277942896,-5.499906539916992,36.5040168762207,0.00019999999494757503,0.0005000000237487257,2.5211949832737446e-05
46202880,0.24115711450576782,1.2682548761367798,0.05707147717475891,0.003407432232052088,-5.499582290649414,26.323606491088867,0.00019999999494757503,0.0005000000237487257,0.0001682347065070644
46268416,0.240870401263237,1.1036202907562256,0.04966291785240173,0.004390501882880926,-5.5012664794921875,23.37501335144043,0.00019999999494757503,0.0005000000237487257,0.00010370348900323734
46333952,0.24058367311954498,0.47221800684928894,0.021249810233712196,0.002042410895228386,-5.502048492431641,32.35759735107422,0.00019999999494757503,0.0005000000237487257,0.00020944568677805364
46399488,0.24029695987701416,0.2328881174325943,0.010479966178536415,0.0024016567040234804,-5.502703666687012,27.208463668823242,0.00019999999494757503,0.0005000000237487257,0.0001023587683448568
46465024,0.24001024663448334,0.1895027756690979,0.008527625352144241,0.003338109701871872,-5.507483005523682,21.815975189208984,0.00019999999494757503,0.0005000000237487257,0.0001095791594707407
46530560,0.23972351849079132,0.3845888078212738,0.0173064973205328,0.0029679294675588608,-5.511157989501953,22.604557037353516,0.00019999999494757503,0.0005000000237487257,0.00010604344424791634
46596096,0.2394368052482605,0.4034157693386078,0.018153708428144455,0.0036389813758432865,-5.5146002769470215,23.746795654296875,0.00019999999494757503,0.0005000000237487257,6.973712152102962e-05
46661632,0.23915007710456848,0.35223478078842163,0.015850568190217018,0.0025390321388840675,-5.520444393157959,27.353527069091797,0.00019999999494757503,0.0005000000237487257,7.871478737797588e-05
46727168,0.23886336386203766,0.16994547843933105,0.007647546008229256,0.0035555369686335325,-5.521876335144043,25.762638092041016,0.00019999999494757503,0.0005000000237487257,0.0001852508430602029
46792704,0.23857663571834564,0.17846541106700897,0.00803094357252121,0.0028633875772356987,-5.523530960083008,18.218740463256836,0.00019999999494757503,0.0005000000237487257,0.0001529138971818611
46858240,0.23828992247581482,0.16006596386432648,0.007202968001365662,0.0036741462536156178,-5.526290416717529,17.729976654052734,0.00019999999494757503,0.0005000000237487257,7.888161053415388e-05
46923776,0.2380031943321228,0.30539587140083313,0.01374281570315361,0.003123836126178503,-5.52961540222168,21.0255126953125,0.00019999999494757503,0.0005000000237487257,7.25954887457192e-05
46989312,0.23771648108959198,0.3632480204105377,0.01634616032242775,0.0028499311301857233,-5.534405708312988,20.65228271484375,0.00019999999494757503,0.0005000000237487257,4.2657087760744616e-05
47054848,0.23742975294589996,0.21100705862045288,0.009495317935943604,0.003510857932269573,-5.538400173187256,21.975683212280273,0.00019999999494757503,0.0005000000237487257,0.00011154005187563598
47120384,0.23714303970336914,0.1958998441696167,0.008815493434667587,0.002948648761957884,-5.538234710693359,20.85755729675293,0.00019999999494757503,0.0005000000237487257,0.00010802064934978262
47185920,0.23685632646083832,0.2829115390777588,0.012731019407510757,0.004708726890385151,-5.537572383880615,31.382314682006836,0.00019999999494757503,0.0005000000237487257,5.4547803301829845e-05
47251456,0.2365695983171463,0.5545005202293396,0.024952523410320282,0.0037534162402153015,-5.543588638305664,25.37501335144043,0.00019999999494757503,0.0005000000237487257,2.1570063836406916e-05
47316992,0.23628288507461548,0.2631972134113312,0.011843876913189888,0.0028559176716953516,-5.551444053649902,24.780763626098633,0.00019999999494757503,0.0005000000237487257,4.887742397841066e-05
47382528,0.23599615693092346,0.20781037211418152,0.009351467713713646,0.003656175918877125,-5.553840160369873,23.27923583984375,0.00019999999494757503,0.0005000000237487257,0.0001868643594207242
47448064,0.23570944368839264,0.20827344059944153,0.009372304193675518,0.004032648168504238,-5.555752277374268,25.740554809570312,0.00019999999494757503,0.0005000000237487257,0.00018665676179807633
47513600,0.23542271554470062,0.1881050318479538,0.008464726619422436,0.003669902216643095,-5.557683944702148,22.89053726196289,0.00019999999494757503,0.0005000000237487257,5.684246207238175e-05
47579136,0.2351360023021698,0.2077455222606659,0.009348548017442226,0.003178087994456291,-5.561244487762451,22.04393768310547,0.00019999999494757503,0.0005000000237487257,0.0002258463209727779
47644672,0.23484927415847778,2.9766106605529785,0.133947491645813,0.003083375981077552,-5.568026542663574,38.524070739746094,0.00019999999494757503,0.0005000000237487257,8.153326052706689e-05
47710208,0.23456256091594696,3.0201785564422607,0.13590803742408752,0.004194535315036774,-5.570068836212158,56.71299743652344,0.00019999999494757503,0.0005000000237487257,2.3810172933735885e-05
47775744,0.23427583277225494,2.757266044616699,0.12407699227333069,0.004903644323348999,-5.572702407836914,38.896080017089844,0.00019999999494757503,0.0005000000237487257,1.8507476852391846e-05
47841280,0.23398911952972412,1.2967705726623535,0.058354683220386505,0.0025409923400729895,-5.5783514976501465,25.869247436523438,0.00019999999494757503,0.0005000000237487257,0.00017524216673336923
47906816,0.2337024062871933,1.41544508934021,0.0636950358748436,0.004004776012152433,-5.580958843231201,20.31812858581543,0.00019999999494757503,0.0005000000237487257,8.924270514398813e-05
47972352,0.23341567814350128,0.48587295413017273,0.021864285692572594,0.0020706444047391415,-5.584542274475098,34.31589126586914,0.00019999999494757503,0.0005000000237487257,0.0001676613901508972
48037888,0.23312896490097046,0.28723523020744324,0.012925585731863976,0.002175022615119815,-5.591277122497559,33.14354705810547,0.00019999999494757503,0.0005000000237487257,9.170886187348515e-05
48103424,0.23284223675727844,0.21443746984004974,0.009649686515331268,0.0034395051188766956,-5.596814155578613,27.32227897644043,0.00019999999494757503,0.0005000000237487257,6.3648636569269e-05
48168960,0.23255552351474762,0.14231446385383606,0.006404150277376175,0.0023586349561810493,-5.601567268371582,27.82646942138672,0.00019999999494757503,0.0005000000237487257,0.00011916423682123423
48234496,0.2322687953710556,0.5624822378158569,0.025311700999736786,0.003452415345236659,-5.600442409515381,33.853599548339844,0.00019999999494757503,0.0005000000237487257,0.00021244669915176928
48300032,0.23198208212852478,0.5936095714569092,0.026712428778409958,0.0039521330036222935,-5.6003804206848145,28.88858985900879,0.00019999999494757503,0.0005000000237487257,0.0001308501960011199
48365568,0.23169535398483276,0.32303139567375183,0.014536413364112377,0.002846843097358942,-5.602914333343506,31.309852600097656,0.00019999999494757503,0.0005000000237487257,0.0001539193035569042
48431104,0.23140864074230194,0.3067060112953186,0.013801771216094494,0.030805915594100952,-5.607758522033691,10.262614250183105,0.00019999999494757503,0.0005000000237487257,0.00032392906723544
48496640,0.23112191259860992,0.26220107078552246,0.011799048632383347,0.00404077535495162,-5.6072869300842285,23.647502899169922,0.00019999999494757503,0.0005000000237487257,0.0001682624570094049
48562176,0.2308351993560791,0.2058054655790329,0.00926124770194292,0.0028065091464668512,-5.610177993774414,24.06462287902832,0.00019999999494757503,0.0005000000237487257,6.554935680469498e-05
48627712,0.23054848611354828,0.2079705446958542,0.00935867428779602,0.0030184020288288593,-5.6165452003479,24.61141014099121,0.00019999999494757503,0.0005000000237487257,0.00019475966109894216
48693248,0.23026175796985626,0.16594946384429932,0.007467726245522499,0.0029274499975144863,-5.6203718185424805,23.22323989868164,0.00019999999494757503,0.0005000000237487257,0.00019319370039738715
48758784,0.22997504472732544,0.20068536698818207,0.00903084222227335,0.003325663274154067,-5.622654914855957,24.994373321533203,0.00019999999494757503,0.0005000000237487257,0.00017497205408290029
48824320,0.22968831658363342,0.24813102185726166,0.011165897361934185,0.0030036731623113155,-5.623045444488525,19.517057418823242,0.00019999999494757503,0.0005000000237487257,9.066785423783585e-05
48889856,0.2294016033411026,0.768578827381134,0.03458604961633682,0.003882648656144738,-5.628952503204346,22.133766174316406,0.00019999999494757503,0.0005000000237487257,3.802519495366141e-05
48955392,0.22911487519741058,0.3112782835960388,0.014007523655891418,0.0033221470657736063,-5.628271102905273,24.55054473876953,0.00019999999494757503,0.0005000000237487257,5.3031624702271074e-05
49020928,0.22882816195487976,0.1914818435907364,0.008616683073341846,0.0033405753783881664,-5.6340556144714355,23.23601722717285,0.00019999999494757503,0.0005000000237487257,0.0002818068314809352
49086464,0.22854143381118774,0.22041478753089905,0.009918666444718838,0.0032785043586045504,-5.63452672958374,19.98601531982422,0.00019999999494757503,0.0005000000237487257,0.00041883927769958973
49152000,0.22825472056865692,0.23980695009231567,0.010791313834488392,0.002604262437671423,-5.637763977050781,21.42511749267578,0.00019999999494757503,0.0005000000237487257,0.0001298778661293909
49217536,0.2279680073261261,0.2115795612335205,0.009521080181002617,0.003077030647546053,-5.641870975494385,19.08835220336914,0.00019999999494757503,0.0005000000237487257,0.00027582573238760233
49283072,0.22768127918243408,2.9417736530303955,0.13237980008125305,0.003292233217507601,-5.647818088531494,37.62453079223633,0.00019999999494757503,0.0005000000237487257,7.660595292691141e-05
49348608,0.22739456593990326,3.042879104614258,0.13692957162857056,0.003238390665501356,-5.650384426116943,48.64760971069336,0.00019999999494757503,0.0005000000237487257,3.815879608737305e-05
49414144,0.22710783779621124,2.8782365322113037,0.12952065467834473,0.003418504958972335,-5.654284954071045,26.773740768432617,0.00019999999494757503,0.0005000000237487257,2.0945131836924702e-05
49479680,0.22682112455368042,1.5335816144943237,0.06901117414236069,0.0033065122552216053,-5.657782077789307,30.958547592163086,0.00019999999494757503,0.0005000000237487257,0.00018182906205765903
49545216,0.2265343964099884,1.8024790287017822,0.08111156523227692,0.0037147924304008484,-5.659809112548828,21.667997360229492,0.00019999999494757503,0.0005000000237487257,8.362606604350731e-05
49610752,0.22624768316745758,0.6070706844329834,0.027318183332681656,0.0020603316370397806,-5.66387414932251,35.81941604614258,0.00019999999494757503,0.0005000000237487257,0.0001472534058848396
49676288,0.22596095502376556,0.29420697689056396,0.013239312916994095,0.003341483883559704,-5.666840553283691,43.19072723388672,0.00019999999494757503,0.0005000000237487257,6.82895552017726e-05
49741824,0.22567424178123474,0.24821271002292633,0.011169572360813618,0.002364251296967268,-5.6703643798828125,29.284074783325195,0.00019999999494757503,0.0005000000237487257,5.632240936392918e-05
49807360,0.22538751363754272,0.19212007522583008,0.008645403198897839,0.0023082755506038666,-5.673796653747559,31.469390869140625,0.00019999999494757503,0.0005000000237487257,9.896370465867221e-05
49872896,0.2251008003950119,0.641675591468811,0.028875403106212616,0.002473595319315791,-5.675378322601318,29.698583602905273,0.00019999999494757503,0.0005000000237487257,0.0002613338874652982
49938432,0.22481408715248108,0.8259218335151672,0.03716648370027542,0.003942200914025307,-5.680361270904541,32.698299407958984,0.00019999999494757503,0.0005000000237487257,0.0001198580430354923
50003968,0.22452735900878906,0.4456079304218292,0.020052358508110046,0.002413924317806959,-5.680752277374268,26.49666404724121,0.00019999999494757503,0.0005000000237487257,8.802425873000175e-05
50069504,0.22424064576625824,0.3206493556499481,0.01442921906709671,0.004280315712094307,-5.680666446685791,27.863826751708984,0.00019999999494757503,0.0005000000237487257,0.00030893817893229425
50135040,0.22395391762256622,0.2863834798336029,0.012887257151305676,0.0044585042633116245,-5.685520648956299,25.09484100341797,0.00019999999494757503,0.0005000000237487257,0.00015515342238359153
50200576,0.2236672043800354,1.0240414142608643,0.04608186334371567,0.0027616112492978573,-5.688235759735107,24.26741600036621,0.00019999999494757503,0.0005000000237487257,6.21555809630081e-05
50266112,0.22338047623634338,0.5670574307441711,0.02551758661866188,0.0036880664993077517,-5.69114875793457,29.988725662231445,0.00019999999494757503,0.0005000000237487257,6.19911152170971e-05
50331648,0.22309376299381256,0.23819631338119507,0.010718834586441517,0.00296976906247437,-5.692238807678223,21.089576721191406,0.00019999999494757503,0.0005000000237487257,0.0003090769168920815
50397184,0.22280703485012054,0.21464219689369202,0.009658899158239365,0.003242452396079898,-5.697837829589844,22.371442794799805,0.00019999999494757503,0.0005000000237487257,0.00014964990259613842
50462720,0.22252032160758972,0.21399034559726715,0.009629566222429276,0.004060473293066025,-5.6991143226623535,26.391313552856445,0.00019999999494757503,0.0005000000237487257,0.00012722922838293016
50528256,0.2222335934638977,0.7220113277435303,0.032490506768226624,0.0024264196399599314,-5.705285549163818,24.274730682373047,0.00019999999494757503,0.0005000000237487257,8.97225909284316e-05
50593792,0.22194688022136688,0.6879241466522217,0.030956584960222244,0.00342585239559412,-5.7070631980896,22.272502899169922,0.00019999999494757503,0.0005000000237487257,2.557051084295381e-05
50659328,0.22166016697883606,0.3761752247810364,0.016927888616919518,0.0036850939504802227,-5.706851959228516,28.79038429260254,0.00019999999494757503,0.0005000000237487257,7.500372885260731e-05
50724864,0.22137343883514404,0.2547602951526642,0.011464213952422142,0.0039603752084076405,-5.712617874145508,23.41185760498047,0.00019999999494757503,0.0005000000237487257,0.0005016929935663939
50790400,0.22108672559261322,0.7920464873313904,0.035642094910144806,0.0027743177488446236,-5.714481830596924,23.894018173217773,0.00019999999494757503,0.0005000000237487257,0.0003599052142817527
50855936,0.2207999974489212,0.4016338884830475,0.01807352527976036,0.0033257794566452503,-5.721638202667236,31.63542366027832,0.00019999999494757503,0.0005000000237487257,0.00012414705997798592
50921472,0.22051328420639038,2.965754747390747,0.1334589719772339,0.00493392301723361,-5.7261433601379395,43.02084732055664,0.00019999999494757503,0.0005000000237487257,7.328444917220622e-05
50987008,0.22022655606269836,3.0536885261535645,0.13741596043109894,0.002007775940001011,-5.728513240814209,35.0610466003418,0.00019999999494757503,0.0005000000237487257,3.5444296372588724e-05
51052544,0.21993984282016754,2.8031153678894043,0.12614020705223083,0.004505535587668419,-5.730508804321289,39.23908233642578,0.00019999999494757503,0.0005000000237487257,2.024530476774089e-05
51118080,0.21965311467647552,1.540311336517334,0.06931401044130325,0.002885357476770878,-5.734406471252441,23.389999389648438,0.00019999999494757503,0.0005000000237487257,0.0001785102067515254
51183616,0.2193664014339447,2.0134925842285156,0.0906071737408638,0.004334549885243177,-5.734369277954102,19.483680725097656,0.00019999999494757503,0.0005000000237487257,6.582344212802127e-05
51249152,0.21907967329025269,0.7443645000457764,0.03349640220403671,0.00225585768930614,-5.735770225524902,31.711854934692383,0.00019999999494757503,0.0005000000237487257,0.00011454758350737393
51314688,0.21879296004772186,0.253815621137619,0.011421704664826393,0.003526808461174369,-5.743365287780762,34.43072509765625,0.00019999999494757503,0.0005000000237487257,7.289859058801085e-05
51380224,0.21850624680519104,0.2760680913925171,0.012423064559698105,0.0018903635209426284,-5.748488903045654,31.066354751586914,0.00019999999494757503,0.0005000000237487257,5.406156196841039e-05
51445760,0.21821951866149902,0.40331536531448364,0.01814918965101242,0.002931751776486635,-5.752103805541992,28.280622482299805,0.00019999999494757503,0.0005000000237487257,4.375512071419507e-05
51511296,0.2179328054189682,0.42443808913230896,0.01909971609711647,0.003324533812701702,-5.749702453613281,22.585628509521484,0.00019999999494757503,0.0005000000237487257,0.00015174799773376435
51576832,0.21764607727527618,0.32091692090034485,0.014441261999309063,0.0021332264877855778,-5.754258155822754,29.186798095703125,0.00019999999494757503,0.0005000000237487257,0.0002565280010458082
51642368,0.21735936403274536,0.2727716863155365,0.012274726293981075,0.00338809029199183,-5.75770378112793,24.513874053955078,0.00019999999494757503,0.0005000000237487257,0.0003013780515175313
51707904,0.21707263588905334,0.23011514544487,0.010355181992053986,0.0037427369970828295,-5.762674331665039,23.037094116210938,0.00019999999494757503,0.0005000000237487257,0.00018543272744864225
51773440,0.21678592264652252,0.6642432808876038,0.02989094704389572,0.003389570862054825,-5.763766765594482,26.97966957092285,0.00019999999494757503,0.0005000000237487257,6.64309409330599e-05
51838976,0.2164991945028305,0.6679317355155945,0.03005692921578884,0.003238238859921694,-5.768106460571289,22.14190673828125,0.00019999999494757503,0.0005000000237487257,2.4551121896365657e-05
51904512,0.21621248126029968,0.3204393982887268,0.014419772662222385,0.0031235357746481895,-5.769467353820801,30.31304359436035,0.00019999999494757503,0.0005000000237487257,0.00011469583841972053
51970048,0.21592575311660767,0.25506484508514404,0.011477919295430183,0.0039780461229383945,-5.77175235748291,21.697412490844727,0.00019999999494757503,0.0005000000237487257,0.0002524115261621773
52035584,0.21563903987407684,0.2063235193490982,0.00928455963730812,0.004900985397398472,-5.774029731750488,23.020448684692383,0.00019999999494757503,0.0005000000237487257,0.0001335146080236882
52101120,0.21535232663154602,0.6751675605773926,0.030382540076971054,0.003726238152012229,-5.777894496917725,26.603599548339844,0.00019999999494757503,0.0005000000237487257,5.154103200766258e-05
52166656,0.215065598487854,0.4004497230052948,0.018020236864686012,0.003151482669636607,-5.784417629241943,29.923572540283203,0.00019999999494757503,0.0005000000237487257,4.3180501961614937e-05
52232192,0.21477888524532318,0.23427993059158325,0.010542597621679306,0.004668101668357849,-5.7840166091918945,25.83559226989746,0.00019999999494757503,0.0005000000237487257,0.0002705611113924533
52297728,0.21449215710163116,0.2178507298231125,0.009803283028304577,0.00420726090669632,-5.790137767791748,20.38410186767578,0.00019999999494757503,0.0005000000237487257,0.00024644905352033675
52363264,0.21420544385910034,0.4934637248516083,0.022205866873264313,0.002960376674309373,-5.790397644042969,20.501461029052734,0.00019999999494757503,0.0005000000237487257,0.00017371537978760898
52428800,0.21391871571540833,0.4965469539165497,0.02234461158514023,0.0040243035182356834,-5.793334007263184,32.802490234375,0.00019999999494757503,0.0005000000237487257,3.829924753517844e-05
52494336,0.2136320024728775,0.3306694030761719,0.014880124479532242,0.002818589098751545,-5.793879985809326,20.02140998840332,0.00019999999494757503,0.0005000000237487257,5.2596045861719176e-05
52559872,0.21334527432918549,2.885470390319824,0.12984617054462433,0.0030211254488676786,-5.800330638885498,41.40094757080078,0.00019999999494757503,0.0005000000237487257,7.020506745902821e-05
52625408,0.21305856108665466,2.9974303245544434,0.13488435745239258,0.0038246153853833675,-5.804402828216553,50.8624267578125,0.00019999999494757503,0.0005000000237487257,3.740944157470949e-05
52690944,0.21277183294296265,2.6542468070983887,0.11944109946489334,0.0037607764825224876,-5.805092811584473,33.19408416748047,0.00019999999494757503,0.0005000000237487257,1.780088678060565e-05
52756480,0.21248511970043182,1.910575032234192,0.08597587049007416,0.00402109045535326,-5.809243202209473,27.540380477905273,0.00019999999494757503,0.0005000000237487257,0.0001387668598908931
52822016,0.212198406457901,2.0028791427612305,0.09012956917285919,0.004626966547220945,-5.813052654266357,18.040084838867188,0.00019999999494757503,0.0005000000237487257,6.716880307067186e-05
52887552,0.21191167831420898,0.6683397889137268,0.03007529303431511,0.0026205959729850292,-5.818979740142822,36.29718017578125,0.00019999999494757503,0.0005000000237487257,0.00014903757255524397
52953088,0.21162496507167816,0.3193380534648895,0.014370213262736797,0.0031900531612336636,-5.823066711425781,35.079341888427734,0.00019999999494757503,0.0005000000237487257,9.401491843163967e-05
53018624,0.21133823692798615,0.4062836766242981,0.01828276738524437,0.0023321560584008694,-5.826361656188965,34.564414978027344,0.00019999999494757503,0.0005000000237487257,4.5276214223122224e-05
53084160,0.21105152368545532,0.3878548741340637,0.017453471198678017,0.0033436291851103306,-5.832819938659668,30.533735275268555,0.00019999999494757503,0.0005000000237487257,4.876151433563791e-05
53149696,0.2107647955417633,0.41493353247642517,0.01867200806736946,0.003901525866240263,-5.8339362144470215,28.150487899780273,0.00019999999494757503,0.0005000000237487257,0.00011899112723767757
53215232,0.21047808229923248,0.3725776672363281,0.01676599681377411,0.0022490595001727343,-5.83698844909668,24.016000747680664,0.00019999999494757503,0.0005000000237487257,0.00013233182835392654
53280768,0.21019135415554047,0.2687123715877533,0.01209205575287342,0.003367333672940731,-5.84039831161499,29.08601951599121,0.00019999999494757503,0.0005000000237487257,0.0002339960919925943
53346304,0.20990464091300964,0.2681348919868469,0.012066071853041649,0.0053463284857571125,-5.840975284576416,24.61667823791504,0.00019999999494757503,0.0005000000237487257,0.0002969834895338863
53411840,0.20961791276931763,0.37955716252326965,0.017080072313547134,0.003795941360294819,-5.84581995010376,24.932186126708984,0.00019999999494757503,0.0005000000237487257,0.00013346195919439197
53477376,0.2093311995267868,0.7481489181518555,0.0336667038500309,0.004048458766192198,-5.848016738891602,24.332958221435547,0.00019999999494757503,0.0005000000237487257,2.9182394428062253e-05
53542912,0.20904448628425598,0.40109941363334656,0.01804947480559349,0.002301473170518875,-5.850337028503418,28.38744354248047,0.00019999999494757503,0.0005000000237487257,7.704494055360556e-05
53608448,0.20875775814056396,0.2853618860244751,0.012841286137700081,0.0031909658573567867,-5.853045463562012,20.901649475097656,0.00019999999494757503,0.0005000000237487257,0.00040355167584493756
53673984,0.20847104489803314,0.23858892917633057,0.010736502707004547,0.00296976906247437,-5.855994701385498,19.92230224609375,0.00019999999494757503,0.0005000000237487257,0.00012820576375816017
53739520,0.20818431675434113,0.5884006023406982,0.026478026062250137,0.0030891927890479565,-5.857452392578125,25.18494987487793,0.00019999999494757503,0.0005000000237487257,5.922032141825184e-05
53805056,0.2078976035118103,0.4997613728046417,0.022489262744784355,0.0033100652508437634,-5.863368034362793,23.7141170501709,0.00019999999494757503,0.0005000000237487257,1.9291310309199616e-05
53870592,0.2076108753681183,0.289122074842453,0.013010493479669094,0.0030576512217521667,-5.865950107574463,22.58885955810547,0.00019999999494757503,0.0005000000237487257,0.00011533217184478417
53936128,0.20732416212558746,0.2545514404773712,0.011454815976321697,0.0032045035623013973,-5.867745876312256,22.664051055908203,0.00019999999494757503,0.0005000000237487257,0.00032560882391408086
54001664,0.20703743398189545,0.2144506573677063,0.009650279767811298,0.003920698072761297,-5.8675665855407715,22.78487205505371,0.00019999999494757503,0.0005000000237487257,0.00024343255790881813
54067200,0.20675072073936462,0.2115315943956375,0.009518923237919807,0.0030588710214942694,-5.8724188804626465,22.779611587524414,0.00019999999494757503,0.0005000000237487257,0.00013707831385545433
54132736,0.2064639925956726,0.20741093158721924,0.009333492256700993,0.0035243197344243526,-5.875694751739502,26.28689193725586,0.00019999999494757503,0.0005000000237487257,0.0004085740656591952
54198272,0.20617727935314178,2.8993473052978516,0.1304706335067749,0.002784899203106761,-5.881158828735352,40.6903076171875,0.00019999999494757503,0.0005000000237487257,9.1685084044002e-05
54263808,0.20589056611061096,3.051908016204834,0.137335866689682,0.003284753067418933,-5.883963108062744,44.09772491455078,0.00019999999494757503,0.0005000000237487257,3.359328911756165e-05
54329344,0.20560383796691895,2.8413968086242676,0.1278628557920456,0.0037133563309907913,-5.8915324211120605,32.314430236816406,0.00019999999494757503,0.0005000000237487257,1.5268293282133527e-05
54394880,0.20531712472438812,1.6171047687530518,0.07276970893144608,0.0034270246978849173,-5.893902778625488,27.075977325439453,0.00019999999494757503,0.0005000000237487257,0.00015448998601641506
54460416,0.2050303965806961,1.6631170511245728,0.07484027743339539,0.004835730418562889,-5.897181510925293,24.549806594848633,0.00019999999494757503,0.0005000000237487257,6.714411574648693e-05
54525952,0.20474368333816528,0.5820638537406921,0.02619287371635437,0.0020766251254826784,-5.899402618408203,36.18193435668945,0.00019999999494757503,0.0005000000237487257,0.00012414102093316615
54591488,0.20445695519447327,0.2949087619781494,0.013270894065499306,0.0021791826002299786,-5.903787612915039,31.135555267333984,0.00019999999494757503,0.0005000000237487257,8.269254612969235e-05
54657024,0.20417024195194244,0.2190382182598114,0.00985671952366829,0.003164662979543209,-5.91037654876709,31.97482681274414,0.00019999999494757503,0.0005000000237487257,7.05504571669735e-05
54722560,0.20388351380825043,0.18701951205730438,0.008415878750383854,0.002609549555927515,-5.912594318389893,25.635948181152344,0.00019999999494757503,0.0005000000237487257,7.201370317488909e-05
54788096,0.2035968005657196,0.1643383651971817,0.007395227439701557,0.00450493860989809,-5.909832954406738,32.5133056640625,0.00019999999494757503,0.0005000000237487257,0.00017907647998072207
54853632,0.20331008732318878,0.5687010288238525,0.025591548532247543,0.0027395877987146378,-5.915591716766357,30.376388549804688,0.00019999999494757503,0.0005000000237487257,0.0001249423949047923
54919168,0.20302335917949677,0.19594550132751465,0.008817547932267189,0.0030560556333512068,-5.918922424316406,25.137468338012695,0.00019999999494757503,0.0005000000237487257,0.00014708902745041996
54984704,0.20273664593696594,0.1860535740852356,0.008372410200536251,0.0027938666753470898,-5.9210944175720215,20.12616729736328,0.00019999999494757503,0.0005000000237487257,0.00019261812849435955
55050240,0.20244991779327393,0.3426732122898102,0.015420295298099518,0.00326256244443357,-5.924452781677246,30.137948989868164,0.00019999999494757503,0.0005000000237487257,6.524620403070003e-05
55115776,0.2021632045507431,0.36664286255836487,0.016498930752277374,0.0033315427135676146,-5.925844192504883,31.303281784057617,0.00019999999494757503,0.0005000000237487257,2.4530867449357174e-05
55181312,0.2018764764070511,0.2558215260505676,0.011511968448758125,0.0028054220601916313,-5.92893123626709,27.03213882446289,0.00019999999494757503,0.0005000000237487257,8.066214650170878e-05
55246848,0.20158976316452026,0.20868924260139465,0.009391016326844692,0.003309783758595586,-5.929770469665527,19.399818420410156,0.00019999999494757503,0.0005000000237487257,0.00020616601977963
55312384,0.20130303502082825,0.18129239976406097,0.008158158510923386,0.0029518967494368553,-5.9341254234313965,20.616491317749023,0.00019999999494757503,0.0005000000237487257,0.0001388638629578054
55377920,0.20101632177829742,0.5214474201202393,0.02346513420343399,0.003442752407863736,-5.936913967132568,24.581451416015625,0.00019999999494757503,0.0005000000237487257,7.983780233189464e-05
55443456,0.2007295936346054,0.5564384460449219,0.025039728730916977,0.0032067415304481983,-5.939952850341797,22.20179557800293,0.00019999999494757503,0.0005000000237487257,1.8447830370860174e-05
55508992,0.20044288039207458,0.28806886076927185,0.012963097542524338,0.0029595824889838696,-5.944742679595947,24.214618682861328,0.00019999999494757503,0.0005000000237487257,8.5151543316897e-05
55574528,0.20015616714954376,0.20376552641391754,0.009169449098408222,0.0041807531379163265,-5.950234413146973,21.433422088623047,0.00019999999494757503,0.0005000000237487257,0.00032537899096496403
55640064,0.19986943900585175,0.18148493766784668,0.008166822604835033,0.003102536778897047,-5.953671455383301,20.33846092224121,0.00019999999494757503,0.0005000000237487257,0.0003184841189067811
55705600,0.19958272576332092,0.5589841604232788,0.02515428513288498,0.004411134868860245,-5.958400726318359,35.71497344970703,0.00019999999494757503,0.0005000000237487257,0.0001027449470711872
55771136,0.1992959976196289,0.23333831131458282,0.010500224307179451,0.0024501350708305836,-5.958469867706299,26.407421112060547,0.00019999999494757503,0.0005000000237487257,0.0002105590101564303
55836672,0.19900928437709808,2.9468963146209717,0.13261035084724426,0.0038282026071101427,-5.965077877044678,42.7090950012207,0.00019999999494757503,0.0005000000237487257,6.808484613429755e-05
55902208,0.19872255623340607,3.133160352706909,0.14099222421646118,0.00288588204421103,-5.966547012329102,50.21809387207031,0.00019999999494757503,0.0005000000237487257,3.254392140661366e-05
55967744,0.19843584299087524,3.026823043823242,0.13620705902576447,0.0034751459024846554,-5.971323490142822,27.640674591064453,0.00019999999494757503,0.0005000000237487257,1.687377516645938e-05
56033280,0.19814911484718323,2.35430645942688,0.10594378411769867,0.002874951809644699,-5.974104404449463,24.3466796875,0.00019999999494757503,0.0005000000237487257,0.00012664606038015336
56098816,0.1978624016046524,2.3136954307556152,0.1041162982583046,0.005087719764560461,-5.9778923988342285,24.201021194458008,0.00019999999494757503,0.0005000000237487257,6.420673162210733e-05
56164352,0.1975756734609604,0.7678648233413696,0.03455392271280289,0.002057420089840889,-5.979884624481201,38.7769775390625,0.00019999999494757503,0.0005000000237487257,0.000151065643876791
56229888,0.19728896021842957,0.32205623388290405,0.01449253037571907,0.0020543313585221767,-5.983303070068359,29.17616081237793,0.00019999999494757503,0.0005000000237487257,9.430096542928368e-05
56295424,0.19700224697589874,0.2812775671482086,0.012657491490244865,0.0022147519048303366,-5.987800598144531,22.200042724609375,0.00019999999494757503,0.0005000000237487257,6.338549428619444e-05
56360960,0.19671551883220673,0.3165222704410553,0.014243502169847488,0.003338026814162731,-5.991429805755615,26.00287628173828,0.00019999999494757503,0.0005000000237487257,5.22179834661074e-05
56426496,0.1964288055896759,0.4558465778827667,0.020513096824288368,0.003112251404672861,-5.9930524826049805,23.053483963012695,0.00019999999494757503,0.0005000000237487257,0.00011225663183722645
56492032,0.1961420774459839,0.3476232886314392,0.015643049031496048,0.002048064721748233,-5.9979729652404785,32.73640441894531,0.00019999999494757503,0.0005000000237487257,0.000125416656374
56557568,0.19585536420345306,0.2225801646709442,0.010016108863055706,0.002654301468282938,-5.998114585876465,24.75564193725586,0.00019999999494757503,0.0005000000237487257,0.00027756215422414243
56623104,0.19556863605976105,0.23846718668937683,0.010731023736298084,0.004405166953802109,-6.001091003417969,30.639989852905273,0.00019999999494757503,0.0005000000237487257,0.00019935269665438682
56688640,0.19528192281723022,0.37974464893341064,0.0170885119587183,0.003047407139092684,-6.0030131340026855,23.83324432373047,0.00019999999494757503,0.0005000000237487257,6.212857260834426e-05
56754176,0.1949951946735382,0.7879854440689087,0.03545934706926346,0.003530895570293069,-6.005512237548828,23.37795639038086,0.00019999999494757503,0.0005000000237487257,2.2022592020221055e-05
56819712,0.19470848143100739,0.45741891860961914,0.020583853125572205,0.0023572868667542934,-6.007004737854004,29.789583206176758,0.00019999999494757503,0.0005000000237487257,7.745187031105161e-05
56885248,0.19442175328731537,0.2468145340681076,0.01110665313899517,0.0034091256093233824,-6.0111083984375,19.183698654174805,0.00019999999494757503,0.0005000000237487257,0.0002575975959189236
56950784,0.19413504004478455,0.1902332901954651,0.008560499176383018,0.0033951164223253727,-6.013263702392578,20.479820251464844,0.00019999999494757503,0.0005000000237487257,0.00014307086530607194
57016320,0.19384832680225372,0.5119118094444275,0.023036034777760506,0.0030553319957107306,-6.014484405517578,24.188461303710938,0.00019999999494757503,0.0005000000237487257,6.004715760354884e-05
57081856,0.1935615986585617,0.6609368324279785,0.029742158949375153,0.0033423868007957935,-6.020491600036621,33.1386833190918,0.00019999999494757503,0.0005000000237487257,1.7347721950500272e-05
57147392,0.19327488541603088,0.34200945496559143,0.01539042592048645,0.0031454407144337893,-6.023216247558594,25.288082122802734,0.00019999999494757503,0.0005000000237487257,5.415390114649199e-05
57212928,0.19298815727233887,0.20621643960475922,0.00927974097430706,0.0029701171442866325,-6.023228168487549,25.84465980529785,0.00019999999494757503,0.0005000000237487257,0.00013170097372494638
57278464,0.19270144402980804,0.19349628686904907,0.008707333356142044,0.003173676086589694,-6.026138782501221,22.8560733795166,0.00019999999494757503,0.0005000000237487257,0.00011858421203214675
57344000,0.19241471588611603,0.2985725402832031,0.01343576516956091,0.002901413245126605,-6.027287006378174,27.741689682006836,0.00019999999494757503,0.0005000000237487257,8.268260717159137e-05
57409536,0.1921280026435852,0.18662138283252716,0.00839796382933855,0.0026971667539328337,-6.030157566070557,25.217567443847656,0.00019999999494757503,0.0005000000237487257,0.00013864916400052607
57475072,0.1918412744998932,2.9705922603607178,0.1336766481399536,0.004002664238214493,-6.037391185760498,44.23958969116211,0.00019999999494757503,0.0005000000237487257,6.357437814585865e-05
57540608,0.19155456125736237,3.106536865234375,0.13979418575763702,0.0028874001000076532,-6.0418782234191895,50.715457916259766,0.00019999999494757503,0.0005000000237487257,2.8515489248093218e-05
57606144,0.19126783311367035,3.0037384033203125,0.13516822457313538,0.003587095532566309,-6.047483921051025,31.317970275878906,0.00019999999494757503,0.0005000000237487257,1.7565971575095318e-05
57671680,0.19098111987113953,2.395382881164551,0.10779222846031189,0.0035267947241663933,-6.047589302062988,30.637706756591797,0.00019999999494757503,0.0005000000237487257,0.00010891357669606805
57737216,0.1906944066286087,2.315305709838867,0.10418877005577087,0.004277615807950497,-6.048566818237305,21.055118560791016,0.00019999999494757503,0.0005000000237487257,5.29253993590828e-05
57802752,0.1904076784849167,0.8566092252731323,0.038547419011592865,0.0030322070233523846,-6.053318500518799,47.27254867553711,0.00019999999494757503,0.0005000000237487257,0.0001157359074568376
57868288,0.19012096524238586,0.3430532217025757,0.015437396243214607,0.0030561061576008797,-6.057459354400635,38.23035430908203,0.00019999999494757503,0.0005000000237487257,5.380340007832274e-05
57933824,0.18983423709869385,0.5157586932182312,0.023209141567349434,0.0027671426068991423,-6.064132213592529,25.38833999633789,0.00019999999494757503,0.0005000000237487257,3.453837416600436e-05
57999360,0.18954752385616302,0.6277598738670349,0.028249191120266914,0.0025003356859087944,-6.0713324546813965,23.021629333496094,0.00019999999494757503,0.0005000000237487257,4.0633058233652264e-05
58064896,0.189260795712471,0.35529977083206177,0.015988491475582123,0.0027773911133408546,-6.072918891906738,25.39420509338379,0.00019999999494757503,0.0005000000237487257,9.632090223021805e-05
58130432,0.18897408246994019,0.2521525025367737,0.011346861720085144,0.003401650581508875,-6.072690486907959,38.719810485839844,0.00019999999494757503,0.0005000000237487257,0.0005813118768855929
58195968,0.18868735432624817,0.23928630352020264,0.01076788455247879,0.0032942751422524452,-6.074313640594482,32.0565185546875,0.00019999999494757503,0.0005000000237487257,0.0005816023331135511
58261504,0.18840064108371735,0.3069912791252136,0.013814607635140419,0.002226395532488823,-6.07570743560791,22.202171325683594,0.00019999999494757503,0.0005000000237487257,0.0001756880374159664
58327040,0.18811391294002533,0.7108216285705566,0.03198697417974472,0.0035562515258789062,-6.080941677093506,24.31083869934082,0.00019999999494757503,0.0005000000237487257,5.194858749746345e-05
58392576,0.1878271996974945,0.6009618639945984,0.027043286710977554,0.0032184699084609747,-6.083211898803711,23.71379852294922,0.00019999999494757503,0.0005000000237487257,2.8391081286827102e-05
58458112,0.18754048645496368,0.3225806653499603,0.014516131952404976,0.002772364765405655,-6.084936141967773,27.979833602905273,0.00019999999494757503,0.0005000000237487257,0.00038104661507532
58523648,0.18725375831127167,0.2968246042728424,0.013357107527554035,0.002612663898617029,-6.086623191833496,23.578018188476562,0.00019999999494757503,0.0005000000237487257,0.0011641503078863025
58589184,0.18696704506874084,0.27990326285362244,0.012595647014677525,0.0032715497072786093,-6.095501899719238,25.10896873474121,0.00019999999494757503,0.0005000000237487257,0.00024056321126408875
58654720,0.18668031692504883,0.28047794103622437,0.012621507979929447,0.0030610566027462482,-6.095706462860107,30.563575744628906,0.00019999999494757503,0.0005000000237487257,6.599634070880711e-05
58720256,0.186393603682518,0.7812020182609558,0.03515408933162689,0.0031077780295163393,-6.102329730987549,27.486164093017578,0.00019999999494757503,0.0005000000237487257,6.793780630687252e-05
58785792,0.186106875538826,0.30137285590171814,0.013561777770519257,0.002650105394423008,-6.10598087310791,28.039676666259766,0.00019999999494757503,0.0005000000237487257,8.596459520049393e-05
58851328,0.18582016229629517,0.23824456334114075,0.01072100643068552,0.003116660751402378,-6.105781555175781,26.164894104003906,0.00019999999494757503,0.0005000000237487257,0.00030177852022461593
58916864,0.18553343415260315,0.2300710529088974,0.010353198274970055,0.0031710832845419645,-6.108567714691162,25.225887298583984,0.00019999999494757503,0.0005000000237487257,0.0003955912252422422
58982400,0.18524672091007233,0.22837409377098083,0.010276833549141884,0.0026955364737659693,-6.111443519592285,25.359027862548828,0.00019999999494757503,0.0005000000237487257,0.00018482359882909805
59047936,0.1849599927663803,0.2291535586118698,0.010311910882592201,0.00351509777829051,-6.116106033325195,25.007680892944336,0.00019999999494757503,0.0005000000237487257,0.00019471235282253474
59113472,0.1846732795238495,2.978297710418701,0.13402339816093445,0.00277887680567801,-6.1201066970825195,48.25138473510742,0.00019999999494757503,0.0005000000237487257,8.461123798042536e-05
59179008,0.18438656628131866,3.0777668952941895,0.13849951326847076,0.0024248419795185328,-6.122913837432861,41.633155822753906,0.00019999999494757503,0.0005000000237487257,4.542194801615551e-05
59244544,0.18409983813762665,2.975029230117798,0.13387632369995117,0.003225340973585844,-6.1226067543029785,29.126665115356445,0.00019999999494757503,0.0005000000237487257,1.5467399862245657e-05
59310080,0.18381312489509583,2.544267177581787,0.1144920364022255,0.002852868288755417,-6.128606796264648,25.403545379638672,0.00019999999494757503,0.0005000000237487257,8.96490309969522e-05
59375616,0.1835263967514038,2.437908411026001,0.10970587283372879,0.0036115520633757114,-6.132532119750977,22.454172134399414,0.00019999999494757503,0.0005000000237487257,5.3739633585792035e-05
59441152,0.18323968350887299,0.7998347282409668,0.0359925702214241,0.0022754778619855642,-6.139005184173584,35.92641830444336,0.00019999999494757503,0.0005000000237487257,0.00014175203978084028
59506688,0.18295295536518097,0.3837587535381317,0.017269141972064972,0.003244037739932537,-6.142866134643555,33.44211959838867,0.00019999999494757503,0.0005000000237487257,6.912937533343211e-05
59572224,0.18266624212265015,1.074824571609497,0.048367105424404144,0.0025839880108833313,-6.145037651062012,24.489826202392578,0.00019999999494757503,0.0005000000237487257,5.082779534859583e-05
59637760,0.18237951397895813,1.0855159759521484,0.0488482229411602,0.0035092500038444996,-6.146716594696045,26.900432586669922,0.00019999999494757503,0.0005000000237487257,3.2632084185024723e-05
59703296,0.1820928007364273,0.5219118595123291,0.023486029356718063,0.003031545551493764,-6.146123886108398,26.493513107299805,0.00019999999494757503,0.0005000000237487257,8.851128950482234e-05
59768832,0.1818060725927353,0.3361928462982178,0.01512867771089077,0.003376625245437026,-6.145482540130615,33.6623420715332,0.00019999999494757503,0.0005000000237487257,0.000811633886769414
59834368,0.18151935935020447,0.27551954984664917,0.012398379854857922,0.0028391433879733086,-6.1520843505859375,30.391643524169922,0.00019999999494757503,0.0005000000237487257,0.000863569148350507
59899904,0.18123264610767365,0.31271812319755554,0.014072314836084843,0.003724384121596813,-6.156510353088379,25.024402618408203,0.00019999999494757503,0.0005000000237487257,0.00028809456853196025
59965440,0.18094591796398163,0.8351268768310547,0.0375807099044323,0.0035481262020766735,-6.1580491065979,25.81382942199707,0.00019999999494757503,0.0005000000237487257,9.359934483654797e-05
60030976,0.1806592047214508,1.0030386447906494,0.045136746019124985,0.00285915145650506,-6.156745910644531,22.4664306640625,0.00019999999494757503,0.0005000000237487257,2.3143446014728397e-05
60096512,0.1803724765777588,0.5053338408470154,0.02274002507328987,0.002168106846511364,-6.161395072937012,26.35828971862793,0.00019999999494757503,0.0005000000237487257,9.740162931848317e-05
60162048,0.18008576333522797,0.2774043679237366,0.012483197264373302,0.0027972660027444363,-6.163590908050537,23.320837020874023,0.00019999999494757503,0.0005000000237487257,0.0007087006815709174
60227584,0.17979903519153595,0.25791221857070923,0.011606048792600632,0.002929026260972023,-6.1651129722595215,20.644351959228516,0.00019999999494757503,0.0005000000237487257,0.000277798535535112
60293120,0.17951232194900513,0.5577446222305298,0.025098510086536407,0.0029239256400614977,-6.1706929206848145,29.244834899902344,0.00019999999494757503,0.0005000000237487257,0.00010495210881344974
60358656,0.1792255938053131,0.39152634143829346,0.017618684098124504,0.002788546262308955,-6.174445152282715,27.83336639404297,0.00019999999494757503,0.0005000000237487257,5.165451148059219e-05
60424192,0.1789388805627823,0.3118252754211426,0.014032138511538506,0.0032532219775021076,-6.177201747894287,30.941162109375,0.00019999999494757503,0.0005000000237487257,8.982464350992814e-05
60489728,0.17865216732025146,0.25849515199661255,0.011632283218204975,0.003255607094615698,-6.18261194229126,29.311473846435547,0.00019999999494757503,0.0005000000237487257,0.0002492237545084208
60555264,0.17836543917655945,0.22653868794441223,0.010194242000579834,0.00376170314848423,-6.186592102050781,30.099857330322266,0.00019999999494757503,0.0005000000237487257,0.0003485053312033415
60620800,0.17807872593402863,0.20957234501838684,0.00943075679242611,0.003185224486514926,-6.185403823852539,22.53777313232422,0.00019999999494757503,0.0005000000237487257,0.0001876312162494287
60686336,0.1777919977903366,0.2321700006723404,0.010447651147842407,0.0030736238695681095,-6.191117763519287,24.605195999145508,0.00019999999494757503,0.0005000000237487257,0.0003031028318218887
60751872,0.1775052845478058,3.0802462100982666,0.1386111080646515,0.0029676572885364294,-6.196165084838867,40.601318359375,0.00019999999494757503,0.0005000000237487257,6.312243203865364e-05
60817408,0.17721855640411377,3.107111930847168,0.13982005417346954,0.002767947968095541,-6.199047565460205,52.228111267089844,0.00019999999494757503,0.0005000000237487257,2.588677489256952e-05
60882944,0.17693184316158295,3.006852149963379,0.13530834019184113,0.0031416648998856544,-6.202430248260498,31.264310836791992,0.00019999999494757503,0.0005000000237487257,1.6354308172594756e-05
60948480,0.17664511501789093,2.5699222087860107,0.11564650386571884,0.002249876968562603,-6.205414295196533,30.92677116394043,0.00019999999494757503,0.0005000000237487257,9.192651486955583e-05
61014016,0.1763584017753601,2.4697272777557373,0.11113773286342621,0.0028234790079295635,-6.210221767425537,21.230459213256836,0.00019999999494757503,0.0005000000237487257,5.125873212818988e-05
61079552,0.1760716736316681,0.9366991519927979,0.04215146601200104,0.0017400087090209126,-6.212718963623047,37.342323303222656,0.00019999999494757503,0.0005000000237487257,0.00010004876094171777
61145088,0.17578496038913727,0.39920398592948914,0.017964180558919907,0.002451879670843482,-6.217451572418213,23.98980712890625,0.00019999999494757503,0.0005000000237487257,5.5095621064538136e-05
61210624,0.17549824714660645,0.6463123559951782,0.02908405475318432,0.0030883834697306156,-6.226863861083984,32.16733169555664,0.00019999999494757503,0.0005000000237487257,3.840145291178487e-05
61276160,0.17521151900291443,0.43123379349708557,0.01940552331507206,0.002395773306488991,-6.22963285446167,24.411861419677734,0.00019999999494757503,0.0005000000237487257,3.647170524345711e-05
61341696,0.1749248057603836,0.28901395201683044,0.013005629181861877,0.0022610865999013186,-6.230432510375977,26.170780181884766,0.00019999999494757503,0.0005000000237487257,0.00011636069393716753
61407232,0.1746380776166916,0.23914751410484314,0.010761638171970844,0.003003093646839261,-6.2316508293151855,33.56736755371094,0.00019999999494757503,0.0005000000237487257,0.0004938678466714919
61472768,0.17435136437416077,0.24839825928211212,0.011177921667695045,0.0028204198461025953,-6.231574535369873,29.849254608154297,0.00019999999494757503,0.0005000000237487257,0.000301352672977373
61538304,0.17406463623046875,0.4442868232727051,0.01999291032552719,0.003701019799336791,-6.233616828918457,26.79535675048828,0.00019999999494757503,0.0005000000237487257,0.0001849417167250067
61603840,0.17377792298793793,1.0602233409881592,0.047710057348012924,0.004053995944559574,-6.237648010253906,27.125730514526367,0.00019999999494757503,0.0005000000237487257,5.1039300160482526e-05
61669376,0.1734911948442459,0.7196180820465088,0.03238281235098839,0.003574248170480132,-6.242280960083008,23.845962524414062,0.00019999999494757503,0.0005000000237487257,2.608685099403374e-05
61734912,0.1732044816017151,0.40001335740089417,0.01800060085952282,0.0033588611986488104,-6.243229866027832,44.9210319519043,0.00019999999494757503,0.0005000000237487257,0.00032811486744321883
61800448,0.17291775345802307,0.3489120602607727,0.015701044350862503,0.0030919297132641077,-6.2455034255981445,28.971349716186523,0.00019999999494757503,0.0005000000237487257,0.0017045706044882536
61865984,0.17263104021549225,0.306314617395401,0.01378415897488594,0.0032459492795169353,-6.249978065490723,27.3074893951416,0.00019999999494757503,0.0005000000237487257,0.0004403226193971932
61931520,0.17234432697296143,0.3695237636566162,0.0166285689920187,0.0023722348269075155,-6.254659175872803,22.49753761291504,0.00019999999494757503,0.0005000000237487257,0.00016691366909071803
61997056,0.1720575988292694,0.6095551252365112,0.027429979294538498,0.003474297933280468,-6.257774353027344,25.455020904541016,0.00019999999494757503,0.0005000000237487257,4.195080327917822e-05
62062592,0.1717708855867386,0.3050585985183716,0.013727638870477676,0.0028060548938810825,-6.263033866882324,32.197532653808594,0.00019999999494757503,0.0005000000237487257,5.9200239775236696e-05
62128128,0.17148415744304657,0.2333589792251587,0.010501154698431492,0.003641937393695116,-6.265931606292725,33.7470703125,0.00019999999494757503,0.0005000000237487257,0.00028470615507103503
62193664,0.17119744420051575,0.23663805425167084,0.010648712515830994,0.0027030175551772118,-6.2663726806640625,28.270278930664062,0.00019999999494757503,0.0005000000237487257,0.0004984810366295278
62259200,0.17091071605682373,0.43597543239593506,0.019618898630142212,0.0022089025005698204,-6.265769004821777,25.20864486694336,0.00019999999494757503,0.0005000000237487257,0.0001978068903554231
62324736,0.1706240028142929,0.2578604221343994,0.011603718623518944,0.00319931423291564,-6.270837306976318,32.678524017333984,0.00019999999494757503,0.0005000000237487257,0.00012886714830528945
62390272,0.1703372746706009,3.082174777984619,0.13869787752628326,0.002187640406191349,-6.278693199157715,34.806541442871094,0.00019999999494757503,0.0005000000237487257,6.305016722762957e-05
62455808,0.17005056142807007,3.1719727516174316,0.14273878931999207,0.002520037814974785,-6.278952121734619,48.202850341796875,0.00019999999494757503,0.0005000000237487257,2.7247642719885334e-05
62521344,0.16976383328437805,3.056844711303711,0.1375580132007599,0.0027875315863639116,-6.282164096832275,34.61871337890625,0.00019999999494757503,0.0005000000237487257,1.6052870705607347e-05
62586880,0.16947712004184723,2.615323066711426,0.11768954992294312,0.0030530879739671946,-6.287593841552734,36.73523712158203,0.00019999999494757503,0.0005000000237487257,8.694837742950767e-05
62652416,0.1691904067993164,2.5358920097351074,0.1141151487827301,0.0037502318155020475,-6.29398250579834,22.021894454956055,0.00019999999494757503,0.0005000000237487257,4.893983714282513e-05
62717952,0.1689036786556244,1.0153236389160156,0.04568956419825554,0.0019288171315565705,-6.296863555908203,39.155330657958984,0.00019999999494757503,0.0005000000237487257,8.260154572781175e-05
62783488,0.16861696541309357,0.3611171841621399,0.016250276938080788,0.0030358335934579372,-6.3004255294799805,38.24729537963867,0.00019999999494757503,0.0005000000237487257,4.447175160748884e-05
62849024,0.16833023726940155,1.230205774307251,0.05535925552248955,0.0020757829770445824,-6.302923202514648,27.6230525970459,0.00019999999494757503,0.0005000000237487257,3.544303763192147e-05
62914560,0.16804352402687073,0.5534329414367676,0.024904483929276466,0.0028132223524153233,-6.305750846862793,30.897632598876953,0.00019999999494757503,0.0005000000237487257,3.2804306101752445e-05
62980096,0.1677567958831787,0.3220794200897217,0.01449357345700264,0.00278528337366879,-6.30787467956543,23.790956497192383,0.00019999999494757503,0.0005000000237487257,7.904597441665828e-05
63045632,0.1674700826406479,0.28166282176971436,0.012674826197326183,0.0024986467324197292,-6.3102288246154785,27.564367294311523,0.00019999999494757503,0.0005000000237487257,0.0006036372506059706
63111168,0.16718335449695587,0.26633307337760925,0.01198498997837305,0.0030776404310017824,-6.311256408691406,39.36307144165039,0.00019999999494757503,0.0005000000237487257,0.00044642656575888395
63176704,0.16689664125442505,0.43705278635025024,0.019667375832796097,0.0041581448167562485,-6.315075874328613,26.348037719726562,0.00019999999494757503,0.0005000000237487257,0.0002147202758351341
63242240,0.16660991311073303,0.8637762665748596,0.03886993229389191,0.003590355394408107,-6.318117141723633,25.591196060180664,0.00019999999494757503,0.0005000000237487257,4.42275995737873e-05
63307776,0.1663231998682022,0.9834283590316772,0.044254280626773834,0.00383994122967124,-6.320590496063232,34.992401123046875,0.00019999999494757503,0.0005000000237487257,1.6823712940094993e-05
63373312,0.1660364866256714,0.47697365283966064,0.02146381139755249,0.0023744397331029177,-6.320119857788086,32.12782669067383,0.00019999999494757503,0.0005000000237487257,0.00013613786722999066
63438848,0.16574975848197937,0.3242093324661255,0.014589419588446617,0.002474154345691204,-6.3253302574157715,25.306482315063477,0.00019999999494757503,0.0005000000237487257,0.001285752048715949
63504384,0.16546304523944855,0.3107745051383972,0.013984852470457554,0.0028901975601911545,-6.325618267059326,27.33816909790039,0.00019999999494757503,0.0005000000237487257,0.0003703983093146235
63569920,0.16517631709575653,0.29574498534202576,0.013308525085449219,0.002443174831569195,-6.328998565673828,22.576383590698242,0.00019999999494757503,0.0005000000237487257,0.00010792829561978579
63635456,0.1648896038532257,0.802247941493988,0.03610115870833397,0.0028707501478493214,-6.333620071411133,24.45778465270996,0.00019999999494757503,0.0005000000237487257,6.669245340162888e-05
63700992,0.1646028757095337,0.5969188213348389,0.026861347258090973,0.002908433089032769,-6.3352155685424805,27.344764709472656,0.00019999999494757503,0.0005000000237487257,3.7169989809626713e-05
63766528,0.16431616246700287,0.2659313976764679,0.011966913007199764,0.002971359295770526,-6.338006973266602,28.27607536315918,0.00019999999494757503,0.0005000000237487257,0.00032170178019441664
63832064,0.16402943432331085,0.258320689201355,0.011624431237578392,0.0025289051700383425,-6.34165620803833,22.912519454956055,0.00019999999494757503,0.0005000000237487257,0.0004959567449986935
63897600,0.16374272108078003,0.2682393789291382,0.012070772238075733,0.0028608194552361965,-6.347668170928955,25.17037010192871,0.00019999999494757503,0.0005000000237487257,0.00022885434736963362
63963136,0.163455992937088,0.2561279535293579,0.011525759473443031,0.002399186138063669,-6.3496809005737305,23.62994956970215,0.00019999999494757503,0.0005000000237487257,0.00017891862080432475
64028672,0.1631692796945572,2.998830795288086,0.13494740426540375,0.0033607976511120796,-6.356215953826904,49.60622787475586,0.00019999999494757503,0.0005000000237487257,6.250052683753893e-05
64094208,0.16288256645202637,3.1509430408477783,0.1417924463748932,0.002677238779142499,-6.360673904418945,48.23497009277344,0.00019999999494757503,0.0005000000237487257,2.406696330581326e-05
64159744,0.16259583830833435,3.031980037689209,0.13643911480903625,0.0031911456026136875,-6.362732887268066,30.257431030273438,0.00019999999494757503,0.0005000000237487257,1.4912060578353703e-05
64225280,0.16230912506580353,2.634164333343506,0.11853739619255066,0.0034044834319502115,-6.367626667022705,32.57392120361328,0.00019999999494757503,0.0005000000237487257,7.903605001047254e-05
64290816,0.1620223969221115,2.6106555461883545,0.11747951060533524,0.0038088264409452677,-6.369609832763672,25.455427169799805,0.00019999999494757503,0.0005000000237487257,4.8678724851924926e-05
64356352,0.1617356836795807,0.9392178654670715,0.04226480424404144,0.0021062141750007868,-6.373865127563477,38.881282806396484,0.00019999999494757503,0.0005000000237487257,0.00010636389924911782
64421888,0.16144895553588867,0.41629067063331604,0.018733080476522446,0.002456194721162319,-6.376744270324707,26.795818328857422,0.00019999999494757503,0.0005000000237487257,5.9863217757083476e-05
64487424,0.16116224229335785,1.549934983253479,0.06974708288908005,0.002144685946404934,-6.379057884216309,22.932998657226562,0.00019999999494757503,0.0005000000237487257,3.102367918472737e-05
64552960,0.16087551414966583,1.6088707447052002,0.07239919155836105,0.003204375971108675,-6.383484363555908,30.25081443786621,0.00019999999494757503,0.0005000000237487257,2.4440741981379688e-05
64618496,0.160588800907135,0.570709764957428,0.025681938976049423,0.0030807815492153168,-6.384268283843994,31.731725692749023,0.00019999999494757503,0.0005000000237487257,0.00014186873158905655
64684032,0.160302072763443,0.2583271265029907,0.011624721810221672,0.0026593059301376343,-6.38847017288208,28.143465042114258,0.00019999999494757503,0.0005000000237487257,0.003244004910811782
64749568,0.16001535952091217,0.20254811644554138,0.009114665910601616,0.002829247387126088,-6.3907904624938965,33.45405578613281,0.00019999999494757503,0.0005000000237487257,0.0018584940116852522
64815104,0.15972864627838135,0.19202730059623718,0.008641229011118412,0.002815228421241045,-6.391430377960205,23.40656852722168,0.00019999999494757503,0.0005000000237487257,0.0001966345589607954
64880640,0.15944191813468933,0.9456836581230164,0.04255576431751251,0.0031089901458472013,-6.393207550048828,20.437454223632812,0.00019999999494757503,0.0005000000237487257,6.745420978404582e-05
64946176,0.1591552048921585,0.485006183385849,0.0218252781778574,0.002454380039125681,-6.397915840148926,22.845088958740234,0.00019999999494757503,0.0005000000237487257,3.0447361496044323e-05
65011712,0.1588684767484665,0.2618415057659149,0.011782867833971977,0.0023908468428999186,-6.397778511047363,35.31489181518555,0.00019999999494757503,0.0005000000237487257,0.0004996682400815189
65077248,0.15858176350593567,0.2507486641407013,0.011283690109848976,0.0034152274020016193,-6.402440071105957,34.451194763183594,0.00019999999494757503,0.0005000000237487257,0.0015972035471349955
65142784,0.15829503536224365,0.2458554208278656,0.011063494719564915,0.003895239206030965,-6.403763771057129,26.94513511657715,0.00019999999494757503,0.0005000000237487257,0.0004444628139026463
65208320,0.15800832211971283,0.4822395145893097,0.021700778976082802,0.0026623038575053215,-6.405552387237549,27.81781768798828,0.00019999999494757503,0.0005000000237487257,8.134177915053442e-05
65273856,0.1577215939760208,0.4757440686225891,0.021408483386039734,0.0025378065183758736,-6.4084062576293945,26.532676696777344,0.00019999999494757503,0.0005000000237487257,6.881123408675194e-05
65339392,0.15743488073349,0.3232380151748657,0.014545710757374763,0.0025652926415205,-6.4138617515563965,36.40543746948242,0.00019999999494757503,0.0005000000237487257,7.205868314485997e-05
65404928,0.15714815258979797,0.21865327656269073,0.00983939878642559,0.002962847938761115,-6.416386604309082,28.70013427734375,0.00019999999494757503,0.0005000000237487257,0.00035083398688584566
65470464,0.15686143934726715,0.19528882205486298,0.008787997998297215,0.0034276240039616823,-6.424783706665039,31.245864868164062,0.00019999999494757503,0.0005000000237487257,0.00043628853745758533
65536000,0.15657472610473633,0.2039463371038437,0.009177586063742638,0.002830102574080229,-6.425975322723389,27.20318603515625,0.00019999999494757503,0.0005000000237487257,0.00012545853678602725
65601536,0.1562879979610443,0.20881766080856323,0.009396794252097607,0.002056045923382044,-6.431301116943359,19.619861602783203,0.00019999999494757503,0.0005000000237487257,0.00010727632616180927
65667072,0.1560012847185135,3.0649781227111816,0.13792401552200317,0.004505067598074675,-6.43534517288208,56.20207214355469,0.00019999999494757503,0.0005000000237487257,5.7407698477618396e-05
65732608,0.15571455657482147,3.179349184036255,0.14307071268558502,0.0024215159937739372,-6.441763877868652,46.22712707519531,0.00019999999494757503,0.0005000000237487257,1.982402136491146e-05
65798144,0.15542784333229065,3.0500681400299072,0.137253075838089,0.002942203776910901,-6.443746566772461,32.86892318725586,0.00019999999494757503,0.0005000000237487257,1.971274468814954e-05
65863680,0.15514111518859863,2.6704559326171875,0.12017053365707397,0.0028659675735980272,-6.444838047027588,30.255706787109375,0.00019999999494757503,0.0005000000237487257,6.200726784300059e-05
65929216,0.1548544019460678,2.593151569366455,0.11669182032346725,0.0034491438418626785,-6.451479911804199,23.29955291748047,0.00019999999494757503,0.0005000000237487257,4.846654337598011e-05
65994752,0.1545676738023758,1.0182912349700928,0.0458231046795845,0.0024601854383945465,-6.453579425811768,49.49135971069336,0.00019999999494757503,0.0005000000237487257,0.00010116568591911346
66060288,0.15428096055984497,0.4770430326461792,0.0214669369161129,0.0018735715420916677,-6.458313941955566,28.34869384765625,0.00019999999494757503,0.0005000000237487257,4.747362618218176e-05
66125824,0.15399424731731415,0.997116208076477,0.04487023502588272,0.002440194832161069,-6.463581085205078,22.462646484375,0.00019999999494757503,0.0005000000237487257,4.113800241611898e-05
66191360,0.15370751917362213,1.751988172531128,0.07883947342634201,0.0029469323344528675,-6.464315891265869,31.465864181518555,0.00019999999494757503,0.0005000000237487257,2.2224632630241103e-05
66256896,0.1534208059310913,0.6440370678901672,0.02898166887462139,0.002349196234717965,-6.46394157409668,27.130828857421875,0.00019999999494757503,0.0005000000237487257,5.37267405888997e-05
66322432,0.1531340777873993,0.2753872871398926,0.012392430566251278,0.002672590548172593,-6.467198371887207,32.69319534301758,0.00019999999494757503,0.0005000000237487257,0.002348643261939287
66387968,0.15284736454486847,0.22564980387687683,0.0101542416960001,0.003074804088100791,-6.466136932373047,29.899656295776367,0.00019999999494757503,0.0005000000237487257,0.0016163757536560297
66453504,0.15256063640117645,0.22303159534931183,0.010036421939730644,0.0026917310897260904,-6.467741966247559,22.97188949584961,0.00019999999494757503,0.0005000000237487257,0.00020467185822781175
66519040,0.15227392315864563,0.754914402961731,0.0339711457490921,0.002875132020562887,-6.472036361694336,25.458789825439453,0.00019999999494757503,0.0005000000237487257,7.662888674531132e-05
66584576,0.1519871950149536,0.9566994905471802,0.04305148124694824,0.0029961983673274517,-6.473121643066406,23.04292869567871,0.00019999999494757503,0.0005000000237487257,2.6974879801855423e-05
66650112,0.1517004817724228,0.40258118510246277,0.01811615377664566,0.002115377224981785,-6.476034164428711,31.366008758544922,0.00019999999494757503,0.0005000000237487257,0.00018741859821602702
66715648,0.15141375362873077,0.2520240247249603,0.01134108193218708,0.0023006172850728035,-6.478747367858887,24.385452270507812,0.00019999999494757503,0.0005000000237487257,0.001036345842294395
66781184,0.15112704038619995,0.2623212933540344,0.011804457753896713,0.0030867084860801697,-6.484016418457031,26.002187728881836,0.00019999999494757503,0.0005000000237487257,0.000387845269870013
66846720,0.15084032714366913,0.29706454277038574,0.013367905281484127,0.0025999550707638264,-6.485076904296875,27.98630142211914,0.00019999999494757503,0.0005000000237487257,7.331206870730966e-05
66912256,0.1505535989999771,0.4136013984680176,0.01861206255853176,0.0026423197705298662,-6.489372253417969,27.686059951782227,0.00019999999494757503,0.0005000000237487257,6.0200036386959255e-05
66977792,0.1502668857574463,0.2706877291202545,0.012180947698652744,0.002406828571110964,-6.494143962860107,26.234493255615234,0.00019999999494757503,0.0005000000237487257,0.00013861831394024193
67043328,0.14998015761375427,0.21133412420749664,0.009510034695267677,0.0029607736505568027,-6.4968976974487305,28.729930877685547,0.00019999999494757503,0.0005000000237487257,0.0004623190325219184
67108864,0.14969344437122345,0.20431451499462128,0.009194152429699898,0.002764811273664236,-6.500014305114746,23.95575523376465,0.00019999999494757503,0.0005000000237487257,0.0003512456896714866
67174400,0.14940671622753143,0.29439711570739746,0.013247871771454811,0.0024798393715173006,-6.498777389526367,21.66394805908203,0.00019999999494757503,0.0005000000237487257,9.503755427431315e-05
67239936,0.1491200029850006,0.21668818593025208,0.009750968776643276,0.0025366076733917,-6.50269079208374,31.446596145629883,0.00019999999494757503,0.0005000000237487257,0.00018075614934787154
67305472,0.1488332748413086,3.0952329635620117,0.13928548991680145,0.00512307183817029,-6.508233547210693,44.254825592041016,0.00019999999494757503,0.0005000000237487257,6.452840170823038e-05
67371008,0.14854656159877777,3.1797497272491455,0.14308872818946838,0.0028204931877553463,-6.512474060058594,51.693626403808594,0.00019999999494757503,0.0005000000237487257,2.6151261408813298e-05
67436544,0.14825983345508575,3.0515060424804688,0.13731777667999268,0.0029412303119897842,-6.517211437225342,37.69329833984375,0.00019999999494757503,0.0005000000237487257,1.818811142584309e-05
67502080,0.14797312021255493,2.683931589126587,0.12077692151069641,0.0030272090807557106,-6.523336887359619,34.58062744140625,0.00019999999494757503,0.0005000000237487257,5.9755417169071734e-05
67567616,0.1476864069700241,2.4663515090942383,0.11098583042621613,0.004158409312367439,-6.527868270874023,26.220352172851562,0.00019999999494757503,0.0005000000237487257,4.440544580575079e-05
67633152,0.1473996788263321,0.8980345129966736,0.04041155427694321,0.002421423327177763,-6.529890537261963,46.357337951660156,0.00019999999494757503,0.0005000000237487257,8.828796853777021e-05
67698688,0.14711296558380127,0.2890128493309021,0.013005577959120274,0.003408644115552306,-6.534365653991699,36.59780502319336,0.00019999999494757503,0.0005000000237487257,4.1759543819352984e-05
67764224,0.14682623744010925,0.6100341081619263,0.027451537549495697,0.002057368168607354,-6.536486625671387,24.29505729675293,0.00019999999494757503,0.0005000000237487257,3.0917635740479454e-05
67829760,0.14653952419757843,1.4286317825317383,0.064288429915905,0.002557387575507164,-6.539424896240234,28.82952117919922,0.00019999999494757503,0.0005000000237487257,2.4083617972792126e-05
67895296,0.1462527960538864,0.6619768142700195,0.02978895604610443,0.003996573388576508,-6.540523529052734,39.14923095703125,0.00019999999494757503,0.0005000000237487257,3.313868000986986e-05
67960832,0.1459660828113556,0.35325631499290466,0.01589653640985489,0.0027073780074715614,-6.543209075927734,39.10581588745117,0.00019999999494757503,0.0005000000237487257,0.0008525512530468404
68026368,0.14567935466766357,0.2651514410972595,0.01193181611597538,0.0029424948152154684,-6.544435024261475,27.949831008911133,0.00019999999494757503,0.0005000000237487257,0.0008958952385000885
68091904,0.14539264142513275,0.26606735587120056,0.011973031796514988,0.003107335651293397,-6.549401760101318,21.62893295288086,0.00019999999494757503,0.0005000000237487257,0.00020122347632423043
68157440,0.14510591328144073,0.6232691407203674,0.028047114610671997,0.0027279139030724764,-6.5518975257873535,32.282073974609375,0.00019999999494757503,0.0005000000237487257,6.885330367367715e-05
68222976,0.1448192000389099,1.088593602180481,0.04898671433329582,0.0037101958878338337,-6.555111885070801,25.274633407592773,0.00019999999494757503,0.0005000000237487257,2.1675610696547665e-05
68288512,0.1445324867963791,0.5696154236793518,0.025632694363594055,0.002302475506439805,-6.557485580444336,30.69102668762207,0.00019999999494757503,0.0005000000237487257,9.949963714461774e-05
68354048,0.14424575865268707,0.3387322425842285,0.01524295099079609,0.0027676261961460114,-6.5584917068481445,35.8031005859375,0.00019999999494757503,0.0005000000237487257,0.0007177636143751442
68419584,0.14395904541015625,0.34208300709724426,0.015393735840916634,0.0028522650245577097,-6.564826965332031,35.052650451660156,0.00019999999494757503,0.0005000000237487257,0.00021103648759890348
68485120,0.14367231726646423,0.3129490315914154,0.014082707464694977,0.003099022898823023,-6.565664291381836,31.374792098999023,0.00019999999494757503,0.0005000000237487257,3.970700709032826e-05
68550656,0.1433856040239334,0.5278753042221069,0.023754391819238663,0.0016663072165101767,-6.567294597625732,24.659244537353516,0.00019999999494757503,0.0005000000237487257,0.00014438680955208838
68616192,0.1430988758802414,0.38927751779556274,0.017517490312457085,0.002182102296501398,-6.572970390319824,27.27483367919922,0.00019999999494757503,0.0005000000237487257,6.73973627272062e-05
68681728,0.14281216263771057,0.24610868096351624,0.011074891313910484,0.0033972382079809904,-6.578096389770508,26.645626068115234,0.00019999999494757503,0.0005000000237487257,0.0003654907050076872
68747264,0.14252543449401855,0.24829648435115814,0.011173341423273087,0.0037486720830202103,-6.581704139709473,29.568050384521484,0.00019999999494757503,0.0005000000237487257,0.00016807197243906558
68812800,0.14223872125148773,0.3074616491794586,0.013835773803293705,0.002589830197393894,-6.582791805267334,23.39188003540039,0.00019999999494757503,0.0005000000237487257,4.338418148108758e-05
68878336,0.14195199310779572,0.2699300944805145,0.012146854773163795,0.0024765736889094114,-6.5844597816467285,32.874568939208984,0.00019999999494757503,0.0005000000237487257,0.0001309515500906855
68943872,0.1416652798652649,3.240002155303955,0.14580009877681732,0.004791177809238434,-6.590146064758301,56.86222839355469,0.00019999999494757503,0.0005000000237487257,7.012596324784681e-05
69009408,0.14137856662273407,3.241121292114258,0.14585046470165253,0.0025238050147891045,-6.594466209411621,55.35586166381836,0.00019999999494757503,0.0005000000237487257,1.7033085896400735e-05
69074944,0.14109183847904205,3.140413284301758,0.14131860435009003,0.0028107850812375546,-6.5985636711120605,36.77664566040039,0.00019999999494757503,0.0005000000237487257,1.5257411178026814e-05
69140480,0.14080512523651123,2.7848360538482666,0.12531763315200806,0.0032753697596490383,-6.603689193725586,36.20018768310547,0.00019999999494757503,0.0005000000237487257,6.90468295942992e-05
69206016,0.1405183970928192,2.6101229190826416,0.11745554953813553,0.003958110697567463,-6.606449127197266,30.036596298217773,0.00019999999494757503,0.0005000000237487257,4.970281588612124e-05
69271552,0.1402316838502884,1.0763784646987915,0.04843703284859657,0.00176223274320364,-6.609187126159668,39.1955680847168,0.00019999999494757503,0.0005000000237487257,6.0796639445470646e-05
69337088,0.13994495570659637,0.6492735743522644,0.02921731024980545,0.004079993814229965,-6.613504886627197,50.03465270996094,0.00019999999494757503,0.0005000000237487257,2.9263554097269662e-05
69402624,0.13965824246406555,1.4454745054244995,0.06504635512828827,0.0034236737992614508,-6.6159234046936035,27.468666076660156,0.00019999999494757503,0.0005000000237487257,2.5900199034367688e-05
69468160,0.13937151432037354,0.7013718485832214,0.03156173229217529,0.0024605211801826954,-6.6218109130859375,36.482879638671875,0.00019999999494757503,0.0005000000237487257,3.0432624043896794e-05
69533696,0.1390848010778427,0.46342921257019043,0.020854316651821136,0.0021183225326240063,-6.623124599456787,28.98653793334961,0.00019999999494757503,0.0005000000237487257,8.345234527951106e-05
69599232,0.1387980729341507,0.49767303466796875,0.022395288571715355,0.0034561585634946823,-6.626574516296387,39.01995849609375,0.00019999999494757503,0.0005000000237487257,0.0006088105728849769
69664768,0.13851135969161987,0.47930029034614563,0.02156851254403591,0.004247716628015041,-6.630754470825195,54.74180603027344,0.00019999999494757503,0.0005000000237487257,0.00019177219655830413
69730304,0.13822464644908905,0.6397347450256348,0.028788063675165176,0.003945899195969105,-6.632569789886475,35.75724411010742,0.00019999999494757503,0.0005000000237487257,0.00010453827417222783
69795840,0.13793791830539703,1.3202711343765259,0.05941220372915268,0.005930985789746046,-6.634078025817871,38.13571548461914,0.00019999999494757503,0.0005000000237487257,4.04804122808855e-05
69861376,0.1376512050628662,1.2314634323120117,0.05541585385799408,0.003681391477584839,-6.637289047241211,33.32304000854492,0.00019999999494757503,0.0005000000237487257,2.1915235265623778e-05
69926912,0.1373644769191742,0.8671093583106995,0.03901992365717888,0.003490439848974347,-6.638803482055664,36.36247634887695,0.00019999999494757503,0.0005000000237487257,7.024284423096105e-05
69992448,0.13707776367664337,0.780308187007904,0.0351138710975647,0.002820537658408284,-6.642642974853516,33.38844299316406,0.00019999999494757503,0.0005000000237487257,0.0002642593753989786
70057984,0.13679103553295135,0.730506956577301,0.03287281468510628,0.00298395031131804,-6.642874717712402,26.145374298095703,0.00019999999494757503,0.0005000000237487257,0.0002511721395421773
70123520,0.13650432229042053,0.5991538763046265,0.026961926370859146,0.003358598332852125,-6.646533966064453,30.14189910888672,0.00019999999494757503,0.0005000000237487257,0.0001348534569842741
70189056,0.13621759414672852,1.1568554639816284,0.05205850303173065,0.0037732510827481747,-6.647950649261475,20.498077392578125,0.00019999999494757503,0.0005000000237487257,5.870448148925789e-05
70254592,0.1359308809041977,0.9690418243408203,0.04360688477754593,0.003355523105710745,-6.649649620056152,27.655271530151367,0.00019999999494757503,0.0005000000237487257,3.1378978746943176e-05
70320128,0.13564415276050568,0.6271597743034363,0.02822219207882881,0.0030996878631412983,-6.652153968811035,28.638996124267578,0.00019999999494757503,0.0005000000237487257,8.780413918429986e-05
70385664,0.13535743951797485,0.6199474334716797,0.027897633612155914,0.0026860609650611877,-6.654511451721191,25.209280014038086,0.00019999999494757503,0.0005000000237487257,0.00036108418134972453
70451200,0.13507072627544403,0.5978694558143616,0.02690412662923336,0.003362800693139434,-6.6522674560546875,26.192800521850586,0.00019999999494757503,0.0005000000237487257,0.00015996029833331704
70516736,0.13478399813175201,0.5365443229675293,0.024144494906067848,0.0026846574619412422,-6.65484094619751,31.806812286376953,0.00019999999494757503,0.0005000000237487257,8.760926721151918e-05
70582272,0.1344972848892212,3.204108953475952,0.1441849023103714,0.0024294911418110132,-6.662307262420654,36.423892974853516,0.00019999999494757503,0.0005000000237487257,5.597333802143112e-05
70647808,0.13421055674552917,3.254879951477051,0.1464695930480957,0.0022279182448983192,-6.667347431182861,45.82405090332031,0.00019999999494757503,0.0005000000237487257,2.0899056835332885e-05
70713344,0.13392384350299835,3.18412184715271,0.14328548312187195,0.0019320533610880375,-6.673421382904053,42.57333755493164,0.00019999999494757503,0.0005000000237487257,1.455824440199649e-05
70778880,0.13363711535930634,2.617997407913208,0.11780989170074463,0.0028725145384669304,-6.676326751708984,32.52275848388672,0.00019999999494757503,0.0005000000237487257,9.061867604032159e-05
70844416,0.1333504021167755,2.5795462131500244,0.11607958376407623,0.0025852792896330357,-6.683072090148926,25.866798400878906,0.00019999999494757503,0.0005000000237487257,5.3411284170579165e-05
70909952,0.1330636739730835,1.0646216869354248,0.04790797829627991,0.0020443543326109648,-6.684505462646484,37.8217658996582,0.00019999999494757503,0.0005000000237487257,5.644694101647474e-05
70975488,0.13277696073055267,0.5463503003120422,0.02458576299250126,0.0025910628028213978,-6.689670562744141,31.666828155517578,0.00019999999494757503,0.0005000000237487257,3.626484249252826e-05
71041024,0.13249023258686066,1.1285547018051147,0.050784967839717865,0.0021677883341908455,-6.691908836364746,27.124622344970703,0.00019999999494757503,0.0005000000237487257,2.8667716833297163e-05
71106560,0.13220351934432983,0.9013611674308777,0.0405612550675869,0.0021976795978844166,-6.695377826690674,29.01994514465332,0.00019999999494757503,0.0005000000237487257,3.130280674668029e-05
71172096,0.131916806101799,0.48402759432792664,0.02178124152123928,0.003281453624367714,-6.69734001159668,34.55076599121094,0.00019999999494757503,0.0005000000237487257,8.050090400502086e-05
71237632,0.131630077958107,0.5317845344543457,0.023930301889777184,0.0029877384658902884,-6.699980735778809,32.60368728637695,0.00019999999494757503,0.0005000000237487257,0.00031926712836138904
71303168,0.13134336471557617,0.5346548557281494,0.024059468880295753,0.0024347626604139805,-6.702150344848633,29.51411247253418,0.00019999999494757503,0.0005000000237487257,0.0002937503159046173
71368704,0.13105663657188416,0.6461443901062012,0.029076499864459038,0.0037430564407259226,-6.706541061401367,34.875545501708984,0.00019999999494757503,0.0005000000237487257,0.00011296231241431087
71434240,0.13076992332935333,1.7625409364700317,0.07931435853242874,0.0034830078948289156,-6.707902908325195,34.29957580566406,0.00019999999494757503,0.0005000000237487257,3.1426250643562526e-05
71499776,0.13048319518566132,1.2446422576904297,0.05600890889763832,0.0038992578629404306,-6.710325717926025,30.260921478271484,0.00019999999494757503,0.0005000000237487257,1.9282120774732903e-05
71565312,0.1301964819431305,0.9017013311386108,0.04057656228542328,0.003759144339710474,-6.712672233581543,37.398773193359375,0.00019999999494757503,0.0005000000237487257,6.569316610693932e-05
71630848,0.12990975379943848,0.698029100894928,0.0314113087952137,0.0024589162785559893,-6.71563720703125,32.70066833496094,0.00019999999494757503,0.0005000000237487257,0.00018008977349381894
71696384,0.12962304055690765,0.6347483992576599,0.02856367640197277,0.0033966037444770336,-6.722871780395508,43.009246826171875,0.00019999999494757503,0.0005000000237487257,0.00011959978291997686
71761920,0.12933632731437683,0.5107163786888123,0.022982237860560417,0.002928568748757243,-6.725621223449707,34.61016082763672,0.00019999999494757503,0.0005000000237487257,8.051624172367156e-05
71827456,0.12904959917068481,0.8942340612411499,0.04024052992463112,0.003928689286112785,-6.730916976928711,22.71170997619629,0.00019999999494757503,0.0005000000237487257,7.172616460593417e-05
71892992,0.128762885928154,1.1349177360534668,0.051071301102638245,0.0042697289027273655,-6.732074737548828,29.541452407836914,0.00019999999494757503,0.0005000000237487257,2.113326445396524e-05
71958528,0.12847615778446198,0.6648165583610535,0.02991674654185772,0.0025257859379053116,-6.738039016723633,30.59273910522461,0.00019999999494757503,0.0005000000237487257,5.619095463771373e-05
72024064,0.12818944454193115,0.6392344236373901,0.02876555174589157,0.003079417860135436,-6.7376909255981445,30.848384857177734,0.00019999999494757503,0.0005000000237487257,0.0001982747344300151
72089600,0.12790271639823914,0.6843399405479431,0.030795302242040634,0.0027721284423023462,-6.739001750946045,32.060157775878906,0.00019999999494757503,0.0005000000237487257,9.010422945721075e-05
72155136,0.1276160031557083,0.4707268178462982,0.02118270844221115,0.0025101080536842346,-6.740610599517822,29.63397789001465,0.00019999999494757503,0.0005000000237487257,6.394548108801246e-05
72220672,0.1273292750120163,3.260666608810425,0.14673000574111938,0.002248849719762802,-6.748017311096191,40.72309875488281,0.00019999999494757503,0.0005000000237487257,5.557120675803162e-05
72286208,0.12704256176948547,3.3586480617523193,0.15113916993141174,0.002006970578804612,-6.754945755004883,42.126258850097656,0.00019999999494757503,0.0005000000237487257,1.584907113283407e-05
72351744,0.12675583362579346,3.2957425117492676,0.1483084261417389,0.002822687616571784,-6.759690284729004,41.509952545166016,0.00019999999494757503,0.0005000000237487257,1.2360043001535814e-05
72417280,0.12646912038326263,2.991391181945801,0.13461260497570038,0.003066765144467354,-6.764047622680664,38.877105712890625,0.00019999999494757503,0.0005000000237487257,4.406910375109874e-05
72482816,0.1261824071407318,2.7975757122039795,0.12589091062545776,0.0026918433140963316,-6.7674784660339355,28.71670150756836,0.00019999999494757503,0.0005000000237487257,4.658440229832195e-05
72548352,0.1258956789970398,1.1946616172790527,0.05375977233052254,0.001916024019010365,-6.769939422607422,34.84849166870117,0.00019999999494757503,0.0005000000237487257,5.2971794502809644e-05
72613888,0.12560896575450897,0.3873390853404999,0.0174302589148283,0.0024000778794288635,-6.772067070007324,35.60334777832031,0.00019999999494757503,0.0005000000237487257,2.414622031210456e-05
72679424,0.12532223761081696,0.8155883550643921,0.03670147806406021,0.0029951483011245728,-6.774999618530273,26.720476150512695,0.00019999999494757503,0.0005000000237487257,2.317914186278358e-05
72744960,0.12503552436828613,1.5262850522994995,0.06868283450603485,0.0030441174749284983,-6.778568267822266,32.9978141784668,0.00019999999494757503,0.0005000000237487257,1.5295732737286016e-05
72810496,0.12474880367517471,1.0932238101959229,0.049195073544979095,0.0027223045472055674,-6.779697418212891,37.60699462890625,0.00019999999494757503,0.0005000000237487257,2.8667000151472166e-05
72876032,0.1244620829820633,0.5270882248878479,0.023718971759080887,0.002440599026158452,-6.779583930969238,36.65785598754883,0.00019999999494757503,0.0005000000237487257,0.0008433707989752293
72941568,0.12417536228895187,0.4373607039451599,0.019681233912706375,0.001983171794563532,-6.783236026763916,28.55738639831543,0.00019999999494757503,0.0005000000237487257,0.0014500332763418555
73007104,0.12388864159584045,0.46949177980422974,0.021127132698893547,0.003355693770572543,-6.786285400390625,25.29582977294922,0.00019999999494757503,0.0005000000237487257,0.0002445167629048228
73072640,0.12360192090272903,1.0095844268798828,0.04543129727244377,0.005813860800117254,-6.787603378295898,33.14304733276367,0.00019999999494757503,0.0005000000237487257,6.0936341469641775e-05
73138176,0.12331520020961761,1.0809855461120605,0.04864434897899628,0.003270405577495694,-6.785430431365967,23.402538299560547,0.00019999999494757503,0.0005000000237487257,2.12579525395995e-05
73203712,0.1230284795165062,0.6733933687210083,0.030302705243229866,0.0025717958342283964,-6.78667688369751,26.57476043701172,0.00019999999494757503,0.0005000000237487257,0.00014475324132945389
73269248,0.12274175882339478,0.5312140583992004,0.02390463463962078,0.0026207100600004196,-6.790498733520508,26.325647354125977,0.00019999999494757503,0.0005000000237487257,0.0004523694806266576
73334784,0.12245503813028336,0.5864120125770569,0.026388542726635933,0.003401001915335655,-6.798426151275635,28.611204147338867,0.00019999999494757503,0.0005000000237487257,0.00016575318295508623
73400320,0.12216831743717194,0.5208046436309814,0.023436207324266434,0.003114746417850256,-6.801364421844482,29.801067352294922,0.00019999999494757503,0.0005000000237487257,8.879408414941281e-05
73465856,0.12188159674406052,1.1522164344787598,0.051849741488695145,0.003170947777107358,-6.805014610290527,25.433860778808594,0.00019999999494757503,0.0005000000237487257,0.00026516139041632414
73531392,0.1215948835015297,0.5177316665649414,0.023297924548387527,0.0024861141573637724,-6.81060791015625,27.20614242553711,0.00019999999494757503,0.0005000000237487257,5.090859849588014e-05
73596928,0.12130816280841827,0.3579210340976715,0.01610644906759262,0.0028698781970888376,-6.813760757446289,26.71087646484375,0.00019999999494757503,0.0005000000237487257,0.000217030115891248
73662464,0.12102144211530685,0.6201738119125366,0.027907826006412506,0.0026678643189370632,-6.816972732543945,30.925783157348633,0.00019999999494757503,0.0005000000237487257,0.00031050090910866857
73728000,0.12073472142219543,1.0383307933807373,0.046724893152713776,0.0030669919215142727,-6.816457748413086,36.56683349609375,0.00019999999494757503,0.0005000000237487257,6.374676013365388e-05
73793536,0.12044800072908401,0.5317906141281128,0.02393057942390442,0.0023045751731842756,-6.820154190063477,31.575769424438477,0.00019999999494757503,0.0005000000237487257,0.0001207711102324538
73859072,0.1201612800359726,3.2158844470977783,0.14471480250358582,0.0030810388270765543,-6.826077461242676,48.400638580322266,0.00019999999494757503,0.0005000000237487257,5.464361674967222e-05
73924608,0.11987455934286118,3.369990825653076,0.1516495794057846,0.0022855065762996674,-6.832211494445801,46.17281723022461,0.00019999999494757503,0.0005000000237487257,1.6406744180130772e-05
73990144,0.11958783864974976,3.350949287414551,0.15079271793365479,0.0020716048311442137,-6.837862014770508,34.67467498779297,0.00019999999494757503,0.0005000000237487257,1.4213824215403292e-05
74055680,0.11930111795663834,3.110440492630005,0.1399698257446289,0.0033667078241705894,-6.841128349304199,37.30543518066406,0.00019999999494757503,0.0005000000237487257,4.270548015483655e-05
74121216,0.11901439726352692,2.991589307785034,0.1346215307712555,0.0020480274688452482,-6.844642639160156,32.65262985229492,0.00019999999494757503,0.0005000000237487257,3.4356613468844444e-05
74186752,0.1187276765704155,1.2962456941604614,0.05833106487989426,0.00242966553196311,-6.844061374664307,47.08012771606445,0.00019999999494757503,0.0005000000237487257,4.739799987873994e-05
74252288,0.11844096332788467,0.5841108560562134,0.02628498710691929,0.0025628958828747272,-6.846467971801758,41.97842788696289,0.00019999999494757503,0.0005000000237487257,2.284588299517054e-05
74317824,0.11815424263477325,1.1985138654708862,0.05393312871456146,0.002505202777683735,-6.849692344665527,33.44868469238281,0.00019999999494757503,0.0005000000237487257,2.805297299346421e-05
74383360,0.11786752194166183,1.983895182609558,0.0892752856016159,0.002593821845948696,-6.852835178375244,36.100257873535156,0.00019999999494757503,0.0005000000237487257,1.4454674783337396e-05
74448896,0.11758080124855042,1.217851996421814,0.05480334535241127,0.002955805975943804,-6.855530261993408,32.74342727661133,0.00019999999494757503,0.0005000000237487257,3.421815199544653e-05
74514432,0.117294080555439,0.5736446976661682,0.025814013555645943,0.0023669821675866842,-6.859188079833984,37.55062484741211,0.00019999999494757503,0.0005000000237487257,0.0008677789010107517
74579968,0.11700735986232758,0.41760826110839844,0.018792372196912766,0.002231965074315667,-6.862235069274902,31.496122360229492,0.00019999999494757503,0.0005000000237487257,0.001279593212530017
74645504,0.11672063916921616,0.4645717144012451,0.02090573124587536,0.0027779643423855305,-6.863945484161377,29.73764419555664,0.00019999999494757503,0.0005000000237487257,0.0002990426146425307
74711040,0.11643391847610474,0.748286783695221,0.03367290645837784,0.004232787527143955,-6.86682653427124,34.821022033691406,0.00019999999494757503,0.0005000000237487257,6.82041427353397e-05
74776576,0.11614719778299332,1.1878273487091064,0.05345223844051361,0.002979077398777008,-6.868756294250488,29.009483337402344,0.00019999999494757503,0.0005000000237487257,1.9175480701960623e-05
74842112,0.1158604770898819,0.7428300380706787,0.03342735022306442,0.0026465007103979588,-6.873016357421875,37.6883544921875,0.00019999999494757503,0.0005000000237487257,5.052499909652397e-05
74907648,0.11557375639677048,0.4379737675189972,0.019708819687366486,0.002589042065665126,-6.875185489654541,29.985408782958984,0.00019999999494757503,0.0005000000237487257,0.00032497465144842863
74973184,0.11528704315423965,0.4857942461967468,0.021860744804143906,0.0028496028389781713,-6.877803325653076,27.610742568969727,0.00019999999494757503,0.0005000000237487257,0.00013684286386705935
75038720,0.11500032246112823,0.8086749315261841,0.03639037534594536,0.0026644612662494183,-6.879002571105957,31.641765594482422,0.00019999999494757503,0.0005000000237487257,7.837784505682066e-05
75104256,0.11471360176801682,0.5469052791595459,0.024610741063952446,0.0023033118341118097,-6.884193420410156,33.26804733276367,0.00019999999494757503,0.0005000000237487257,2.522518116165884e-05
75169792,0.1144268810749054,0.4231985807418823,0.0190439373254776,0.0024938408751040697,-6.886549949645996,28.552322387695312,0.00019999999494757503,0.0005000000237487257,0.00010424466745462269
75235328,0.11414016038179398,0.43867844343185425,0.019740531221032143,0.0036880015395581722,-6.890987873077393,27.965051651000977,0.00019999999494757503,0.0005000000237487257,0.00011567269393708557
75300864,0.11385343968868256,0.3803079128265381,0.017113856971263885,0.004016532562673092,-6.8948588371276855,29.045534133911133,0.00019999999494757503,0.0005000000237487257,5.306545790517703e-05
75366400,0.11356671899557114,0.44653502106666565,0.020094076171517372,0.0032424917444586754,-6.892980575561523,35.63172912597656,0.00019999999494757503,0.0005000000237487257,3.214606113033369e-05
75431936,0.11327999830245972,0.37120428681373596,0.016704194247722626,0.0022594172041863203,-6.898205280303955,31.835453033447266,0.00019999999494757503,0.0005000000237487257,0.0002233089180663228
75497472,0.1129932776093483,3.249706506729126,0.14623680710792542,0.003361840732395649,-6.903841972351074,50.01008987426758,0.00019999999494757503,0.0005000000237487257,5.805696127936244e-05
75563008,0.11270655691623688,3.395448923110962,0.1527951955795288,0.003749188967049122,-6.906466484069824,67.54231262207031,0.00019999999494757503,0.0005000000237487257,1.5129899111343548e-05
75628544,0.11241984367370605,3.393658399581909,0.15271463990211487,0.0027804020792245865,-6.912511825561523,43.096641540527344,0.00019999999494757503,0.0005000000237487257,1.3634188690048177e-05
75694080,0.11213312298059464,3.118917465209961,0.1403513103723526,0.002850661985576153,-6.915385723114014,34.933128356933594,0.00019999999494757503,0.0005000000237487257,3.7012123357271776e-05
75759616,0.11184640228748322,3.0616753101348877,0.13777539134025574,0.002715439535677433,-6.9184489250183105,31.885826110839844,0.00019999999494757503,0.0005000000237487257,3.177643520757556e-05
75825152,0.1115596815943718,1.389298677444458,0.06251844018697739,0.002292575081810355,-6.922857761383057,39.324283599853516,0.00019999999494757503,0.0005000000237487257,4.554597398964688e-05
75890688,0.11127296090126038,0.5725706815719604,0.025765681639313698,0.002138459589332342,-6.925829887390137,32.92279052734375,0.00019999999494757503,0.0005000000237487257,2.3324988433159888e-05
75956224,0.11098624020814896,1.0823098421096802,0.04870394244790077,0.0026776224840432405,-6.930580139160156,31.09808349609375,0.00019999999494757503,0.0005000000237487257,3.0073055313550867e-05
76021760,0.11069951951503754,2.0087976455688477,0.09039589762687683,0.002667102264240384,-6.93265438079834,41.6152229309082,0.00019999999494757503,0.0005000000237487257,1.812427944969386e-05
76087296,0.11041279882192612,1.8997234106063843,0.08548755943775177,0.002985250437632203,-6.934314727783203,39.17695236206055,0.00019999999494757503,0.0005000000237487257,2.9436758268275298e-05
76152832,0.1101260781288147,0.6951260566711426,0.03128066658973694,0.003056491259485483,-6.938610076904297,37.99409484863281,0.00019999999494757503,0.0005000000237487257,0.0012607425451278687
76218368,0.10983935743570328,0.44199445843696594,0.019889753311872482,0.0024938129354268312,-6.942117214202881,37.000274658203125,0.00019999999494757503,0.0005000000237487257,0.0032850001007318497
76283904,0.10955263674259186,0.49596965312957764,0.022318636998534203,0.0032520568929612637,-6.946051597595215,33.64452362060547,0.00019999999494757503,0.0005000000237487257,0.00036608640220947564
76349440,0.10926592350006104,0.658147394657135,0.02961663156747818,0.0035817709285765886,-6.948711395263672,34.04472351074219,0.00019999999494757503,0.0005000000237487257,0.00011764538066927344
76414976,0.10897920280694962,1.4719539880752563,0.0662379339337349,0.0030154716223478317,-6.952704906463623,34.42167663574219,0.00019999999494757503,0.0005000000237487257,4.967141285305843e-05
76480512,0.1086924821138382,0.9600008726119995,0.043200038373470306,0.002871180884540081,-6.954373836517334,33.068328857421875,0.00019999999494757503,0.0005000000237487257,3.4309152397327125e-05
76546048,0.10840576142072678,0.5923224091529846,0.026654507964849472,0.0025946239475160837,-6.956759452819824,35.21291732788086,0.00019999999494757503,0.0005000000237487257,0.00011858242942253128
76611584,0.10811904072761536,0.524314284324646,0.023594144731760025,0.0026465165428817272,-6.957528114318848,30.30934715270996,0.00019999999494757503,0.0005000000237487257,0.00011893745977431536
76677120,0.10783232003450394,0.4909636676311493,0.02209336683154106,0.00332616176456213,-6.9593095779418945,33.57145690917969,0.00019999999494757503,0.0005000000237487257,7.049013947835192e-05
76742656,0.10754559934139252,0.5076229572296143,0.02284303493797779,0.0028276792727410793,-6.961299896240234,31.97982406616211,0.00019999999494757503,0.0005000000237487257,8.185883052647114e-05
76808192,0.1072588786482811,0.5502216815948486,0.02475997805595398,0.003075521672144532,-6.965883255004883,34.68330764770508,0.00019999999494757503,0.0005000000237487257,3.443426248850301e-05
76873728,0.10697215795516968,0.41427069902420044,0.018642183393239975,0.003160786582157016,-6.967686653137207,32.78038024902344,0.00019999999494757503,0.0005000000237487257,5.498858081409708e-05
76939264,0.10668543726205826,0.4120180010795593,0.01854081079363823,0.0032973717898130417,-6.970322608947754,29.012359619140625,0.00019999999494757503,0.0005000000237487257,9.13371768547222e-05
77004800,0.10639871656894684,0.466652512550354,0.02099936455488205,0.0030145025812089443,-6.9731245040893555,28.87736701965332,0.00019999999494757503,0.0005000000237487257,6.068240327294916e-05
77070336,0.10611200332641602,0.4304514527320862,0.019370317459106445,0.0021505446638911963,-6.974587440490723,27.649503707885742,0.00019999999494757503,0.0005000000237487257,6.604803638765588e-05
77135872,0.1058252826333046,3.28261399269104,0.1477176547050476,0.003090220969170332,-6.983306884765625,47.81659698486328,0.00019999999494757503,0.0005000000237487257,4.955855183652602e-05
77201408,0.10553856194019318,3.357307195663452,0.15107882022857666,0.0022621925454586744,-6.984962463378906,49.31541442871094,0.00019999999494757503,0.0005000000237487257,9.9208700703457e-06
77266944,0.10525184124708176,3.3315072059631348,0.1499178260564804,0.0018373291241005063,-6.9905571937561035,29.498451232910156,0.00019999999494757503,0.0005000000237487257,1.1748323231586255e-05
77332480,0.10496512055397034,3.1569323539733887,0.1420619636774063,0.0027672566939145327,-6.995142459869385,36.02116775512695,0.00019999999494757503,0.0005000000237487257,2.3294980564969592e-05
77398016,0.10467839986085892,3.032336473464966,0.13645517826080322,0.002610577270388603,-7.000811576843262,32.83376693725586,0.00019999999494757503,0.0005000000237487257,2.1535503037739545e-05
77463552,0.1043916791677475,1.3057345151901245,0.05875805765390396,0.001965003553777933,-7.003866672515869,39.124855041503906,0.00019999999494757503,0.0005000000237487257,4.233408981235698e-05
77529088,0.10410495847463608,0.4468477964401245,0.02010815218091011,0.003185397945344448,-7.007343292236328,30.452251434326172,0.00019999999494757503,0.0005000000237487257,2.074804433505051e-05
77594624,0.10381823778152466,1.4110928773880005,0.06349917501211166,0.0023360969498753548,-7.0130767822265625,26.094188690185547,0.00019999999494757503,0.0005000000237487257,2.2115556930657476e-05
77660160,0.10353151708841324,1.9345760345458984,0.08705592900514603,0.0021932136733084917,-7.0152974128723145,26.42293357849121,0.00019999999494757503,0.0005000000237487257,1.2340702596702613e-05
77725696,0.10324479639530182,1.4558038711547852,0.06551117449998856,0.0023577380925416946,-7.014233112335205,25.476015090942383,0.00019999999494757503,0.0005000000237487257,3.115215076832101e-05
77791232,0.102958083152771,0.5757511854171753,0.025908799842000008,0.0027957740239799023,-7.017169952392578,34.13158416748047,0.00019999999494757503,0.0005000000237487257,0.0017435060581192374
77856768,0.10267136245965958,0.37149280309677124,0.016717175021767616,0.0020855397451668978,-7.021970748901367,40.00739288330078,0.00019999999494757503,0.0005000000237487257,0.0021933354437351227
77922304,0.10238464176654816,0.386241614818573,0.01738087460398674,0.00323944678530097,-7.023745536804199,31.627159118652344,0.00019999999494757503,0.0005000000237487257,0.0001530120789539069
77987840,0.10209792107343674,0.5810861587524414,0.026148878037929535,0.003018948482349515,-7.0269293785095215,29.340726852416992,0.00019999999494757503,0.0005000000237487257,5.0886013923445717e-05
78053376,0.10181120038032532,1.158128261566162,0.052115775644779205,0.002944720908999443,-7.0275068283081055,24.576213836669922,0.00019999999494757503,0.0005000000237487257,2.432270412100479e-05
78118912,0.1015244796872139,0.7279098033905029,0.03275594115257263,0.0021066756453365088,-7.033221244812012,35.49387741088867,0.00019999999494757503,0.0005000000237487257,5.420462184702046e-05
78184448,0.10123775899410248,0.4240683913230896,0.01908307895064354,0.0022019308526068926,-7.035859107971191,25.894132614135742,0.00019999999494757503,0.0005000000237487257,0.000671997491735965
78249984,0.10095103830099106,0.4738304913043976,0.021322373300790787,0.00262013403698802,-7.0374274253845215,24.074506759643555,0.00019999999494757503,0.0005000000237487257,0.00031854427652433515
78315520,0.10066431760787964,0.41158777475357056,0.018521448597311974,0.003079821355640888,-7.039318084716797,27.993196487426758,0.00019999999494757503,0.0005000000237487257,0.00010833913984242827
78381056,0.10037759691476822,0.8071955442428589,0.036323800683021545,0.002349535468965769,-7.043715476989746,31.374725341796875,0.00019999999494757503,0.0005000000237487257,0.00016734757809899747
78446592,0.1000908836722374,0.8559874296188354,0.03851943835616112,0.002935213502496481,-7.0474982261657715,32.696250915527344,0.00019999999494757503,0.0005000000237487257,3.290022141300142e-05
78512128,0.09980416297912598,0.42559918761253357,0.019151965156197548,0.003133199643343687,-7.052745819091797,38.260196685791016,0.00019999999494757503,0.0005000000237487257,0.0001174325225292705
78577664,0.09951744228601456,0.4447290599346161,0.020012808963656425,0.0027043423615396023,-7.058222770690918,28.759775161743164,0.00019999999494757503,0.0005000000237487257,0.0002416108181932941
78643200,0.09923072159290314,0.5579541921615601,0.025107940658926964,0.0023759366013109684,-7.059211730957031,25.726591110229492,0.00019999999494757503,0.0005000000237487257,0.00013360449520405382
78708736,0.09894400089979172,0.3747083246707916,0.016861876472830772,0.0028923274949193,-7.062370300292969,36.4930534362793,0.00019999999494757503,0.0005000000237487257,9.494084224570543e-05
78774272,0.0986572802066803,3.3833916187286377,0.15225264430046082,0.00364304450340569,-7.068608283996582,50.791648864746094,0.00019999999494757503,0.0005000000237487257,4.348883521743119e-05
78839808,0.09837055951356888,3.3511576652526855,0.1508021056652069,0.0018383408896625042,-7.068901062011719,47.55179977416992,0.00019999999494757503,0.0005000000237487257,1.238195545738563e-05
78905344,0.09808383882045746,3.3102645874023438,0.14896191656589508,0.0025162247475236654,-7.072648525238037,50.02983474731445,0.00019999999494757503,0.0005000000237487257,1.1870113667100668e-05
78970880,0.09779711812734604,3.131197214126587,0.14090389013290405,0.0020131529308855534,-7.07782506942749,27.709720611572266,0.00019999999494757503,0.0005000000237487257,2.3893155230325647e-05
79036416,0.09751039743423462,2.9735493659973145,0.13380973041057587,0.0024350089952349663,-7.080572605133057,26.336910247802734,0.00019999999494757503,0.0005000000237487257,2.2891876142239198e-05
79101952,0.0972236767411232,1.2949711084365845,0.05827370285987854,0.00222400831989944,-7.081303119659424,46.629180908203125,0.00019999999494757503,0.0005000000237487257,4.3751166231231764e-05
79167488,0.09693696349859238,0.4363268315792084,0.019634708762168884,0.0022131511941552162,-7.085148334503174,27.584716796875,0.00019999999494757503,0.0005000000237487257,2.1371175535023212e-05
79233024,0.09665024280548096,1.3272130489349365,0.059724584221839905,0.0025421399623155594,-7.089644908905029,29.337038040161133,0.00019999999494757503,0.0005000000237487257,2.3753340428811498e-05
79298560,0.09636352211236954,2.1018800735473633,0.09458459913730621,0.0022841813042759895,-7.094287872314453,26.180633544921875,0.00019999999494757503,0.0005000000237487257,1.4697612641612068e-05
79364096,0.09607680141925812,1.0584802627563477,0.04763161018490791,0.002227615797892213,-7.09734582901001,32.16413497924805,0.00019999999494757503,0.0005000000237487257,2.907784073613584e-05
79429632,0.0957900807261467,0.4907470643520355,0.022083619609475136,0.0021094055846333504,-7.101407051086426,32.70555877685547,0.00019999999494757503,0.0005000000237487257,0.001529586617834866
79495168,0.09550336003303528,0.4015548527240753,0.01806996949017048,0.003015827387571335,-7.100362777709961,51.48603820800781,0.00019999999494757503,0.0005000000237487257,0.00191518384963274
79560704,0.09521663933992386,0.45382967591285706,0.020422333851456642,0.003105302806943655,-7.107102394104004,27.253887176513672,0.00019999999494757503,0.0005000000237487257,0.0002045888249995187
79626240,0.09492991864681244,0.9698898792266846,0.04364504665136337,0.003258010372519493,-7.111840724945068,25.097248077392578,0.00019999999494757503,0.0005000000237487257,5.755216989200562e-05
79691776,0.09464319795370102,1.4257711172103882,0.06415969878435135,0.003134546335786581,-7.116974353790283,25.77811050415039,0.00019999999494757503,0.0005000000237487257,1.9720753698493354e-05
79757312,0.0943564772605896,0.8454133868217468,0.03804359957575798,0.0027539602015167475,-7.11931037902832,36.17011642456055,0.00019999999494757503,0.0005000000237487257,7.285463652806357e-05
79822848,0.09406975656747818,0.5814967155456543,0.026167353615164757,0.002771741710603237,-7.119746208190918,30.745983123779297,0.00019999999494757503,0.0005000000237487257,0.0003671141457743943
79888384,0.09378304332494736,0.6583874821662903,0.029627442359924316,0.002645929343998432,-7.119654178619385,31.01950454711914,0.00019999999494757503,0.0005000000237487257,0.00016855179273989052
79953920,0.09349632263183594,0.6291970014572144,0.02831386774778366,0.0031009619124233723,-7.124564170837402,37.722713470458984,0.00019999999494757503,0.0005000000237487257,7.727020420134068e-05
80019456,0.09320960193872452,0.8480033874511719,0.03816015273332596,0.002856442704796791,-7.124312877655029,31.02463722229004,0.00019999999494757503,0.0005000000237487257,4.698010889114812e-05
80084992,0.0929228812456131,0.6530919075012207,0.029389137402176857,0.002828276949003339,-7.122435092926025,30.972566604614258,0.00019999999494757503,0.0005000000237487257,3.410339922993444e-05
80150528,0.09263616055250168,0.42177826166152954,0.01898002251982689,0.003395001171156764,-7.123386859893799,38.39744567871094,0.00019999999494757503,0.0005000000237487257,0.00017265418136958033
80216064,0.09234943985939026,0.5662634968757629,0.02548185922205448,0.0026220427826046944,-7.123795509338379,28.374534606933594,0.00019999999494757503,0.0005000000237487257,0.0001880016061477363
80281600,0.09206271916627884,1.0623201131820679,0.04780441150069237,0.0021080290898680687,-7.12353515625,31.27611541748047,0.00019999999494757503,0.0005000000237487257,7.516776531701908e-05
80347136,0.09177599847316742,0.5311926603317261,0.02390366978943348,0.0024769254960119724,-7.126025199890137,34.000083923339844,0.00019999999494757503,0.0005000000237487257,0.00010196195216849446
80412672,0.091489277780056,3.2831778526306152,0.14774300158023834,0.0032034581527113914,-7.131623268127441,47.950626373291016,0.00019999999494757503,0.0005000000237487257,4.3727559386752546e-05
80478208,0.09120255708694458,3.384340524673462,0.15229532122612,0.0018623897340148687,-7.130324363708496,40.3504753112793,0.00019999999494757503,0.0005000000237487257,1.4385258509719279e-05
80543744,0.09091583639383316,3.380004644393921,0.15210020542144775,0.0018470550421625376,-7.131645679473877,38.6536979675293,0.00019999999494757503,0.0005000000237487257,1.3793084690405522e-05
80609280,0.09062912315130234,3.1887712478637695,0.14349471032619476,0.002492064842954278,-7.129548072814941,35.503135681152344,0.00019999999494757503,0.0005000000237487257,2.064933505607769e-05
80674816,0.09034240245819092,2.9657928943634033,0.13346067070960999,0.0026901662349700928,-7.132619380950928,26.529035568237305,0.00019999999494757503,0.0005000000237487257,2.089689951390028e-05
80740352,0.0900556817650795,1.3353075981140137,0.06008883938193321,0.001958894543349743,-7.131679058074951,36.04734420776367,0.00019999999494757503,0.0005000000237487257,4.054842793266289e-05
80805888,0.08976896107196808,0.4722934067249298,0.021253203973174095,0.002740956610068679,-7.133715629577637,46.61097717285156,0.00019999999494757503,0.0005000000237487257,2.0693769329227507e-05
80871424,0.08948224037885666,1.1423680782318115,0.05140656232833862,0.0024182309862226248,-7.132770538330078,30.637100219726562,0.00019999999494757503,0.0005000000237487257,2.2430487661040388e-05
80936960,0.08919551968574524,2.000380277633667,0.09001711010932922,0.00269109383225441,-7.1330132484436035,34.325958251953125,0.00019999999494757503,0.0005000000237487257,1.2819165021937806e-05
81002496,0.08890879899263382,1.8209278583526611,0.08194176107645035,0.0026556579396128654,-7.132878303527832,32.15850067138672,0.00019999999494757503,0.0005000000237487257,2.5612242097849958e-05
81068032,0.0886220782995224,0.7428020238876343,0.03342609107494354,0.0028529013507068157,-7.13142204284668,30.79743194580078,0.00019999999494757503,0.0005000000237487257,0.0006803303840570152
81133568,0.08833535760641098,0.46499407291412354,0.020924733951687813,0.0029226625338196754,-7.132796764373779,41.27097702026367,0.00019999999494757503,0.0005000000237487257,0.0013972054002806544
81199104,0.08804863691329956,0.5038058757781982,0.02267126552760601,0.002895066048949957,-7.130068778991699,30.575489044189453,0.00019999999494757503,0.0005000000237487257,0.0002173631510231644
81264640,0.08776192367076874,0.9958726167678833,0.044814273715019226,0.0027919525746256113,-7.12937068939209,32.117794036865234,0.00019999999494757503,0.0005000000237487257,5.770059215137735e-05
81330176,0.08747520297765732,1.1392709016799927,0.05126718804240227,0.0036065797321498394,-7.126701354980469,35.57712936401367,0.00019999999494757503,0.0005000000237487257,1.6362459064112045e-05
81395712,0.0871884822845459,0.7912560701370239,0.03560652583837509,0.003476780606433749,-7.126173973083496,49.6849479675293,0.00019999999494757503,0.0005000000237487257,7.610540342284366e-05
81461248,0.08690176159143448,0.5006468892097473,0.022529112175107002,0.0026900770608335733,-7.127678871154785,28.16008758544922,0.00019999999494757503,0.0005000000237487257,0.00039701577043160796
81526784,0.08661504089832306,0.5339048504829407,0.024025719612836838,0.002987820655107498,-7.1239752769470215,32.99382400512695,0.00019999999494757503,0.0005000000237487257,0.00020190705254208297
81592320,0.08632832020521164,0.5260100364685059,0.02367045171558857,0.0026102636475116014,-7.1245245933532715,27.585206985473633,0.00019999999494757503,0.0005000000237487257,5.426629650173709e-05
81657856,0.08604159951210022,0.47984376549720764,0.021592970937490463,0.0019436447182670236,-7.121170520782471,32.170528411865234,0.00019999999494757503,0.0005000000237487257,7.765060581732541e-05
81723392,0.0857548788189888,0.44492650032043457,0.020021693781018257,0.0025516098830848932,-7.122786521911621,36.50595474243164,0.00019999999494757503,0.0005000000237487257,6.03710395807866e-05
81788928,0.08546815812587738,0.3973158597946167,0.017879214137792587,0.00276727182790637,-7.122642993927002,29.209991455078125,0.00019999999494757503,0.0005000000237487257,0.0001574639609316364
81854464,0.08518143743276596,0.4977584779262543,0.02239913120865822,0.002463721437379718,-7.12101936340332,26.19959259033203,0.00019999999494757503,0.0005000000237487257,0.00027387001318857074
81920000,0.08489471673965454,1.1144380569458008,0.050149716436862946,0.0024285197723656893,-7.123893737792969,30.24238395690918,0.00019999999494757503,0.0005000000237487257,6.003567614243366e-05
81985536,0.08460800349712372,0.5043684840202332,0.022696582600474358,0.002126187551766634,-7.124050140380859,30.334529876708984,0.00019999999494757503,0.0005000000237487257,6.922749889781699e-05
82051072,0.0843212828040123,3.308603286743164,0.14888717234134674,0.0026946126017719507,-7.1293840408325195,42.77156066894531,0.00019999999494757503,0.0005000000237487257,4.358099613455124e-05
82116608,0.08403456211090088,3.387613534927368,0.15244260430335999,0.0021778354421257973,-7.128435134887695,49.440486907958984,0.00019999999494757503,0.0005000000237487257,1.5010790775704663e-05
82182144,0.08374784141778946,3.400005340576172,0.15300026535987854,0.0023835261818021536,-7.130690097808838,40.036739349365234,0.00019999999494757503,0.0005000000237487257,1.517249347671168e-05
82247680,0.08346112072467804,3.218348979949951,0.14482571184635162,0.002950068796053529,-7.128144264221191,37.59541702270508,0.00019999999494757503,0.0005000000237487257,1.4719329556101002e-05
82313216,0.08317440003156662,3.111382246017456,0.1400122046470642,0.002717643277719617,-7.128674507141113,30.980009078979492,0.00019999999494757503,0.0005000000237487257,1.8837812604033388e-05
82378752,0.0828876793384552,1.3288264274597168,0.059797193855047226,0.0025419238954782486,-7.128273963928223,41.56037521362305,0.00019999999494757503,0.0005000000237487257,4.299205102142878e-05
82444288,0.08260095864534378,0.49441325664520264,0.02224859595298767,0.0024773981422185898,-7.127994537353516,36.41526412963867,0.00019999999494757503,0.0005000000237487257,2.1925272449152544e-05
82509824,0.08231423795223236,1.1410192251205444,0.05134586617350578,0.0021185046061873436,-7.131495952606201,31.053133010864258,0.00019999999494757503,0.0005000000237487257,2.5576115149306133e-05
82575360,0.08202751725912094,2.0461556911468506,0.09207700937986374,0.003801414743065834,-7.127597332000732,37.82636260986328,0.00019999999494757503,0.0005000000237487257,1.5079316654009745e-05
82640896,0.08174079656600952,1.2307320833206177,0.055382948368787766,0.002178661525249481,-7.126558780670166,32.166351318359375,0.00019999999494757503,0.0005000000237487257,2.4004129954846576e-05
82706432,0.0814540833234787,0.5791139006614685,0.02606012299656868,0.0024822717532515526,-7.126772880554199,44.625755310058594,0.00019999999494757503,0.0005000000237487257,0.0010415465803816915
82771968,0.08116736263036728,0.41816800832748413,0.018817560747265816,0.002271743956953287,-7.126480579376221,37.498008728027344,0.00019999999494757503,0.0005000000237487257,0.0013917535543441772
82837504,0.08088064193725586,0.44400903582572937,0.019980408251285553,0.002984785009175539,-7.125099182128906,28.943681716918945,0.00019999999494757503,0.0005000000237487257,0.00013173630577512085
82903040,0.08059392124414444,0.7522056698799133,0.03384925425052643,0.002772918902337551,-7.127020835876465,31.46329116821289,0.00019999999494757503,0.0005000000237487257,5.3204261348582804e-05
82968576,0.08030720055103302,1.318742275238037,0.059343405067920685,0.002734948880970478,-7.13046932220459,29.784255981445312,0.00019999999494757503,0.0005000000237487257,2.1631565687130205e-05
83034112,0.0800204798579216,0.8385235071182251,0.03773356229066849,0.0023366825189441442,-7.132167816162109,32.80441665649414,0.00019999999494757503,0.0005000000237487257,4.669505506171845e-05
83099648,0.07973375916481018,0.4900057315826416,0.02205025777220726,0.0026415404863655567,-7.130487442016602,30.546831130981445,0.00019999999494757503,0.0005000000237487257,0.0003120704786852002
83165184,0.07944703847169876,0.5050467252731323,0.022727103903889656,0.0027716862969100475,-7.12966251373291,26.97083282470703,0.00019999999494757503,0.0005000000237487257,0.00016239253454841673
83230720,0.07916031777858734,0.48388513922691345,0.021774832159280777,0.0031521974597126245,-7.124431133270264,34.41791534423828,0.00019999999494757503,0.0005000000237487257,9.82006749836728e-05
83296256,0.07887359708547592,0.4639795422554016,0.020879078656435013,0.002334034303203225,-7.123603343963623,32.39075469970703,0.00019999999494757503,0.0005000000237487257,8.775698370300233e-05
83361792,0.0785868763923645,0.4474169611930847,0.020133763551712036,0.0033778573852032423,-7.1246724128723145,51.61872482299805,0.00019999999494757503,0.0005000000237487257,4.847988020628691e-05
83427328,0.07830016314983368,0.3465699851512909,0.015595650300383568,0.00297488272190094,-7.121495723724365,30.001815795898438,0.00019999999494757503,0.0005000000237487257,0.00013839564053341746
83492864,0.07801344245672226,0.369168221950531,0.016612570732831955,0.003865006612613797,-7.120251655578613,30.997791290283203,0.00019999999494757503,0.0005000000237487257,0.00022692019410897046
83558400,0.07772672176361084,0.9702117443084717,0.04365953058004379,0.0024191602133214474,-7.122890949249268,29.691247940063477,0.00019999999494757503,0.0005000000237487257,0.00011307402019156143
83623936,0.07744000107049942,0.5102357268333435,0.02296060509979725,0.0025737725663930178,-7.127513408660889,35.55951690673828,0.00019999999494757503,0.0005000000237487257,7.545077824033797e-05
83689472,0.077153280377388,3.353363037109375,0.15090134739875793,0.002499979455024004,-7.132042407989502,49.38111114501953,0.00019999999494757503,0.0005000000237487257,3.993283098679967e-05
83755008,0.07686655968427658,3.390838861465454,0.15258774161338806,0.0021846587769687176,-7.1300201416015625,45.38549041748047,0.00019999999494757503,0.0005000000237487257,1.4022582035977393e-05
83820544,0.07657983899116516,3.3989100456237793,0.1529509723186493,0.0018645668169483542,-7.1319475173950195,39.82242965698242,0.00019999999494757503,0.0005000000237487257,1.4439438928093296e-05
83886080,0.07629311829805374,3.007385015487671,0.13533233106136322,0.0025774885434657335,-7.131408214569092,42.28409957885742,0.00019999999494757503,0.0005000000237487257,2.4963081159512512e-05
83951616,0.07600639760494232,2.8809890747070312,0.129644513130188,0.0034581494983285666,-7.13271427154541,44.487491607666016,0.00019999999494757503,0.0005000000237487257,1.9211165636079386e-05
84017152,0.0757196769118309,1.2519015073776245,0.05633556470274925,0.002005007117986679,-7.133604526519775,40.62502670288086,0.00019999999494757503,0.0005000000237487257,3.809944973909296e-05
84082688,0.07543296366930008,0.6663809418678284,0.029987147077918053,0.002277705818414688,-7.133547306060791,47.81375503540039,0.00019999999494757503,0.0005000000237487257,1.867098944785539e-05
84148224,0.07514624297618866,1.0714352130889893,0.048214588314294815,0.002372922608628869,-7.136176109313965,27.209762573242188,0.00019999999494757503,0.0005000000237487257,3.075331187574193e-05
84213760,0.07485952228307724,1.990143060684204,0.08955644071102142,0.003170858370140195,-7.132529258728027,34.46670913696289,0.00019999999494757503,0.0005000000237487257,2.268358730361797e-05
84279296,0.07457280158996582,1.246147871017456,0.05607665702700615,0.002766483463346958,-7.131713390350342,32.810245513916016,0.00019999999494757503,0.0005000000237487257,4.202878335490823e-05
84344832,0.0742860808968544,0.651959240436554,0.029338166117668152,0.002779165981337428,-7.132279396057129,40.711090087890625,0.00019999999494757503,0.0005000000237487257,0.0006520245806314051
84410368,0.07399936020374298,0.517145037651062,0.023271527141332626,0.0024734705220907927,-7.130645751953125,41.53383255004883,0.00019999999494757503,0.0005000000237487257,0.001093557570129633
84475904,0.07371263951063156,0.5655606389045715,0.02545023337006569,0.0027689505368471146,-7.132882118225098,27.19306755065918,0.00019999999494757503,0.0005000000237487257,0.00015086072380654514
84541440,0.07342591881752014,1.1721032857894897,0.052744653075933456,0.0029579512774944305,-7.13364315032959,37.601234436035156,0.00019999999494757503,0.0005000000237487257,3.989475953858346e-05
84606976,0.07313919812440872,1.1549992561340332,0.05197497084736824,0.002534210681915283,-7.133916854858398,38.64344024658203,0.00019999999494757503,0.0005000000237487257,2.1154319256311283e-05
84672512,0.0728524774312973,0.7242752313613892,0.03259239345788956,0.0023428681306540966,-7.132863998413086,35.923255920410156,0.00019999999494757503,0.0005000000237487257,0.00014048174489289522
84738048,0.07256575673818588,0.5388691425323486,0.024249108508229256,0.0023187340702861547,-7.131739616394043,29.430774688720703,0.00019999999494757503,0.0005000000237487257,0.0004841781919822097
84803584,0.07227904349565506,0.6288033723831177,0.028296153992414474,0.002765484619885683,-7.127134323120117,28.179407119750977,0.00019999999494757503,0.0005000000237487257,0.0002083970175590366
84869120,0.07199232280254364,0.5772325396537781,0.025975465774536133,0.002347576431930065,-7.125061988830566,28.83852195739746,0.00019999999494757503,0.0005000000237487257,4.843486749450676e-05
84934656,0.07170560210943222,0.44543081521987915,0.020044386386871338,0.002617448102682829,-7.1229658126831055,36.51524353027344,0.00019999999494757503,0.0005000000237487257,2.884362947952468e-05
85000192,0.0714188814163208,0.40499669313430786,0.01822485402226448,0.003962656483054161,-7.123624801635742,40.18913650512695,0.00019999999494757503,0.0005000000237487257,8.082283602561802e-05
85065728,0.07113216072320938,0.37675997614860535,0.016954200342297554,0.003445263486355543,-7.1250901222229,35.432064056396484,0.00019999999494757503,0.0005000000237487257,0.00012613297440111637
85131264,0.07084544003009796,0.6215222477912903,0.027968503534793854,0.002548454562202096,-7.122096061706543,25.825237274169922,0.00019999999494757503,0.0005000000237487257,0.00031089939875528216
85196800,0.07055871933698654,0.6389433145523071,0.02875244989991188,0.0031128537375479937,-7.124734878540039,42.75796890258789,0.00019999999494757503,0.0005000000237487257,7.262616418302059e-05
85262336,0.07027199864387512,0.461606502532959,0.020772293210029602,0.0028856140561401844,-7.122561931610107,32.09027862548828,0.00019999999494757503,0.0005000000237487257,0.00014462991384789348
85327872,0.0699852779507637,3.4294633865356445,0.15432587265968323,0.002838755492120981,-7.127997398376465,44.67499923706055,0.00019999999494757503,0.0005000000237487257,4.467688995646313e-05
85393408,0.06969855725765228,3.4116663932800293,0.1535249799489975,0.002352155977860093,-7.129549026489258,47.794189453125,0.00019999999494757503,0.0005000000237487257,1.7129126717918552e-05
85458944,0.06941183656454086,3.423269748687744,0.1540471315383911,0.0029522618278861046,-7.129298686981201,37.34608459472656,0.00019999999494757503,0.0005000000237487257,1.4859432667435613e-05
85524480,0.06912512332201004,3.1133382320404053,0.14010021090507507,0.0020639821887016296,-7.128578186035156,31.569637298583984,0.00019999999494757503,0.0005000000237487257,1.8652288417797536e-05
85590016,0.06883840262889862,3.1454989910125732,0.14154747128486633,0.0028622006066143513,-7.1299967765808105,39.86912536621094,0.00019999999494757503,0.0005000000237487257,1.67878079082584e-05
85655552,0.0685516819357872,1.373626947402954,0.06181321665644646,0.003146569011732936,-7.128510475158691,54.547637939453125,0.00019999999494757503,0.0005000000237487257,3.878586721839383e-05
85721088,0.06826496124267578,0.5557374954223633,0.0250081866979599,0.0022171069867908955,-7.130147933959961,32.37647247314453,0.00019999999494757503,0.0005000000237487257,1.6611289538559504e-05
85786624,0.06797824054956436,1.3857282400131226,0.06235777586698532,0.003213905729353428,-7.1274094581604,32.39578628540039,0.00019999999494757503,0.0005000000237487257,2.190150917158462e-05
85852160,0.06769151985645294,2.1337873935699463,0.09602043777704239,0.0023642624728381634,-7.131609916687012,27.89348602294922,0.00019999999494757503,0.0005000000237487257,1.3622780898003839e-05
85917696,0.06740479916334152,2.5946860313415527,0.11676087975502014,0.002772698411718011,-7.1289963722229,34.71213912963867,0.00019999999494757503,0.0005000000237487257,3.1907060474622995e-05
85983232,0.0671180784702301,0.8870279788970947,0.0399162583053112,0.002741024363785982,-7.130447864532471,38.32044982910156,0.00019999999494757503,0.0005000000237487257,0.0006537743611261249
86048768,0.06683135777711868,0.5476235151290894,0.0246430616825819,0.0022798057179898024,-7.128173351287842,31.19316291809082,0.00019999999494757503,0.0005000000237487257,0.0018635190790519118
86114304,0.06654463708400726,0.5716705322265625,0.025725174695253372,0.002652570139616728,-7.131237030029297,40.764244079589844,0.00019999999494757503,0.0005000000237487257,0.0002802102826535702
86179840,0.06625791639089584,1.2783076763153076,0.05752385035157204,0.002351307775825262,-7.131627082824707,31.509891510009766,0.00019999999494757503,0.0005000000237487257,5.75356389163062e-05
86245376,0.06597120314836502,1.3246569633483887,0.059609558433294296,0.0031674716155976057,-7.129753589630127,29.353111267089844,0.00019999999494757503,0.0005000000237487257,2.1638081307173707e-05
86310912,0.0656844824552536,0.8353822231292725,0.03759220615029335,0.002567608840763569,-7.128477573394775,47.56832504272461,0.00019999999494757503,0.0005000000237487257,5.940574192209169e-05
86376448,0.06539776176214218,0.502938449382782,0.022632228210568428,0.003158453619107604,-7.126589775085449,39.98326110839844,0.00019999999494757503,0.0005000000237487257,0.00020814617164433002
86441984,0.06511104106903076,0.5359945297241211,0.024119753390550613,0.0024182507768273354,-7.127547264099121,31.505596160888672,0.00019999999494757503,0.0005000000237487257,0.00012101496395189315
86507520,0.06482432037591934,0.6973538398742676,0.031380921602249146,0.0029100822284817696,-7.1248908042907715,36.0494270324707,0.00019999999494757503,0.0005000000237487257,3.5787103115580976e-05
86573056,0.06453759968280792,0.5825254321098328,0.026213642209768295,0.002185146789997816,-7.120652198791504,35.930015563964844,0.00019999999494757503,0.0005000000237487257,3.855709292110987e-05
86638592,0.0642508789896965,0.5625795722007751,0.025316085666418076,0.0030293907038867474,-7.122060298919678,36.35014724731445,0.00019999999494757503,0.0005000000237487257,0.0001165159628726542
86704128,0.06396415829658508,0.5141432285308838,0.023136449977755547,0.0031085656955838203,-7.1215009689331055,31.623781204223633,0.00019999999494757503,0.0005000000237487257,0.00011508584429975599
86769664,0.06367743760347366,0.4772205352783203,0.02147492580115795,0.0029125153087079525,-7.121161937713623,27.868053436279297,0.00019999999494757503,0.0005000000237487257,0.0001121836103266105
86835200,0.06339071691036224,0.5894511342048645,0.026525301858782768,0.00206899456679821,-7.123299598693848,33.95391082763672,0.00019999999494757503,0.0005000000237487257,3.624790406320244e-05
86900736,0.06310400366783142,0.4939325451850891,0.0222269669175148,0.0022847154177725315,-7.126709461212158,32.25537109375,0.00019999999494757503,0.0005000000237487257,0.00020362384384498
86966272,0.06281728297472,3.433342695236206,0.15450042486190796,0.003291195258498192,-7.127795696258545,63.62480926513672,0.00019999999494757503,0.0005000000237487257,4.3223048123763874e-05
87031808,0.06253056228160858,3.540579080581665,0.15932606160640717,0.001988640520721674,-7.128088474273682,38.13020324707031,0.00019999999494757503,0.0005000000237487257,1.7079973986255936e-05
87097344,0.06224384158849716,3.6057848930358887,0.16226032376289368,0.0025020672474056482,-7.128469467163086,40.5685920715332,0.00019999999494757503,0.0005000000237487257,1.2539318959170487e-05
87162880,0.06195712089538574,3.388654947280884,0.15248949825763702,0.0025243121199309826,-7.125957489013672,32.08824920654297,0.00019999999494757503,0.0005000000237487257,1.1267646186752245e-05
87228416,0.06167040020227432,3.394134521484375,0.15273605287075043,0.0027563082985579967,-7.127582550048828,35.98003005981445,0.00019999999494757503,0.0005000000237487257,1.3134264918335248e-05
87293952,0.0613836795091629,1.4147831201553345,0.0636652484536171,0.002115292940288782,-7.1295623779296875,46.52975082397461,0.00019999999494757503,0.0005000000237487257,3.9436843508156016e-05
87359488,0.06109695881605148,0.6439985036849976,0.02897993102669716,0.002533114515244961,-7.129310607910156,41.489593505859375,0.00019999999494757503,0.0005000000237487257,1.552301546325907e-05
87425024,0.06081024184823036,1.6570627689361572,0.07456783205270767,0.00233351974748075,-7.131485462188721,28.334491729736328,0.00019999999494757503,0.0005000000237487257,1.928005258378107e-05
87490560,0.06052352115511894,2.05149507522583,0.09231728315353394,0.0032400498166680336,-7.13079833984375,37.658782958984375,0.00019999999494757503,0.0005000000237487257,1.5156788322201464e-05
87556096,0.06023680046200752,2.4900901317596436,0.11205406486988068,0.0023719961754977703,-7.132589340209961,31.034687042236328,0.00019999999494757503,0.0005000000237487257,3.773459684452973e-05
87621632,0.0599500797688961,0.9116948246955872,0.041026268154382706,0.0028122025541961193,-7.129512786865234,36.39011764526367,0.00019999999494757503,0.0005000000237487257,0.0007199057727120817
87687168,0.05966335907578468,0.6432520151138306,0.028946340084075928,0.002284145448356867,-7.131290912628174,33.15460205078125,0.00019999999494757503,0.0005000000237487257,0.0016261038836091757
87752704,0.059376638382673264,0.6846871972084045,0.030810926109552383,0.0028652434702962637,-7.128102779388428,35.84967041015625,0.00019999999494757503,0.0005000000237487257,0.00017272061086259782
87818240,0.05908992141485214,0.8805813789367676,0.039626166224479675,0.002555855782702565,-7.125618934631348,35.13692092895508,0.00019999999494757503,0.0005000000237487257,4.0487277146894485e-05
87883776,0.05880320072174072,1.693166732788086,0.07619250565767288,0.00320469425059855,-7.128896236419678,38.825836181640625,0.00019999999494757503,0.0005000000237487257,2.0429342839634046e-05
87949312,0.0585164800286293,0.9590001106262207,0.0431549996137619,0.002282797358930111,-7.130534648895264,43.42107391357422,0.00019999999494757503,0.0005000000237487257,5.3842020861338824e-05
88014848,0.05822975933551788,0.5553008317947388,0.024988539516925812,0.002537704538553953,-7.129861831665039,30.208873748779297,0.00019999999494757503,0.0005000000237487257,0.00017341198690701276
88080384,0.057943038642406464,0.5195593237876892,0.02338016778230667,0.002846699208021164,-7.1283111572265625,29.492464065551758,0.00019999999494757503,0.0005000000237487257,9.871475049294531e-05
88145920,0.05765632167458534,0.4699253737926483,0.02114664390683174,0.002542442874982953,-7.127722263336182,30.83702278137207,0.00019999999494757503,0.0005000000237487257,5.7520617701811716e-05
88211456,0.05736960098147392,0.825956404209137,0.03716804459691048,0.003026174148544669,-7.12919807434082,28.543712615966797,0.00019999999494757503,0.0005000000237487257,5.6784250773489475e-05
88276992,0.0570828802883625,0.4791298806667328,0.021560845896601677,0.0022318456321954727,-7.132132053375244,30.98529052734375,0.00019999999494757503,0.0005000000237487257,3.074610503972508e-05
88342528,0.05679615959525108,0.58272784948349,0.026222756132483482,0.00305659300647676,-7.12664794921875,24.486955642700195,0.00019999999494757503,0.0005000000237487257,0.00010055139864562079
88408064,0.056509438902139664,1.4505224227905273,0.06527350842952728,0.00258237705565989,-7.128697872161865,33.525455474853516,0.00019999999494757503,0.0005000000237487257,7.591498433612287e-05
88473600,0.056222718209028244,1.2397540807724,0.055788926780223846,0.002300512045621872,-7.123920440673828,29.664485931396484,0.00019999999494757503,0.0005000000237487257,3.861359436996281e-05
88539136,0.05593600124120712,0.7142286896705627,0.03214029222726822,0.003083456540480256,-7.123583793640137,35.4501838684082,0.00019999999494757503,0.0005000000237487257,7.445060327881947e-05
88604672,0.0556492805480957,3.5991270542144775,0.16196073591709137,0.0025006418582051992,-7.129611492156982,45.5830078125,0.00019999999494757503,0.0005000000237487257,3.5304256016388535e-05
88670208,0.05536255985498428,3.659372329711914,0.16467174887657166,0.002490453189238906,-7.131012916564941,45.97308349609375,0.00019999999494757503,0.0005000000237487257,1.0133979230886325e-05
88735744,0.055075839161872864,3.658693552017212,0.16464123129844666,0.002303224988281727,-7.131197929382324,28.900863647460938,0.00019999999494757503,0.0005000000237487257,9.674682587501593e-06
88801280,0.054789118468761444,3.410599946975708,0.1534770131111145,0.0025194978807121515,-7.128761291503906,27.52955436706543,0.00019999999494757503,0.0005000000237487257,1.2598470675584394e-05
88866816,0.05450240150094032,3.313176393508911,0.14909294247627258,0.003037035698071122,-7.128777980804443,32.13641357421875,0.00019999999494757503,0.0005000000237487257,1.3146836863597855e-05
88932352,0.0542156808078289,1.414654016494751,0.0636594370007515,0.0017561035929247737,-7.130605697631836,37.8426399230957,0.00019999999494757503,0.0005000000237487257,3.678680877783336e-05
88997888,0.053928960114717484,0.526740312576294,0.0237033162266016,0.0023201676085591316,-7.12963342666626,30.644060134887695,0.00019999999494757503,0.0005000000237487257,1.6121575754368678e-05
89063424,0.053642239421606064,1.3893842697143555,0.062522292137146,0.0032082307152450085,-7.125996112823486,28.952505111694336,0.00019999999494757503,0.0005000000237487257,1.7330226910416968e-05
89128960,0.053355518728494644,2.0764567852020264,0.09344055503606796,0.0024315351620316505,-7.126618385314941,31.00810432434082,0.00019999999494757503,0.0005000000237487257,1.2616129424714018e-05
89194496,0.05306880176067352,2.049546957015991,0.09222960472106934,0.0024981480091810226,-7.125996112823486,28.711427688598633,0.00019999999494757503,0.0005000000237487257,1.8765880668070167e-05
89260032,0.0527820810675621,0.927718997001648,0.041747353971004486,0.00272311526350677,-7.12730073928833,36.81946563720703,0.00019999999494757503,0.0005000000237487257,0.00029767415253445506
89325568,0.052495360374450684,0.6833987236022949,0.030752943828701973,0.002119662007316947,-7.126770496368408,32.503143310546875,0.00019999999494757503,0.0005000000237487257,0.0007211778429336846
89391104,0.052208639681339264,0.7112530469894409,0.032006390392780304,0.0026341434568166733,-7.125096797943115,35.714744567871094,0.00019999999494757503,0.0005000000237487257,0.00010614512575557455
89456640,0.051921918988227844,0.923895537853241,0.04157530143857002,0.0023879215586930513,-7.125094413757324,35.246192932128906,0.00019999999494757503,0.0005000000237487257,3.344729702803306e-05
89522176,0.051635198295116425,1.6571550369262695,0.07457198202610016,0.0027393391355872154,-7.123016357421875,36.10859298706055,0.00019999999494757503,0.0005000000237487257,1.7188936908496544e-05
89587712,0.0513484813272953,1.012616753578186,0.04556775838136673,0.002139241201803088,-7.122552394866943,33.45279312133789,0.00019999999494757503,0.0005000000237487257,4.714538954431191e-05
89653248,0.051061760634183884,0.5803836584091187,0.026117265224456787,0.00232853926718235,-7.1240386962890625,38.99306869506836,0.00019999999494757503,0.0005000000237487257,0.00014684395864605904
89718784,0.050775039941072464,0.5582787990570068,0.025122547522187233,0.002797035500407219,-7.124594211578369,34.22159194946289,0.00019999999494757503,0.0005000000237487257,7.774057303322479e-05
89784320,0.050488319247961044,0.8361420631408691,0.037626393139362335,0.002665064064785838,-7.124996662139893,36.627986907958984,0.00019999999494757503,0.0005000000237487257,5.7325101806782186e-05
89849856,0.050201598554849625,1.1669442653656006,0.05251249298453331,0.0020664820913225412,-7.125888347625732,26.76268768310547,0.00019999999494757503,0.0005000000237487257,2.037718331848737e-05
89915392,0.05000000074505806,0.7617303729057312,0.034277867525815964,0.0023777654860168695,-7.12673282623291,34.94801712036133,0.00019999999494757503,0.0005000000237487257,4.118142896913923e-05
89980928,0.05000000074505806,0.6580042243003845,0.029610194265842438,0.0029553882777690887,-7.124801158905029,31.76385498046875,0.00019999999494757503,0.0005000000237487257,8.851304301060736e-05
90046464,0.05000000074505806,0.6029891967773438,0.027134515345096588,0.002632501069456339,-7.1270904541015625,26.098995208740234,0.00019999999494757503,0.0005000000237487257,7.842435297789052e-05
90112000,0.05000000074505806,0.7101936936378479,0.03195871785283089,0.002590489573776722,-7.126323223114014,34.45269012451172,0.00019999999494757503,0.0005000000237487257,4.342345710028894e-05
90177536,0.05000000074505806,0.5560214519500732,0.025020964443683624,0.0018864898011088371,-7.1270623207092285,31.016035079956055,0.00019999999494757503,0.0005000000237487257,0.0002719807671383023
90243072,0.05000000074505806,3.5342750549316406,0.1590423882007599,0.004002198576927185,-7.128907203674316,61.0040283203125,0.00019999999494757503,0.0005000000237487257,3.4985212550964206e-05
90308608,0.05000000074505806,3.6593565940856934,0.16467104852199554,0.001974998041987419,-7.133764266967773,38.95111846923828,0.00019999999494757503,0.0005000000237487257,1.4788567568757571e-05
90374144,0.05000000074505806,3.680202007293701,0.16560909152030945,0.00258360942825675,-7.134225845336914,35.88975143432617,0.00019999999494757503,0.0005000000237487257,7.600373464811128e-06
90439680,0.05000000074505806,3.550136089324951,0.159756138920784,0.002439569914713502,-7.131083011627197,28.55504035949707,0.00019999999494757503,0.0005000000237487257,1.822339982027188e-05
90505216,0.05000000074505806,3.496654510498047,0.15734945237636566,0.0026596738025546074,-7.128558158874512,36.56833267211914,0.00019999999494757503,0.0005000000237487257,1.342689120065188e-05
90570752,0.05000000074505806,1.4420146942138672,0.06489066034555435,0.0016945714596658945,-7.126584053039551,28.98291778564453,0.00019999999494757503,0.0005000000237487257,3.694973565870896e-05
90636288,0.05000000074505806,0.6001782417297363,0.027008019387722015,0.0032801965717226267,-7.12949800491333,31.669143676757812,0.00019999999494757503,0.0005000000237487257,1.555686685605906e-05
90701824,0.05000000074505806,1.228541374206543,0.05528436601161957,0.002573012840002775,-7.129671096801758,24.377395629882812,0.00019999999494757503,0.0005000000237487257,1.948784847627394e-05
90767360,0.05000000074505806,1.9965347051620483,0.08984406292438507,0.002408171771094203,-7.1317138671875,50.3060417175293,0.00019999999494757503,0.0005000000237487257,1.586089092597831e-05
90832896,0.05000000074505806,2.525840997695923,0.11366284638643265,0.0021306979469954967,-7.128365993499756,39.70444107055664,0.00019999999494757503,0.0005000000237487257,2.272976780659519e-05
90898432,0.05000000074505806,1.0569225549697876,0.047561515122652054,0.002155313501134515,-7.128603935241699,30.813222885131836,0.00019999999494757503,0.0005000000237487257,0.0002308594121132046
90963968,0.05000000074505806,0.6963749527931213,0.03133687376976013,0.002358655910938978,-7.129568099975586,32.1068229675293,0.00019999999494757503,0.0005000000237487257,0.0007285707397386432
91029504,0.05000000074505806,0.9217679500579834,0.04147955775260925,0.002173983259126544,-7.128583908081055,29.881853103637695,0.00019999999494757503,0.0005000000237487257,0.00016897254681680351
91095040,0.05000000074505806,1.5419142246246338,0.06938613951206207,0.0027014343068003654,-7.123069763183594,29.13837242126465,0.00019999999494757503,0.0005000000237487257,2.3865490220487118e-05
91160576,0.05000000074505806,1.1119780540466309,0.05003901198506355,0.0018807154847308993,-7.1262969970703125,28.90688705444336,0.00019999999494757503,0.0005000000237487257,3.275574272265658e-05
91226112,0.05000000074505806,0.7431737184524536,0.033442821353673935,0.0026659967843443155,-7.126105308532715,38.312034606933594,0.00019999999494757503,0.0005000000237487257,0.0001374683779431507
91291648,0.05000000074505806,0.5620876550674438,0.025293946266174316,0.0021889712661504745,-7.126982688903809,26.281442642211914,0.00019999999494757503,0.0005000000237487257,0.0004585028509609401
91357184,0.05000000074505806,0.5448840260505676,0.0245197843760252,0.0027446807362139225,-7.1254448890686035,29.516000747680664,0.00019999999494757503,0.0005000000237487257,0.00022050751431379467
91422720,0.05000000074505806,0.8341413140296936,0.03753636032342911,0.003411892568692565,-7.126401901245117,34.34796905517578,0.00019999999494757503,0.0005000000237487257,4.958166755386628e-05
91488256,0.05000000074505806,0.6909323930740356,0.0310919601470232,0.0024207616224884987,-7.12548828125,44.70703125,0.00019999999494757503,0.0005000000237487257,2.83333174593281e-05
91553792,0.05000000074505806,0.5565398335456848,0.025044292211532593,0.0020304827485233545,-7.126499176025391,26.77557373046875,0.00019999999494757503,0.0005000000237487257,0.00010795832349685952
91619328,0.05000000074505806,0.5406035780906677,0.02432716265320778,0.0027966168709099293,-7.126067161560059,30.88505744934082,0.00019999999494757503,0.0005000000237487257,0.00018643813382368535
91684864,0.05000000074505806,0.44457823038101196,0.020006023347377777,0.0029259957373142242,-7.1292829513549805,31.55685043334961,0.00019999999494757503,0.0005000000237487257,0.0001278906420338899
91750400,0.05000000074505806,0.4202238917350769,0.01891007274389267,0.00223651179112494,-7.12425422668457,29.956933975219727,0.00019999999494757503,0.0005000000237487257,7.361641473835334e-05
91815936,0.05000000074505806,0.4836646318435669,0.021764907985925674,0.002469488885253668,-7.122994899749756,42.609336853027344,0.00019999999494757503,0.0005000000237487257,0.00031613302417099476
91881472,0.05000000074505806,3.5242562294006348,0.15859153866767883,0.0032719713635742664,-7.127608299255371,52.722225189208984,0.00019999999494757503,0.0005000000237487257,3.765786095755175e-05
91947008,0.05000000074505806,3.65551495552063,0.16449818015098572,0.0021143679041415453,-7.126592636108398,39.650753021240234,0.00019999999494757503,0.0005000000237487257,1.2867809346062131e-05
92012544,0.05000000074505806,3.6741693019866943,0.16533763706684113,0.002463347278535366,-7.1287970542907715,32.91328430175781,0.00019999999494757503,0.0005000000237487257,6.845738425909076e-06
92078080,0.05000000074505806,3.4224236011505127,0.15400904417037964,0.002618829719722271,-7.128652095794678,34.66852569580078,0.00019999999494757503,0.0005000000237487257,2.366578883084003e-05
92143616,0.05000000074505806,3.3676838874816895,0.15154579281806946,0.002345483051612973,-7.131906032562256,36.278419494628906,0.00019999999494757503,0.0005000000237487257,1.2014768799417652e-05
92209152,0.05000000074505806,1.4406466484069824,0.06482909619808197,0.0015733392210677266,-7.127840995788574,38.85507583618164,0.00019999999494757503,0.0005000000237487257,3.555860894266516e-05
92274688,0.05000000074505806,0.738406240940094,0.033228278160095215,0.002547177951782942,-7.130613327026367,36.57856369018555,0.00019999999494757503,0.0005000000237487257,1.3317548109625932e-05
92340224,0.05000000074505806,1.5602672100067139,0.07021202147006989,0.0026979148387908936,-7.131251811981201,27.945741653442383,0.00019999999494757503,0.0005000000237487257,2.0194696844555438e-05
92405760,0.05000000074505806,2.189718008041382,0.09853732585906982,0.0021689620334655046,-7.1344499588012695,33.874813079833984,0.00019999999494757503,0.0005000000237487257,1.5986463040462695e-05
92471296,0.05000000074505806,2.133746385574341,0.09601859003305435,0.002473541535437107,-7.132108211517334,36.436866760253906,0.00019999999494757503,0.0005000000237487257,4.6497782022925094e-05
92536832,0.05000000074505806,0.8856960535049438,0.03985632210969925,0.002369657391682267,-7.131859302520752,33.207908630371094,0.00019999999494757503,0.0005000000237487257,0.0004986905260011554
92602368,0.05000000074505806,0.786007285118103,0.03537033125758171,0.002285794587805867,-7.131622314453125,33.63996505737305,0.00019999999494757503,0.0005000000237487257,0.0011213470716029406
92667904,0.05000000074505806,0.9475085139274597,0.04263788461685181,0.0023384965024888515,-7.131049156188965,34.33510208129883,0.00019999999494757503,0.0005000000237487257,0.00014787839609198272
92733440,0.05000000074505806,1.3548802137374878,0.06096960976719856,0.002685142681002617,-7.129937171936035,26.89084815979004,0.00019999999494757503,0.0005000000237487257,2.628585571073927e-05
92798976,0.05000000074505806,1.1042629480361938,0.049691833555698395,0.0027510286308825016,-7.129631042480469,32.530128479003906,0.00019999999494757503,0.0005000000237487257,3.315187859698199e-05
92864512,0.05000000074505806,0.7429428696632385,0.033432431519031525,0.0027127962093800306,-7.130545616149902,33.576168060302734,0.00019999999494757503,0.0005000000237487257,0.00015994414570741355
92930048,0.05000000074505806,0.5979862213134766,0.02690938115119934,0.002947829896584153,-7.128094673156738,32.273345947265625,0.00019999999494757503,0.0005000000237487257,0.00025554466992616653
92995584,0.05000000074505806,0.6215255856513977,0.027968652546405792,0.0025900504551827908,-7.124745845794678,26.743772506713867,0.00019999999494757503,0.0005000000237487257,0.00012216164031997323
93061120,0.05000000074505806,0.8311994075775146,0.037403978407382965,0.0030633744318038225,-7.127242565155029,31.948366165161133,0.00019999999494757503,0.0005000000237487257,3.300550815765746e-05
93126656,0.05000000074505806,0.5784263014793396,0.026029184460639954,0.002335765166208148,-7.127841949462891,32.635555267333984,0.00019999999494757503,0.0005000000237487257,5.443473855848424e-05
93192192,0.05000000074505806,0.619493305683136,0.02787720039486885,0.00289389630779624,-7.123867988586426,26.9189453125,0.00019999999494757503,0.0005000000237487257,0.0001565979328006506
93257728,0.05000000074505806,0.5260705947875977,0.023673176765441895,0.0028569840360432863,-7.122878074645996,22.971345901489258,0.00019999999494757503,0.0005000000237487257,7.137764623621479e-05
93323264,0.05000000074505806,0.4735940992832184,0.02131173573434353,0.0024089524522423744,-7.12101411819458,29.825162887573242,0.00019999999494757503,0.0005000000237487257,8.064642315730453e-05
93388800,0.05000000074505806,0.4957607388496399,0.022309232503175735,0.0029133991338312626,-7.118934631347656,27.763181686401367,0.00019999999494757503,0.0005000000237487257,0.00012564013013616204
93454336,0.05000000074505806,0.5514232516288757,0.024814048781991005,0.0024632106069475412,-7.119431495666504,29.925539016723633,0.00019999999494757503,0.0005000000237487257,0.00017440439842175692
93519872,0.05000000074505806,3.618856906890869,0.1628485769033432,0.0027576570864766836,-7.12486457824707,51.34435272216797,0.00019999999494757503,0.0005000000237487257,3.61098391294945e-05
93585408,0.05000000074505806,3.6572675704956055,0.16457706689834595,0.002616605255752802,-7.128601551055908,47.552101135253906,0.00019999999494757503,0.0005000000237487257,1.6013524145819247e-05
93650944,0.05000000074505806,3.6753413677215576,0.16539035737514496,0.0020818004850298166,-7.127252578735352,44.35185623168945,0.00019999999494757503,0.0005000000237487257,7.097453817550559e-06
93716480,0.05000000074505806,3.505765199661255,0.15775944292545319,0.0024049095809459686,-7.122371196746826,33.22483444213867,0.00019999999494757503,0.0005000000237487257,2.6575507945381105e-05
93782016,0.05000000074505806,3.414452075958252,0.15365034341812134,0.0018312959000468254,-7.125195503234863,34.73445510864258,0.00019999999494757503,0.0005000000237487257,1.0908635886153206e-05
93847552,0.05000000074505806,1.4273507595062256,0.0642307922244072,0.0017135848756879568,-7.127834796905518,36.43819046020508,0.00019999999494757503,0.0005000000237487257,5.3997344366507605e-05
93913088,0.05000000074505806,0.5014221668243408,0.022564001381397247,0.002709643915295601,-7.130822658538818,34.347373962402344,0.00019999999494757503,0.0005000000237487257,2.4667826437507756e-05
93978624,0.05000000074505806,1.1079676151275635,0.049858540296554565,0.002665578620508313,-7.13049840927124,25.858213424682617,0.00019999999494757503,0.0005000000237487257,1.9504892406985164e-05
94044160,0.05000000074505806,1.9284849166870117,0.0867818295955658,0.002437347313389182,-7.130551338195801,29.41055679321289,0.00019999999494757503,0.0005000000237487257,1.4070229553908575e-05
94109696,0.05000000074505806,1.3704752922058105,0.061671383678913116,0.0021641242783516645,-7.128080368041992,35.57037353515625,0.00019999999494757503,0.0005000000237487257,2.2502570573124103e-05
94175232,0.05000000074505806,0.7634645700454712,0.03435590863227844,0.002246202901005745,-7.13083553314209,36.985774993896484,0.00019999999494757503,0.0005000000237487257,0.000581428233999759
94240768,0.05000000074505806,0.5380491018295288,0.02421220950782299,0.0019811661913990974,-7.129161834716797,31.008411407470703,0.00019999999494757503,0.0005000000237487257,0.0011986190220341086
94306304,0.05000000074505806,0.5090019702911377,0.02290509082376957,0.0023286452051252127,-7.131171226501465,27.434677124023438,0.00019999999494757503,0.0005000000237487257,0.000172817351995036
94371840,0.05000000074505806,1.0870698690414429,0.04891814664006233,0.002441209740936756,-7.129599094390869,24.64842987060547,0.00019999999494757503,0.0005000000237487257,2.7880476409336552e-05
94437376,0.05000000074505806,0.9953340291976929,0.044790033251047134,0.0021575074642896652,-7.129214286804199,33.2506217956543,0.00019999999494757503,0.0005000000237487257,2.7119465812575072e-05
94502912,0.05000000074505806,0.6141276359558105,0.027635745704174042,0.0020932757761329412,-7.1285505294799805,26.94458770751953,0.00019999999494757503,0.0005000000237487257,0.00024781242245808244
94568448,0.05000000074505806,0.48836687207221985,0.021976511925458908,0.0018570979591459036,-7.128220081329346,27.578521728515625,0.00019999999494757503,0.0005000000237487257,0.0004452190187294036
94633984,0.05000000074505806,0.5107552409172058,0.022983988747000694,0.002215083222836256,-7.13013219833374,25.077760696411133,0.00019999999494757503,0.0005000000237487257,0.00013600058446172625
94699520,0.05000000074505806,0.8672556281089783,0.03902650624513626,0.0026113176718354225,-7.129174709320068,30.140506744384766,0.00019999999494757503,0.0005000000237487257,3.632729931268841e-05
94765056,0.05000000074505806,0.5639805793762207,0.025379125028848648,0.0019982573576271534,-7.127784252166748,38.97603988647461,0.00019999999494757503,0.0005000000237487257,6.750733882654458e-05
94830592,0.05000000074505806,0.47213155031204224,0.021245919167995453,0.002940901555120945,-7.123470783233643,29.725746154785156,0.00019999999494757503,0.0005000000237487257,0.00022158710635267198
94896128,0.05000000074505806,0.3837128281593323,0.017267076298594475,0.0022286889143288136,-7.123775482177734,28.75956153869629,0.00019999999494757503,0.0005000000237487257,7.56209556129761e-05
94961664,0.05000000074505806,0.3545047640800476,0.015952715650200844,0.003022816963493824,-7.121100902557373,33.92192840576172,0.00019999999494757503,0.0005000000237487257,0.00013358956493902951
95027200,0.05000000074505806,0.5444685220718384,0.024501081556081772,0.0022863452322781086,-7.1231279373168945,31.220550537109375,0.00019999999494757503,0.0005000000237487257,7.106208067853004e-05
95092736,0.05000000074505806,0.3715795874595642,0.016721080988645554,0.0021870459895581007,-7.12380313873291,33.965450286865234,0.00019999999494757503,0.0005000000237487257,5.823719038744457e-05
95158272,0.05000000074505806,3.590620756149292,0.16157793998718262,0.004193654749542475,-7.127226829528809,61.32050323486328,0.00019999999494757503,0.0005000000237487257,4.002599234809168e-05
95223808,0.05000000074505806,3.7874882221221924,0.17043696343898773,0.0019601332023739815,-7.126830101013184,40.700416564941406,0.00019999999494757503,0.0005000000237487257,1.726147092995234e-05
95289344,0.05000000074505806,3.7903404235839844,0.17056533694267273,0.002796459011733532,-7.123140335083008,44.4431266784668,0.00019999999494757503,0.0005000000237487257,9.619770025892649e-06
95354880,0.05000000074505806,3.6110150814056396,0.1624957025051117,0.001907887402921915,-7.125886917114258,27.071434020996094,0.00019999999494757503,0.0005000000237487257,9.829748705669772e-06
95420416,0.05000000074505806,3.5017201900482178,0.15757739543914795,0.0016980537911877036,-7.13001012802124,32.28525924682617,0.00019999999494757503,0.0005000000237487257,1.202605380967725e-05
95485952,0.05000000074505806,1.427553415298462,0.06423990428447723,0.001857846975326538,-7.130241394042969,35.37262725830078,0.00019999999494757503,0.0005000000237487257,4.287565025151707e-05
95551488,0.05000000074505806,0.601734459400177,0.0270780511200428,0.002335051540285349,-7.129075050354004,35.59343338012695,0.00019999999494757503,0.0005000000237487257,2.0230927475495264e-05
95617024,0.05000000074505806,1.7426493167877197,0.07841922342777252,0.0025197730865329504,-7.129595756530762,23.71344566345215,0.00019999999494757503,0.0005000000237487257,2.475137443980202e-05
95682560,0.05000000074505806,2.5940093994140625,0.11673041433095932,0.002284104935824871,-7.127036094665527,37.096927642822266,0.00019999999494757503,0.0005000000237487257,1.1238251317990944e-05
95748096,0.05000000074505806,2.9206197261810303,0.13142789900302887,0.0020371717400848866,-7.126492977142334,33.56100082397461,0.00019999999494757503,0.0005000000237487257,1.8016227841144428e-05
95813632,0.05000000074505806,0.9609866142272949,0.04324439913034439,0.0022294074296951294,-7.127738952636719,31.686573028564453,0.00019999999494757503,0.0005000000237487257,0.0013812811812385917
95879168,0.05000000074505806,0.5596990585327148,0.025186458602547646,0.002102320082485676,-7.1299052238464355,35.35504913330078,0.00019999999494757503,0.0005000000237487257,0.0029510348103940487
95944704,0.05000000074505806,0.598236083984375,0.026920627802610397,0.0019563541281968355,-7.131821632385254,29.476072311401367,0.00019999999494757503,0.0005000000237487257,0.0002591142547316849
96010240,0.05000000074505806,0.7154932022094727,0.03219719976186752,0.0032688823994249105,-7.1299614906311035,37.990089416503906,0.00019999999494757503,0.0005000000237487257,5.682194750988856e-05
96075776,0.05000000074505806,1.6140892505645752,0.0726340189576149,0.0032859998755156994,-7.128751754760742,38.65196228027344,0.00019999999494757503,0.0005000000237487257,2.1856896637473255e-05
96141312,0.05000000074505806,0.9289832711219788,0.041804250329732895,0.0018585666548460722,-7.128006935119629,33.58978271484375,0.00019999999494757503,0.0005000000237487257,4.032123979413882e-05
96206848,0.05000000074505806,0.5850343704223633,0.02632654830813408,0.00199662777595222,-7.127415657043457,33.53216552734375,0.00019999999494757503,0.0005000000237487257,0.00015252117009367794
96272384,0.05000000074505806,0.5333795547485352,0.0240020789206028,0.00265997345559299,-7.126246929168701,33.228515625,0.00019999999494757503,0.0005000000237487257,8.223151235142723e-05
96337920,0.05000000074505806,0.5079270005226135,0.02285671792924404,0.002276647137477994,-7.128056526184082,30.353343963623047,0.00019999999494757503,0.0005000000237487257,5.5846961913630366e-05
96403456,0.05000000074505806,0.755644679069519,0.03400401398539543,0.0023531485348939896,-7.127559661865234,27.997278213500977,0.00019999999494757503,0.0005000000237487257,7.877588359406218e-05
96468992,0.05000000074505806,0.7205999493598938,0.03242700174450874,0.0023906833957880735,-7.128973007202148,30.475984573364258,0.00019999999494757503,0.0005000000237487257,3.46203196386341e-05
96534528,0.05000000074505806,0.5216349363327026,0.023473568260669708,0.00244713737629354,-7.1292500495910645,28.68194007873535,0.00019999999494757503,0.0005000000237487257,6.990667316131294e-05
96600064,0.05000000074505806,0.8553353548049927,0.03849009424448013,0.0024783527478575706,-7.122972011566162,28.704090118408203,0.00019999999494757503,0.0005000000237487257,4.960541264154017e-05
96665600,0.05000000074505806,0.7463665008544922,0.03358649089932442,0.00220330897718668,-7.123660564422607,28.804763793945312,0.00019999999494757503,0.0005000000237487257,4.680227721109986e-05
96731136,0.05000000074505806,0.538741946220398,0.024243390187621117,0.002270670374855399,-7.121840000152588,30.291423797607422,0.00019999999494757503,0.0005000000237487257,0.00021422005374915898
96796672,0.05000000074505806,3.69503116607666,0.16627639532089233,0.002431123051792383,-7.128087997436523,46.04513168334961,0.00019999999494757503,0.0005000000237487257,3.50096779584419e-05
96862208,0.05000000074505806,3.761239767074585,0.1692558079957962,0.002149556763470173,-7.1276936531066895,42.582801818847656,0.00019999999494757503,0.0005000000237487257,1.1573700248845853e-05
96927744,0.05000000074505806,3.715131998062134,0.16718092560768127,0.0017690538661554456,-7.127614498138428,40.61103057861328,0.00019999999494757503,0.0005000000237487257,8.173088644980453e-06
96993280,0.05000000074505806,3.569727659225464,0.160637766122818,0.001941718510352075,-7.127126693725586,30.667526245117188,0.00019999999494757503,0.0005000000237487257,1.3710424354940187e-05
97058816,0.05000000074505806,3.4909629821777344,0.157093346118927,0.0016069159610196948,-7.132233619689941,32.68994140625,0.00019999999494757503,0.0005000000237487257,1.7022144675138406e-05
97124352,0.05000000074505806,1.4796545505523682,0.06658446043729782,0.002031182637438178,-7.131986618041992,38.118324279785156,0.00019999999494757503,0.0005000000237487257,3.660354559542611e-05
97189888,0.05000000074505806,0.5437554121017456,0.02446899190545082,0.0020433575846254826,-7.1334638595581055,30.570436477661133,0.00019999999494757503,0.0005000000237487257,1.719977990433108e-05
97255424,0.05000000074505806,1.5278198719024658,0.06875190138816833,0.0026910286396741867,-7.130849838256836,33.45781707763672,0.00019999999494757503,0.0005000000237487257,2.110314198944252e-05
97320960,0.05000000074505806,2.60420560836792,0.11718925833702087,0.0019611059688031673,-7.133790969848633,28.085281372070312,0.00019999999494757503,0.0005000000237487257,1.4143791304377373e-05
97386496,0.05000000074505806,2.0445215702056885,0.0920034795999527,0.0020405566319823265,-7.132445812225342,30.611417770385742,0.00019999999494757503,0.0005000000237487257,1.878611874417402e-05
97452032,0.05000000074505806,0.7741703987121582,0.03483767434954643,0.0021149967797100544,-7.1298394203186035,27.09687042236328,0.00019999999494757503,0.0005000000237487257,0.0016706676688045263
97517568,0.05000000074505806,0.537628173828125,0.02419326826930046,0.002317877020686865,-7.125694751739502,34.297340393066406,0.00019999999494757503,0.0005000000237487257,0.0022744638845324516
97583104,0.05000000074505806,0.4927124083042145,0.02217205800116062,0.0025625082198530436,-7.12655782699585,30.772253036499023,0.00019999999494757503,0.0005000000237487257,0.00018321469542570412
97648640,0.05000000074505806,0.8061648011207581,0.036277417093515396,0.0021766258869320154,-7.128917694091797,26.56177520751953,0.00019999999494757503,0.0005000000237487257,6.005014438414946e-05
97714176,0.05000000074505806,1.2401703596115112,0.05580766499042511,0.002106091706082225,-7.128998756408691,28.4681339263916,0.00019999999494757503,0.0005000000237487257,2.015311474679038e-05
97779712,0.05000000074505806,0.7349967956542969,0.03307485207915306,0.0020114348735660315,-7.128784656524658,30.56336212158203,0.00019999999494757503,0.0005000000237487257,9.358431998407468e-05
97845248,0.05000000074505806,0.4832790195941925,0.02174755558371544,0.0023514803033322096,-7.125072002410889,32.671234130859375,0.00019999999494757503,0.0005000000237487257,0.0006179885240271688
97910784,0.05000000074505806,0.5004525184631348,0.022520365193486214,0.0020106968004256487,-7.124502182006836,25.709087371826172,0.00019999999494757503,0.0005000000237487257,0.00022476659796666354
97976320,0.05000000074505806,0.5672670602798462,0.025527019053697586,0.0025404023472219706,-7.123014450073242,27.52721405029297,0.00019999999494757503,0.0005000000237487257,5.9072925068903714e-05
98041856,0.05000000074505806,0.4003675580024719,0.018016541376709938,0.001671693054959178,-7.121881484985352,31.54715919494629,0.00019999999494757503,0.0005000000237487257,0.00013992332969792187
98107392,0.05000000074505806,0.4277343153953552,0.01924804598093033,0.002274242928251624,-7.121690273284912,31.116233825683594,0.00019999999494757503,0.0005000000237487257,0.00015452021034434438
98172928,0.05000000074505806,0.4241275191307068,0.01908573880791664,0.00221019028685987,-7.120058059692383,23.451135635375977,0.00019999999494757503,0.0005000000237487257,0.00010972670861519873
98238464,0.05000000074505806,0.3788566291332245,0.0170485470443964,0.0023112338967621326,-7.120360374450684,26.3030948638916,0.00019999999494757503,0.0005000000237487257,0.0001179566970677115
98304000,0.05000000074505806,0.9823793768882751,0.044207073748111725,0.001973990350961685,-7.120572090148926,28.99002456665039,0.00019999999494757503,0.0005000000237487257,5.181316373636946e-05
98369536,0.05000000074505806,0.4510045051574707,0.02029520273208618,0.0020781634375452995,-7.122315406799316,34.919315338134766,0.00019999999494757503,0.0005000000237487257,9.14529082365334e-05
98435072,0.05000000074505806,3.500192403793335,0.15750867128372192,0.0031655398197472095,-7.125408172607422,51.78112030029297,0.00019999999494757503,0.0005000000237487257,3.14617864205502e-05
98500608,0.05000000074505806,3.6075150966644287,0.16233819723129272,0.0021260802168399096,-7.126387119293213,48.71307373046875,0.00019999999494757503,0.0005000000237487257,1.0939721505565103e-05
98566144,0.05000000074505806,3.614412784576416,0.16264857351779938,0.0015291410963982344,-7.130363941192627,31.394689559936523,0.00019999999494757503,0.0005000000237487257,7.449189979524817e-06
98631680,0.05000000074505806,3.4355695247650146,0.15460063517093658,0.0016375407576560974,-7.130954742431641,36.50447463989258,0.00019999999494757503,0.0005000000237487257,1.838960815803148e-05
98697216,0.05000000074505806,3.3754000663757324,0.1518930047750473,0.0014541331911459565,-7.130824089050293,30.926082611083984,0.00019999999494757503,0.0005000000237487257,1.6535161194042303e-05
98762752,0.05000000074505806,1.448216438293457,0.06516973674297333,0.001986999763175845,-7.131590366363525,41.238243103027344,0.00019999999494757503,0.0005000000237487257,3.7774974771309644e-05
98828288,0.05000000074505806,0.6290417313575745,0.028306879103183746,0.00200362759642303,-7.130990505218506,38.86959457397461,0.00019999999494757503,0.0005000000237487257,1.3308008419699036e-05
98893824,0.05000000074505806,1.1410893201828003,0.05134902149438858,0.0017175378743559122,-7.135037899017334,23.904903411865234,0.00019999999494757503,0.0005000000237487257,2.196135392296128e-05
98959360,0.05000000074505806,2.5878138542175293,0.11645163595676422,0.0020351081620901823,-7.135123252868652,27.602293014526367,0.00019999999494757503,0.0005000000237487257,1.0339601431041956e-05
99024896,0.05000000074505806,1.6525604724884033,0.07436522841453552,0.002272940706461668,-7.135430812835693,31.571073532104492,0.00019999999494757503,0.0005000000237487257,2.0679548470070586e-05
99090432,0.05000000074505806,0.6311342716217041,0.02840103954076767,0.0022481768392026424,-7.132550239562988,29.93877410888672,0.00019999999494757503,0.0005000000237487257,0.0022909347899258137
99155968,0.05000000074505806,0.4829903244972229,0.021734565496444702,0.001964407740160823,-7.1302337646484375,29.952377319335938,0.00019999999494757503,0.0005000000237487257,0.001964344410225749
99221504,0.05000000074505806,0.4264141321182251,0.019188638776540756,0.0019759824499487877,-7.1287841796875,28.820558547973633,0.00019999999494757503,0.0005000000237487257,0.00012046118354192004
99287040,0.05000000074505806,0.5734379887580872,0.025804709643125534,0.003035807516425848,-7.12933349609375,25.79526138305664,0.00019999999494757503,0.0005000000237487257,4.640244151232764e-05
99352576,0.05000000074505806,1.1043578386306763,0.04969610273838043,0.0021482855081558228,-7.132063865661621,29.004003524780273,0.00019999999494757503,0.0005000000237487257,1.3777113053947687e-05
99418112,0.05000000074505806,0.6639410853385925,0.029877353459596634,0.0018146832007914782,-7.130672931671143,28.429183959960938,0.00019999999494757503,0.0005000000237487257,0.00014162136358208954
99483648,0.05000000074505806,0.44797176122665405,0.020158730447292328,0.0018923741299659014,-7.129561901092529,26.3980712890625,0.00019999999494757503,0.0005000000237487257,0.0009510990930721164
99549184,0.05000000074505806,0.46041861176490784,0.02071884088218212,0.002644582884386182,-7.127032279968262,28.682865142822266,0.00019999999494757503,0.0005000000237487257,0.0002013833582168445
99614720,0.05000000074505806,0.4128008186817169,0.018576039001345634,0.0024361745454370975,-7.125757217407227,26.201562881469727,0.00019999999494757503,0.0005000000237487257,8.157709817169234e-05
99680256,0.05000000074505806,0.7576953172683716,0.03409628942608833,0.0024367137812078,-7.125992774963379,30.61785125732422,0.00019999999494757503,0.0005000000237487257,8.749365224502981e-05
99745792,0.05000000074505806,0.5722371339797974,0.025750672444701195,0.0017740029143169522,-7.127784729003906,31.271276473999023,0.00019999999494757503,0.0005000000237487257,3.8503436371684074e-05
99811328,0.05000000074505806,0.40458089113235474,0.018206141889095306,0.0018465048633515835,-7.123408794403076,23.166196823120117,0.00019999999494757503,0.0005000000237487257,0.0002666163200046867
99876864,0.05000000074505806,0.42598825693130493,0.01916947215795517,0.002616837155073881,-7.125524520874023,29.83709716796875,0.00019999999494757503,0.0005000000237487257,0.00024264122475869954
99942400,0.05000000074505806,0.8638679385185242,0.0388740599155426,0.0017461139941588044,-7.128695964813232,24.89862060546875,0.00019999999494757503,0.0005000000237487257,5.3204246796667576e-05
100007936,0.05000000074505806,0.47908321022987366,0.021558746695518494,0.00210602767765522,-7.126370429992676,36.36371994018555,0.00019999999494757503,0.0005000000237487257,9.414121450390667e-05
100073472,0.05000000074505806,3.5084381103515625,0.15787972509860992,0.002757611218839884,-7.129946231842041,43.18465805053711,0.00019999999494757503,0.0005000000237487257,3.0487903131870553e-05
100139008,0.05000000074505806,3.6397767066955566,0.16378995776176453,0.0018913939129561186,-7.131555557250977,48.134376525878906,0.00019999999494757503,0.0005000000237487257,1.481259550928371e-05
100204544,0.05000000074505806,3.6774046421051025,0.1654832363128662,0.002248431323096156,-7.132244110107422,39.44013214111328,0.00019999999494757503,0.0005000000237487257,8.527321369911078e-06
100270080,0.05000000074505806,3.491530179977417,0.15711885690689087,0.0013529047137126327,-7.130594253540039,26.273292541503906,0.00019999999494757503,0.0005000000237487257,2.093110015266575e-05
100335616,0.05000000074505806,3.416104316711426,0.15372470021247864,0.0017927613807842135,-7.133090972900391,27.37224769592285,0.00019999999494757503,0.0005000000237487257,1.6436139048892073e-05
100401152,0.05000000074505806,1.4727178812026978,0.0662723034620285,0.0017422952223569155,-7.1330742835998535,38.72646713256836,0.00019999999494757503,0.0005000000237487257,3.723709596670233e-05
100466688,0.05000000074505806,0.7128838896751404,0.032079774886369705,0.001755444798618555,-7.1333513259887695,25.8894100189209,0.00019999999494757503,0.0005000000237487257,1.6364623661502264e-05
100532224,0.05000000074505806,1.1764522790908813,0.052940353751182556,0.00247814878821373,-7.134375095367432,26.795093536376953,0.00019999999494757503,0.0005000000237487257,1.8294365872861817e-05
100597760,0.05000000074505806,2.3932089805603027,0.10769440233707428,0.0023316156584769487,-7.130527496337891,36.779823303222656,0.00019999999494757503,0.0005000000237487257,1.352597519144183e-05
100663296,0.05000000074505806,1.572603702545166,0.07076716423034668,0.002028399147093296,-7.130255699157715,33.514625549316406,0.00019999999494757503,0.0005000000237487257,2.4523691536160186e-05
100728832,0.05000000074505806,0.6165429353713989,0.027744431048631668,0.0029226341284811497,-7.126722812652588,38.64474868774414,0.00019999999494757503,0.0005000000237487257,0.0017376805189996958
100794368,0.05000000074505806,0.5022597908973694,0.022601690143346786,0.0025030027609318495,-7.126347541809082,48.18070602416992,0.00019999999494757503,0.0005000000237487257,0.0014926919247955084
100859904,0.05000000074505806,0.4757400155067444,0.021408304572105408,0.0020097168162465096,-7.127028465270996,26.45263671875,0.00019999999494757503,0.0005000000237487257,0.00012520233576651663
100925440,0.05000000074505806,0.5873920917510986,0.026432648301124573,0.002263376023620367,-7.1292619705200195,22.143451690673828,0.00019999999494757503,0.0005000000237487257,4.4836207962362096e-05
100990976,0.05000000074505806,0.9112297296524048,0.04100533574819565,0.0023964112624526024,-7.128950119018555,27.979183197021484,0.00019999999494757503,0.0005000000237487257,2.0442006643861532e-05
101056512,0.05000000074505806,0.6381325721740723,0.028715966269373894,0.0019130868604406714,-7.127313613891602,25.254369735717773,0.00019999999494757503,0.0005000000237487257,0.0002202729956479743
101122048,0.05000000074505806,0.46988850831985474,0.021144982427358627,0.002011848147958517,-7.126992225646973,27.870080947875977,0.00019999999494757503,0.0005000000237487257,0.0008086340967565775
101187584,0.05000000074505806,0.5102399587631226,0.02296079695224762,0.002602645196020603,-7.124249458312988,32.2945442199707,0.00019999999494757503,0.0005000000237487257,0.00021262315567582846
101253120,0.05000000074505806,0.48468172550201416,0.021810680627822876,0.0019622291438281536,-7.12479305267334,24.698699951171875,0.00019999999494757503,0.0005000000237487257,5.59343425265979e-05
101318656,0.05000000074505806,0.6993850469589233,0.03147232532501221,0.002377129392698407,-7.12721061706543,24.829103469848633,0.00019999999494757503,0.0005000000237487257,7.064549572532997e-05
101384192,0.05000000074505806,0.44349199533462524,0.01995714195072651,0.0018922813469544053,-7.128554344177246,28.63232421875,0.00019999999494757503,0.0005000000237487257,7.570809248136356e-05
101449728,0.05000000074505806,0.4321742653846741,0.019447840750217438,0.002577772829681635,-7.127743721008301,28.06646156311035,0.00019999999494757503,0.0005000000237487257,0.0001978299842448905
101515264,0.05000000074505806,0.5600332617759705,0.025201497599482536,0.002304759807884693,-7.127225875854492,26.106199264526367,0.00019999999494757503,0.0005000000237487257,0.0002355449687456712
101580800,0.05000000074505806,1.199081301689148,0.05395865812897682,0.002240783767774701,-7.129715919494629,39.547977447509766,0.00019999999494757503,0.0005000000237487257,4.621994594344869e-05
101646336,0.05000000074505806,0.6856736540794373,0.030855312943458557,0.0022552800364792347,-7.127881050109863,36.82865905761719,0.00019999999494757503,0.0005000000237487257,9.913466783473268e-05
101711872,0.05000000074505806,3.4128682613372803,0.15357908606529236,0.003999126143753529,-7.133968353271484,54.479671478271484,0.00019999999494757503,0.0005000000237487257,3.407184703974053e-05
101777408,0.05000000074505806,3.565340757369995,0.1604403406381607,0.0019448398379608989,-7.132656097412109,40.71678161621094,0.00019999999494757503,0.0005000000237487257,1.5876135876169428e-05
101842944,0.05000000074505806,3.6671507358551025,0.16502179205417633,0.001953501021489501,-7.1341471672058105,28.564311981201172,0.00019999999494757503,0.0005000000237487257,1.2702650565188378e-05
101908480,0.05000000074505806,3.4184226989746094,0.15382902324199677,0.0014942747075110674,-7.13530969619751,25.62725830078125,0.00019999999494757503,0.0005000000237487257,1.2646886716538575e-05
101974016,0.05000000074505806,3.305180549621582,0.14873315393924713,0.002013283781707287,-7.13413667678833,29.788631439208984,0.00019999999494757503,0.0005000000237487257,1.8815222574630752e-05
102039552,0.05000000074505806,1.5340466499328613,0.06903209537267685,0.0013921069912612438,-7.135962963104248,31.01220703125,0.00019999999494757503,0.0005000000237487257,3.619240669650026e-05
102105088,0.05000000074505806,0.5537908673286438,0.024920590221881866,0.002115188166499138,-7.136256217956543,31.833581924438477,0.00019999999494757503,0.0005000000237487257,1.3946212675364222e-05
102170624,0.05000000074505806,1.617895483970642,0.07280530035495758,0.0018353968625888228,-7.136198043823242,21.589616775512695,0.00019999999494757503,0.0005000000237487257,1.2630587661988102e-05
102236160,0.05000000074505806,2.4646313190460205,0.11090841889381409,0.002394282491877675,-7.134789943695068,31.83226203918457,0.00019999999494757503,0.0005000000237487257,1.0819827366503887e-05
102301696,0.05000000074505806,1.8984839916229248,0.0854317843914032,0.0020314811263233423,-7.132201194763184,32.346832275390625,0.00019999999494757503,0.0005000000237487257,1.7969519831240177e-05
102367232,0.05000000074505806,0.6636736392974854,0.029865315183997154,0.002059331862255931,-7.12834358215332,30.32343864440918,0.00019999999494757503,0.0005000000237487257,0.0022135875187814236
102432768,0.05000000074505806,0.5128977298736572,0.02308039925992489,0.0016966499388217926,-7.132411003112793,27.990808486938477,0.00019999999494757503,0.0005000000237487257,0.0032383655197918415
102498304,0.05000000074505806,0.5003870725631714,0.02251741848886013,0.001983663998544216,-7.129006385803223,23.43861198425293,0.00019999999494757503,0.0005000000237487257,0.00014644126349594444
102563840,0.05000000074505806,1.0430293083190918,0.04693632200360298,0.002634786767885089,-7.12847375869751,28.59238624572754,0.00019999999494757503,0.0005000000237487257,4.528541467152536e-05
102629376,0.05000000074505806,0.9838364124298096,0.044272638857364655,0.0020361209753900766,-7.128775596618652,24.95692253112793,0.00019999999494757503,0.0005000000237487257,1.8394273865851574e-05
102694912,0.05000000074505806,0.6971836686134338,0.031373269855976105,0.0020360401831567287,-7.126161575317383,27.979679107666016,0.00019999999494757503,0.0005000000237487257,0.0001623308489797637
102760448,0.05000000074505806,0.47548097372055054,0.021396644413471222,0.0020859811920672655,-7.12665319442749,31.266252517700195,0.00019999999494757503,0.0005000000237487257,0.0009152211132459342
102825984,0.05000000074505806,0.5910727977752686,0.02659827657043934,0.002243961440399289,-7.12624979019165,25.888507843017578,0.00019999999494757503,0.0005000000237487257,0.00023458842770196497
102891520,0.05000000074505806,0.5028095841407776,0.02262643352150917,0.0019920715130865574,-7.126442909240723,31.005733489990234,0.00019999999494757503,0.0005000000237487257,4.691116919275373e-05
102957056,0.05000000074505806,0.5091744661331177,0.022912850603461266,0.002248130738735199,-7.126472473144531,33.45627212524414,0.00019999999494757503,0.0005000000237487257,0.00015708825958427042
103022592,0.05000000074505806,0.39598533511161804,0.017819341272115707,0.0019353622337803245,-7.12545919418335,31.02303123474121,0.00019999999494757503,0.0005000000237487257,5.286168016027659e-05
103088128,0.05000000074505806,0.37710726261138916,0.016969827935099602,0.0018984335474669933,-7.128041744232178,27.869915008544922,0.00019999999494757503,0.0005000000237487257,0.0001537322241347283
103153664,0.05000000074505806,0.43456894159317017,0.019555602222681046,0.0017761130584403872,-7.125713348388672,24.2325439453125,0.00019999999494757503,0.0005000000237487257,0.0003049188235308975
103219200,0.05000000074505806,1.1176531314849854,0.05029439553618431,0.001946820062585175,-7.1297197341918945,23.184804916381836,0.00019999999494757503,0.0005000000237487257,5.0380640459479764e-05
103284736,0.05000000074505806,0.6045088768005371,0.027202900499105453,0.002371373353525996,-7.128775119781494,32.63793182373047,0.00019999999494757503,0.0005000000237487257,9.241967927664518e-05
103350272,0.05000000074505806,3.554226875305176,0.1599402129650116,0.0022913652937859297,-7.133057117462158,40.825782775878906,0.00019999999494757503,0.0005000000237487257,3.2127882150234655e-05
103415808,0.05000000074505806,3.641301393508911,0.1638585776090622,0.0019986138213425875,-7.130512237548828,40.761512756347656,0.00019999999494757503,0.0005000000237487257,1.268210144189652e-05
103481344,0.05000000074505806,3.7136647701263428,0.16711492836475372,0.0020586762111634016,-7.132007122039795,23.51420021057129,0.00019999999494757503,0.0005000000237487257,7.785783054714557e-06
103546880,0.05000000074505806,3.441195249557495,0.15485379099845886,0.00156139035243541,-7.132020473480225,25.776140213012695,0.00019999999494757503,0.0005000000237487257,1.4542296412400901e-05
103612416,0.05000000074505806,3.295802354812622,0.1483110934495926,0.0017589263152331114,-7.132878303527832,26.652334213256836,0.00019999999494757503,0.0005000000237487257,1.655657797527965e-05
103677952,0.05000000074505806,1.4935011863708496,0.06720755249261856,0.0021140081807971,-7.133200645446777,49.2393913269043,0.00019999999494757503,0.0005000000237487257,3.276136703789234e-05
103743488,0.05000000074505806,0.6245380640029907,0.028104210272431374,0.0015937074786052108,-7.131711006164551,25.65332794189453,0.00019999999494757503,0.0005000000237487257,1.557875657454133e-05
103809024,0.05000000074505806,1.0138745307922363,0.04562435671687126,0.0022031015250831842,-7.134692192077637,22.03985595703125,0.00019999999494757503,0.0005000000237487257,2.1707166524720378e-05
103874560,0.05000000074505806,1.7289905548095703,0.07780458778142929,0.0024918122217059135,-7.136654376983643,30.262287139892578,0.00019999999494757503,0.0005000000237487257,1.2938917279825546e-05
103940096,0.05000000074505806,2.250535488128662,0.10127410292625427,0.0027134825941175222,-7.132768630981445,41.69807434082031,0.00019999999494757503,0.0005000000237487257,1.9986549887107685e-05
104005632,0.05000000074505806,1.0042929649353027,0.04519318789243698,0.0022432724945247173,-7.134271621704102,27.278926849365234,0.00019999999494757503,0.0005000000237487257,0.0004511343431659043
104071168,0.05000000074505806,0.6574161052703857,0.029583726078271866,0.002550613135099411,-7.134190082550049,36.3047981262207,0.00019999999494757503,0.0005000000237487257,0.0009066441562026739
104136704,0.05000000074505806,0.7086865901947021,0.03189089149236679,0.00267882295884192,-7.133626937866211,34.099761962890625,0.00019999999494757503,0.0005000000237487257,0.00012898101704195142
104202240,0.05000000074505806,1.0210705995559692,0.045948177576065063,0.002243837108835578,-7.13240909576416,27.154212951660156,0.00019999999494757503,0.0005000000237487257,3.581038617994636e-05
104267776,0.05000000074505806,0.9218063354492188,0.04148128256201744,0.002199358306825161,-7.129782676696777,27.788108825683594,0.00019999999494757503,0.0005000000237487257,2.4729190045036376e-05
104333312,0.05000000074505806,0.6015557646751404,0.02707000821828842,0.001813693204894662,-7.129480361938477,29.281654357910156,0.00019999999494757503,0.0005000000237487257,0.00016472337301820517
104398848,0.05000000074505806,0.4810640811920166,0.02164788916707039,0.002250674646347761,-7.127142429351807,26.55131721496582,0.00019999999494757503,0.0005000000237487257,0.00050736014964059
104464384,0.05000000074505806,0.7443023920059204,0.033493608236312866,0.0019747144542634487,-7.129490852355957,26.142742156982422,0.00019999999494757503,0.0005000000237487257,0.00027958082500845194
104529920,0.05000000074505806,0.48223167657852173,0.021700425073504448,0.0019892817363142967,-7.127330780029297,24.646968841552734,0.00019999999494757503,0.0005000000237487257,7.781483145663515e-05
104595456,0.05000000074505806,0.4587593674659729,0.02064417116343975,0.002005747053772211,-7.127048969268799,27.069547653198242,0.00019999999494757503,0.0005000000237487257,0.0002126825856976211
104660992,0.05000000074505806,0.4347439110279083,0.019563479349017143,0.00243556872010231,-7.126923084259033,36.194671630859375,0.00019999999494757503,0.0005000000237487257,8.704153879079968e-05
104726528,0.05000000074505806,0.4173447787761688,0.01878051646053791,0.002382375532761216,-7.127111911773682,33.155860900878906,0.00019999999494757503,0.0005000000237487257,0.00011298152094241232
104792064,0.05000000074505806,0.5610765218734741,0.025248443707823753,0.0018010750645771623,-7.126895904541016,24.309730529785156,0.00019999999494757503,0.0005000000237487257,0.0002533814695198089
104857600,0.05000000074505806,1.1738882064819336,0.052824966609478,0.002113882452249527,-7.12603759765625,31.2941837310791,0.00019999999494757503,0.0005000000237487257,4.379880556371063e-05
104923136,0.05000000074505806,0.6316705346107483,0.028425173833966255,0.0026466180570423603,-7.124748229980469,35.513816833496094,0.00019999999494757503,0.0005000000237487257,8.294270082842559e-05
104988672,0.05000000074505806,3.55354642868042,0.15990959107875824,0.001889112638309598,-7.127768039703369,36.7476806640625,0.00019999999494757503,0.0005000000237487257,3.0547893402399495e-05
105054208,0.05000000074505806,3.64737606048584,0.16413192451000214,0.0019810963422060013,-7.129434585571289,44.33929443359375,0.00019999999494757503,0.0005000000237487257,1.1979990631516557e-05
105119744,0.05000000074505806,3.7340946197509766,0.16803425550460815,0.00185185088776052,-7.1260199546813965,25.73185157775879,0.00019999999494757503,0.0005000000237487257,8.455443094135262e-06
105185280,0.05000000074505806,3.484714984893799,0.15681219100952148,0.0019579457584768534,-7.1295390129089355,27.567977905273438,0.00019999999494757503,0.0005000000237487257,1.614573375263717e-05
105250816,0.05000000074505806,3.3388566970825195,0.15024855732917786,0.0016999989748001099,-7.128361701965332,27.91616439819336,0.00019999999494757503,0.0005000000237487257,1.3421384210232645e-05
105316352,0.05000000074505806,1.4993716478347778,0.06747172772884369,0.0015542582841590047,-7.129817485809326,31.97561264038086,0.00019999999494757503,0.0005000000237487257,3.2545383874094114e-05
105381888,0.05000000074505806,0.5793272256851196,0.026069724932312965,0.0017679269658401608,-7.131769180297852,23.784780502319336,0.00019999999494757503,0.0005000000237487257,1.28695373859955e-05
105447424,0.05000000074505806,1.627648115158081,0.07324416190385818,0.0025910779368132353,-7.133601665496826,27.85344886779785,0.00019999999494757503,0.0005000000237487257,1.1841220839414746e-05
105512960,0.05000000074505806,2.2149128913879395,0.09967108815908432,0.0016676918603479862,-7.131926536560059,21.89434814453125,0.00019999999494757503,0.0005000000237487257,1.193272510136012e-05
105578496,0.05000000074505806,2.7773241996765137,0.12497960776090622,0.0017846322152763605,-7.131400108337402,29.002948760986328,0.00019999999494757503,0.0005000000237487257,1.7702348486636765e-05
105644032,0.05000000074505806,1.101631760597229,0.04957342892885208,0.0019515214953571558,-7.128867149353027,26.684829711914062,0.00019999999494757503,0.0005000000237487257,0.0006470999214798212
105709568,0.05000000074505806,0.7777121663093567,0.03499704971909523,0.003081121714785695,-7.131459712982178,38.89518737792969,0.00019999999494757503,0.0005000000237487257,0.0017713684355840087
105775104,0.05000000074505806,0.9498082399368286,0.04274137318134308,0.0016946671530604362,-7.13279914855957,26.436752319335938,0.00019999999494757503,0.0005000000237487257,0.00018846651073545218
105840640,0.05000000074505806,1.4116721153259277,0.0635252445936203,0.002889920026063919,-7.126664638519287,25.811405181884766,0.00019999999494757503,0.0005000000237487257,4.625866858987138e-05
105906176,0.05000000074505806,1.8342132568359375,0.08253959566354752,0.0024207285605371,-7.1254777908325195,24.13794708251953,0.00019999999494757503,0.0005000000237487257,1.9504179363138974e-05
105971712,0.05000000074505806,0.9613746404647827,0.04326185584068298,0.002857929328456521,-7.127600193023682,47.20963668823242,0.00019999999494757503,0.0005000000237487257,6.759816460544243e-05
106037248,0.05000000074505806,0.5742807388305664,0.025842634961009026,0.002142023527994752,-7.126855373382568,30.932174682617188,0.00019999999494757503,0.0005000000237487257,0.0001436637103324756
106102784,0.05000000074505806,0.5527607202529907,0.024874232709407806,0.0021229246631264687,-7.127220153808594,25.481489181518555,0.00019999999494757503,0.0005000000237487257,8.268655074061826e-05
106168320,0.05000000074505806,0.5642682909965515,0.025392072275280952,0.002117286203429103,-7.124404430389404,27.13794708251953,0.00019999999494757503,0.0005000000237487257,4.584667840390466e-05
106233856,0.05000000074505806,0.8859505653381348,0.03986778110265732,0.0024919824209064245,-7.122951984405518,24.828580856323242,0.00019999999494757503,0.0005000000237487257,5.2741939725819975e-05
106299392,0.05000000074505806,0.6804721355438232,0.030621247366070747,0.002349388087168336,-7.125277519226074,34.00920867919922,0.00019999999494757503,0.0005000000237487257,3.50989394064527e-05
106364928,0.05000000074505806,0.5107585787773132,0.022984135895967484,0.0026159470435231924,-7.122123718261719,27.05694007873535,0.00019999999494757503,0.0005000000237487257,6.410315836546943e-05
106430464,0.05000000074505806,1.0106180906295776,0.045477814972400665,0.0024674921296536922,-7.123082637786865,27.248197555541992,0.00019999999494757503,0.0005000000237487257,5.098836118122563e-05
106496000,0.05000000074505806,1.332101821899414,0.05994458869099617,0.001904194476082921,-7.11935567855835,26.96108627319336,0.00019999999494757503,0.0005000000237487257,2.9155149604775943e-05
106561536,0.05000000074505806,0.7125536203384399,0.03206491470336914,0.00237961090169847,-7.121683597564697,31.56991195678711,0.00019999999494757503,0.0005000000237487257,0.00015168929530773312
106627072,0.05000000074505806,3.6334471702575684,0.16350513696670532,0.0019280624110251665,-7.127143859863281,30.897159576416016,0.00019999999494757503,0.0005000000237487257,3.1922994821798056e-05
106692608,0.05000000074505806,3.706083297729492,0.16677376627922058,0.001735127647407353,-7.12979793548584,39.06489944458008,0.00019999999494757503,0.0005000000237487257,1.2671308468270581e-05
106758144,0.05000000074505806,3.729830503463745,0.16784235835075378,0.0017793809529393911,-7.127163410186768,28.77588653564453,0.00019999999494757503,0.0005000000237487257,9.646912076277658e-06
106823680,0.05000000074505806,3.4999608993530273,0.15749822556972504,0.0019044037908315659,-7.128201484680176,35.479827880859375,0.00019999999494757503,0.0005000000237487257,1.3953361303720158e-05
106889216,0.05000000074505806,3.3795101642608643,0.15207797288894653,0.0023324359208345413,-7.124693393707275,39.954864501953125,0.00019999999494757503,0.0005000000237487257,2.3970405891304836e-05
106954752,0.05000000074505806,1.5490224361419678,0.0697060078382492,0.001607957063242793,-7.12701416015625,34.901153564453125,0.00019999999494757503,0.0005000000237487257,3.682528040371835e-05
107020288,0.05000000074505806,0.5987915396690369,0.02694561891257763,0.0022734852973371744,-7.1270318031311035,27.084686279296875,0.00019999999494757503,0.0005000000237487257,1.5733287000330165e-05
107085824,0.05000000074505806,1.1226911544799805,0.05052110552787781,0.002011651871725917,-7.1287055015563965,21.686927795410156,0.00019999999494757503,0.0005000000237487257,1.7103868231060915e-05
107151360,0.05000000074505806,1.8975574970245361,0.08539009839296341,0.0015801945701241493,-7.129122257232666,21.501914978027344,0.00019999999494757503,0.0005000000237487257,1.4732057024957612e-05
107216896,0.05000000074505806,0.8588206768035889,0.03864692896604538,0.0023527080193161964,-7.127518653869629,39.7503776550293,0.00019999999494757503,0.0005000000237487257,2.5894616555888206e-05
107282432,0.05000000074505806,0.5537090301513672,0.024916905909776688,0.0017437026835978031,-7.128864288330078,36.307647705078125,0.00019999999494757503,0.0005000000237487257,0.0013776669511571527
107347968,0.05000000074505806,0.5174718499183655,0.023286236450076103,0.001778480364009738,-7.129480838775635,29.93663215637207,0.00019999999494757503,0.0005000000237487257,0.0009414107771590352
107413504,0.05000000074505806,0.5212544202804565,0.023456452414393425,0.0019975651521235704,-7.12623405456543,29.337080001831055,0.00019999999494757503,0.0005000000237487257,0.00012501003220677376
107479040,0.05000000074505806,1.2030068635940552,0.054135315120220184,0.0023244768381118774,-7.126007556915283,29.536605834960938,0.00019999999494757503,0.0005000000237487257,3.588213803595863e-05
107544576,0.05000000074505806,0.9045313596725464,0.0407039113342762,0.002027283189818263,-7.1276960372924805,28.529842376708984,0.00019999999494757503,0.0005000000237487257,3.20665021718014e-05
107610112,0.05000000074505806,0.5688003301620483,0.0255960151553154,0.001975133316591382,-7.127726078033447,32.44102478027344,0.00019999999494757503,0.0005000000237487257,0.0006863210583105683
107675648,0.05000000074505806,0.5268473029136658,0.023708131164312363,0.0019302181899547577,-7.126921653747559,24.954219818115234,0.00019999999494757503,0.0005000000237487257,0.0009242088999599218
107741184,0.05000000074505806,0.5310542583465576,0.0238974429666996,0.0024581055622547865,-7.125243663787842,24.731739044189453,0.00019999999494757503,0.0005000000237487257,0.00020898980437777936
107806720,0.05000000074505806,0.5145824551582336,0.023156212642788887,0.002056266414001584,-7.123669624328613,29.322978973388672,0.00019999999494757503,0.0005000000237487257,7.894834561739117e-05
107872256,0.05000000074505806,0.49257099628448486,0.022165697067975998,0.002019532024860382,-7.123984336853027,28.89569664001465,0.00019999999494757503,0.0005000000237487257,3.0922037694836035e-05
107937792,0.05000000074505806,0.4269058108329773,0.01921076327562332,0.002606526715680957,-7.12554407119751,42.075714111328125,0.00019999999494757503,0.0005000000237487257,0.00012377413804642856
108003328,0.05000000074505806,0.3947560489177704,0.017764022573828697,0.002050939481705427,-7.124707221984863,25.054439544677734,0.00019999999494757503,0.0005000000237487257,0.0003271970199421048
108068864,0.05000000074505806,0.48675912618637085,0.02190416119992733,0.001964954659342766,-7.122926712036133,25.579082489013672,0.00019999999494757503,0.0005000000237487257,0.00028962091892026365
108134400,0.05000000074505806,1.03493332862854,0.046571996062994,0.0016228698659688234,-7.1253132820129395,24.5844669342041,0.00019999999494757503,0.0005000000237487257,3.768120950553566e-05
108199936,0.05000000074505806,0.5901683568954468,0.02655757963657379,0.002179898088797927,-7.124874591827393,29.435142517089844,0.00019999999494757503,0.0005000000237487257,0.00012291947496123612
108265472,0.05000000074505806,3.5080552101135254,0.15786248445510864,0.002061850856989622,-7.130070209503174,37.32231903076172,0.00019999999494757503,0.0005000000237487257,3.430148717598058e-05
108331008,0.05000000074505806,3.5643837451934814,0.1603972613811493,0.00196707877330482,-7.132835388183594,38.959259033203125,0.00019999999494757503,0.0005000000237487257,1.2136975783505477e-05
108396544,0.05000000074505806,3.558573007583618,0.16013580560684204,0.0019250913755968213,-7.132699966430664,30.602779388427734,0.00019999999494757503,0.0005000000237487257,7.434232884406811e-06
108462080,0.05000000074505806,3.2720112800598145,0.1472405195236206,0.0018032360821962357,-7.1324005126953125,31.042593002319336,0.00019999999494757503,0.0005000000237487257,1.70470211742213e-05
108527616,0.05000000074505806,3.2040598392486572,0.14418268203735352,0.0019193203188478947,-7.130448341369629,31.24492835998535,0.00019999999494757503,0.0005000000237487257,1.6427266018581577e-05
108593152,0.05000000074505806,1.4082156419754028,0.06336969882249832,0.001416364568285644,-7.129973888397217,28.465171813964844,0.00019999999494757503,0.0005000000237487257,3.864704558509402e-05
108658688,0.05000000074505806,0.5491693019866943,0.024712616577744484,0.002826111624017358,-7.1341681480407715,49.153465270996094,0.00019999999494757503,0.0005000000237487257,1.2019834684906527e-05
108724224,0.05000000074505806,1.1543452739715576,0.05194553732872009,0.0018288497813045979,-7.128448009490967,23.48283576965332,0.00019999999494757503,0.0005000000237487257,1.5293946489691734e-05
108789760,0.05000000074505806,2.36531138420105,0.1064390167593956,0.001538808224722743,-7.1294097900390625,30.54958724975586,0.00019999999494757503,0.0005000000237487257,9.293265065934975e-06
108855296,0.05000000074505806,0.8659611344337463,0.038968250155448914,0.001824285602197051,-7.12882661819458,29.57806968688965,0.00019999999494757503,0.0005000000237487257,2.4674885935382918e-05
108920832,0.05000000074505806,0.46408140659332275,0.02088366448879242,0.0023855757899582386,-7.125660419464111,39.27569580078125,0.00019999999494757503,0.0005000000237487257,0.0025862969923764467
108986368,0.05000000074505806,0.46224722266197205,0.020801126956939697,0.0018928892677649856,-7.122213363647461,34.81871032714844,0.00019999999494757503,0.0005000000237487257,0.0018452081130817533
109051904,0.05000000074505806,0.4664672613143921,0.02099102921783924,0.001852014334872365,-7.123175621032715,26.698898315429688,0.00019999999494757503,0.0005000000237487257,0.00011431871826061979
109117440,0.05000000074505806,1.0656113624572754,0.04795251786708832,0.0016961514484137297,-7.131931304931641,21.708858489990234,0.00019999999494757503,0.0005000000237487257,3.138226020382717e-05
109182976,0.05000000074505806,0.9660933017730713,0.04347419738769531,0.0022378601133823395,-7.128101825714111,31.808025360107422,0.00019999999494757503,0.0005000000237487257,2.172422864532564e-05
109248512,0.05000000074505806,0.633121132850647,0.028490453958511353,0.0016806316561996937,-7.129915237426758,28.98957061767578,0.00019999999494757503,0.0005000000237487257,0.00032725874916650355
109314048,0.05000000074505806,0.5009753704071045,0.02254389226436615,0.001975786406546831,-7.127318859100342,28.97152328491211,0.00019999999494757503,0.0005000000237487257,0.0008270688122138381
109379584,0.05000000074505806,0.5659667253494263,0.025468505918979645,0.0017120594857260585,-7.128712177276611,24.897260665893555,0.00019999999494757503,0.0005000000237487257,0.0001797789882402867
109445120,0.05000000074505806,0.6493245363235474,0.029219605028629303,0.0019079695921391249,-7.125389099121094,25.36709213256836,0.00019999999494757503,0.0005000000237487257,5.932458589086309e-05
109510656,0.05000000074505806,0.6855857372283936,0.03085136041045189,0.0019692713394761086,-7.120613098144531,23.422691345214844,0.00019999999494757503,0.0005000000237487257,2.3248045181389898e-05
109576192,0.05000000074505806,0.5054157376289368,0.02274370938539505,0.0016570343868806958,-7.124320030212402,26.0490779876709,0.00019999999494757503,0.0005000000237487257,6.503680197056383e-05
109641728,0.05000000074505806,0.4824701249599457,0.021711157634854317,0.002942481078207493,-7.125174522399902,33.70627212524414,0.00019999999494757503,0.0005000000237487257,0.0002515594242140651
109707264,0.05000000074505806,0.6248542070388794,0.028118442744016647,0.002410436514765024,-7.127496719360352,28.633420944213867,0.00019999999494757503,0.0005000000237487257,0.00017644955369178206
109772800,0.05000000074505806,0.5570663809776306,0.02506798505783081,0.0021976197604089975,-7.125972270965576,26.199167251586914,0.00019999999494757503,0.0005000000237487257,2.930165283032693e-05
109838336,0.05000000074505806,0.4600503444671631,0.020702265202999115,0.0017192949308082461,-7.127927303314209,26.619138717651367,0.00019999999494757503,0.0005000000237487257,0.00012444201274774969
109903872,0.05000000074505806,3.4517476558685303,0.1553286463022232,0.0017609845381230116,-7.129576683044434,29.81802749633789,0.00019999999494757503,0.0005000000237487257,3.8022575608920306e-05
109969408,0.05000000074505806,3.579561948776245,0.16108030080795288,0.0019581778906285763,-7.128139972686768,33.395835876464844,0.00019999999494757503,0.0005000000237487257,1.2604591574927326e-05
110034944,0.05000000074505806,3.5187718868255615,0.15834474563598633,0.0015137884765863419,-7.130234718322754,28.55283546447754,0.00019999999494757503,0.0005000000237487257,7.550578175141709e-06
110100480,0.05000000074505806,3.324063777923584,0.1495828628540039,0.0021674709860235453,-7.129962921142578,31.109949111938477,0.00019999999494757503,0.0005000000237487257,9.569262147124391e-06
110166016,0.05000000074505806,3.2525439262390137,0.1463644802570343,0.0016019215108826756,-7.133371353149414,28.134788513183594,0.00019999999494757503,0.0005000000237487257,1.5622192222508602e-05
110231552,0.05000000074505806,1.4404757022857666,0.06482140719890594,0.001977444626390934,-7.1337080001831055,37.12873077392578,0.00019999999494757503,0.0005000000237487257,4.472109867492691e-05
110297088,0.05000000074505806,0.5529567003250122,0.024883052334189415,0.0017801112262532115,-7.134878158569336,24.016433715820312,0.00019999999494757503,0.0005000000237487257,1.7817370462580584e-05
110362624,0.05000000074505806,1.1209609508514404,0.05044323951005936,0.0016536505427211523,-7.136624813079834,21.18991470336914,0.00019999999494757503,0.0005000000237487257,2.1169576939428225e-05
110428160,0.05000000074505806,2.263455390930176,0.10185548663139343,0.00169395434204489,-7.135202407836914,28.928905487060547,0.00019999999494757503,0.0005000000237487257,1.0553840184002183e-05
110493696,0.05000000074505806,1.1131045818328857,0.05008970946073532,0.0016753023955971003,-7.134341239929199,23.066150665283203,0.00019999999494757503,0.0005000000237487257,1.886339123302605e-05
110559232,0.05000000074505806,0.6236461400985718,0.028064077720046043,0.002270190743729472,-7.128381729125977,40.35205841064453,0.00019999999494757503,0.0005000000237487257,0.001068282057531178
110624768,0.05000000074505806,0.6518694758415222,0.02933412790298462,0.00209019030444324,-7.12762975692749,42.16281509399414,0.00019999999494757503,0.0005000000237487257,0.0016015369910746813
110690304,0.05000000074505806,0.5857880711555481,0.026360459625720978,0.002027809154242277,-7.129711151123047,25.39650535583496,0.00019999999494757503,0.0005000000237487257,0.0001359485904686153
110755840,0.05000000074505806,0.7650390267372131,0.03442675620317459,0.0020845341496169567,-7.128746032714844,24.73910903930664,0.00019999999494757503,0.0005000000237487257,4.997783253202215e-05
110821376,0.05000000074505806,1.2054524421691895,0.05424536019563675,0.002226033713668585,-7.128852844238281,23.47036361694336,0.00019999999494757503,0.0005000000237487257,1.7524094801046886e-05
110886912,0.05000000074505806,0.8513293266296387,0.038309819996356964,0.001965148374438286,-7.128835201263428,31.11531639099121,0.00019999999494757503,0.0005000000237487257,5.680411049979739e-05
110952448,0.05000000074505806,0.6494442820549011,0.029224997386336327,0.003306192345917225,-7.128719329833984,35.99637985229492,0.00019999999494757503,0.0005000000237487257,0.0003008059284184128
111017984,0.05000000074505806,0.7002953886985779,0.03151329606771469,0.002594978315755725,-7.131432056427002,31.976476669311523,0.00019999999494757503,0.0005000000237487257,9.312252950621769e-05
111083520,0.05000000074505806,0.6773712635040283,0.03048170730471611,0.0022062973584979773,-7.1310715675354,25.618022918701172,0.00019999999494757503,0.0005000000237487257,4.599691237672232e-05
111149056,0.05000000074505806,1.249913215637207,0.05624610185623169,0.0017486356664448977,-7.13352632522583,29.607755661010742,0.00019999999494757503,0.0005000000237487257,6.744719576090574e-05
111214592,0.05000000074505806,0.9169748425483704,0.041263870894908905,0.0021243069786578417,-7.132068634033203,27.428071975708008,0.00019999999494757503,0.0005000000237487257,3.141071283607744e-05
111280128,0.05000000074505806,0.5102442502975464,0.022960994392633438,0.00271711521781981,-7.127264976501465,28.270862579345703,0.00019999999494757503,0.0005000000237487257,0.00011408407590351999
111345664,0.05000000074505806,0.9281294345855713,0.04176583141088486,0.0019800877198576927,-7.125012397766113,24.900611877441406,0.00019999999494757503,0.0005000000237487257,5.3215317166177556e-05
111411200,0.05000000074505806,1.1934634447097778,0.053705859929323196,0.002003765432164073,-7.126345157623291,24.275781631469727,0.00019999999494757503,0.0005000000237487257,2.1670399291906506e-05
111476736,0.05000000074505806,0.7515895962715149,0.033821530640125275,0.002230377634987235,-7.127508163452148,28.893795013427734,0.00019999999494757503,0.0005000000237487257,0.00014285520592238754
111542272,0.05000000074505806,3.4840283393859863,0.15678128600120544,0.003129319753497839,-7.129579544067383,46.97172164916992,0.00019999999494757503,0.0005000000237487257,3.2511681638425216e-05
111607808,0.05000000074505806,3.612454891204834,0.16256049275398254,0.0016458372119814157,-7.130965709686279,32.60475540161133,0.00019999999494757503,0.0005000000237487257,7.963252755871508e-06
111673344,0.05000000074505806,3.6312296390533447,0.16340534389019012,0.0015740669332444668,-7.130356311798096,28.8243408203125,0.00019999999494757503,0.0005000000237487257,5.821565537189599e-06
111738880,0.05000000074505806,3.3692150115966797,0.15161468088626862,0.0018630987033247948,-7.129367351531982,27.274477005004883,0.00019999999494757503,0.0005000000237487257,1.1018567420251202e-05
111804416,0.05000000074505806,3.25426983833313,0.14644214510917664,0.0017512403428554535,-7.129276752471924,26.887237548828125,0.00019999999494757503,0.0005000000237487257,1.4051601283426862e-05
111869952,0.05000000074505806,1.45343017578125,0.06540436297655106,0.0019053443102166057,-7.125670909881592,36.3050537109375,0.00019999999494757503,0.0005000000237487257,3.9142309105955064e-05
111935488,0.05000000074505806,0.5837552547454834,0.026268990710377693,0.001213920651935041,-7.129932403564453,23.038837432861328,0.00019999999494757503,0.0005000000237487257,1.9468952814349905e-05
112001024,0.05000000074505806,1.018660545349121,0.04583972692489624,0.0026169216725975275,-7.1300764083862305,30.409812927246094,0.00019999999494757503,0.0005000000237487257,1.665073068579659e-05
112066560,0.05000000074505806,1.7310906648635864,0.07789908349514008,0.001828988315537572,-7.126967430114746,28.399147033691406,0.00019999999494757503,0.0005000000237487257,8.536077075405046e-06
112132096,0.05000000074505806,1.5040524005889893,0.06768237054347992,0.00163282232824713,-7.124540328979492,23.38800811767578,0.00019999999494757503,0.0005000000237487257,1.6128084098454565e-05
112197632,0.05000000074505806,0.954150378704071,0.042936772108078,0.0020381847862154245,-7.124370574951172,38.457672119140625,0.00019999999494757503,0.0005000000237487257,0.00023394764866679907
112263168,0.05000000074505806,0.9407366514205933,0.042333148419857025,0.0017859990475699306,-7.123306751251221,38.1644172668457,0.00019999999494757503,0.0005000000237487257,0.0004614918143488467
112328704,0.05000000074505806,0.928085207939148,0.04176383465528488,0.0018190726405009627,-7.125633716583252,22.169557571411133,0.00019999999494757503,0.0005000000237487257,0.00010446099622640759
112394240,0.05000000074505806,1.158243179321289,0.05212095007300377,0.002125850412994623,-7.12729549407959,27.55620574951172,0.00019999999494757503,0.0005000000237487257,2.805336771416478e-05
112459776,0.05000000074505806,1.3162858486175537,0.05923287197947502,0.002384340390563011,-7.12729549407959,34.45505905151367,0.00019999999494757503,0.0005000000237487257,2.0835657778661698e-05
112525312,0.05000000074505806,0.8849709033966064,0.03982369229197502,0.0017837488558143377,-7.124314308166504,27.483285903930664,0.00019999999494757503,0.0005000000237487257,7.156432548072189e-05
112590848,0.05000000074505806,0.806242048740387,0.03628089278936386,0.002677126321941614,-7.125527381896973,29.51496124267578,0.00019999999494757503,0.0005000000237487257,0.0001603224518476054
112656384,0.05000000074505806,0.9235689640045166,0.04156060516834259,0.0022122079972177744,-7.122690200805664,23.41693115234375,0.00019999999494757503,0.0005000000237487257,6.409311026800424e-05
112721920,0.05000000074505806,1.292067527770996,0.05814304202795029,0.0021666004322469234,-7.120015621185303,26.671350479125977,0.00019999999494757503,0.0005000000237487257,3.9105081668822095e-05
112787456,0.05000000074505806,0.9151157736778259,0.041180212050676346,0.002301821717992425,-7.119490623474121,37.916316986083984,0.00019999999494757503,0.0005000000237487257,3.689251025207341e-05
112852992,0.05000000074505806,0.6416012048721313,0.02887205220758915,0.0022682740818709135,-7.12053108215332,25.98466682434082,0.00019999999494757503,0.0005000000237487257,7.270810601767153e-05
112918528,0.05000000074505806,0.6317769289016724,0.028429964557290077,0.0023260856978595257,-7.120641708374023,25.8006649017334,0.00019999999494757503,0.0005000000237487257,4.0389080822933465e-05
112984064,0.05000000074505806,0.8911078572273254,0.0400998555123806,0.0022315301466733217,-7.1227707862854,28.97393226623535,0.00019999999494757503,0.0005000000237487257,2.8755293897120282e-05
113049600,0.05000000074505806,1.3111621141433716,0.059002287685871124,0.001994951395317912,-7.122401714324951,27.707416534423828,0.00019999999494757503,0.0005000000237487257,2.048307578661479e-05
113115136,0.05000000074505806,0.7582685947418213,0.03412209078669548,0.0031447752844542265,-7.122140407562256,31.20612907409668,0.00019999999494757503,0.0005000000237487257,5.390491787693463e-05
113180672,0.05000000074505806,3.56449031829834,0.1604020595550537,0.004948192276060581,-7.1237711906433105,50.071678161621094,0.00019999999494757503,0.0005000000237487257,2.9761655241600238e-05
113246208,0.05000000074505806,3.8023643493652344,0.17110641300678253,0.0017046513967216015,-7.128091335296631,27.791345596313477,0.00019999999494757503,0.0005000000237487257,1.1376553629816044e-05
113311744,0.05000000074505806,3.864417314529419,0.1738988161087036,0.0017126204911619425,-7.129756927490234,26.969663619995117,0.00019999999494757503,0.0005000000237487257,6.073970780562377e-06
113377280,0.05000000074505806,3.5549418926239014,0.15997236967086792,0.0017320724437013268,-7.128298282623291,24.60423469543457,0.00019999999494757503,0.0005000000237487257,1.0602729162201285e-05
113442816,0.05000000074505806,3.4805681705474854,0.15662558376789093,0.0014265713980421424,-7.130254745483398,27.821828842163086,0.00019999999494757503,0.0005000000237487257,1.2851211977249477e-05
113508352,0.05000000074505806,1.4965059757232666,0.06734277307987213,0.0017705446807667613,-7.127399921417236,37.12773513793945,0.00019999999494757503,0.0005000000237487257,3.67372231266927e-05
113573888,0.05000000074505806,0.6787819862365723,0.03054518811404705,0.0017427346901968122,-7.129302978515625,29.35926055908203,0.00019999999494757503,0.0005000000237487257,1.418526517227292e-05
113639424,0.05000000074505806,1.1231729984283447,0.05054277926683426,0.0027251029387116432,-7.127012729644775,21.376201629638672,0.00019999999494757503,0.0005000000237487257,1.7642907550907694e-05
113704960,0.05000000074505806,2.103443145751953,0.09465494006872177,0.0018974938429892063,-7.127092361450195,25.929149627685547,0.00019999999494757503,0.0005000000237487257,9.472470082982909e-06
113770496,0.05000000074505806,2.4020562171936035,0.1080925464630127,0.001967135351151228,-7.126256465911865,29.044404983520508,0.00019999999494757503,0.0005000000237487257,1.889373015728779e-05
113836032,0.05000000074505806,1.5144323110580444,0.06814946234226227,0.0019356062402948737,-7.128310680389404,31.344655990600586,0.00019999999494757503,0.0005000000237487257,0.00011251556861680001
113901568,0.05000000074505806,1.5422263145446777,0.06940018385648727,0.0017259198939427733,-7.130051136016846,31.9093017578125,0.00019999999494757503,0.0005000000237487257,0.0002104672894347459
113967104,0.05000000074505806,1.6542227268218994,0.07444003224372864,0.001829797402024269,-7.13077974319458,33.644474029541016,0.00019999999494757503,0.0005000000237487257,4.7179146349662915e-05
114032640,0.05000000074505806,1.9677295684814453,0.08854783326387405,0.0023397544864565134,-7.132167339324951,34.489662170410156,0.00019999999494757503,0.0005000000237487257,1.7894817574415356e-05
114098176,0.05000000074505806,2.9930453300476074,0.13468703627586365,0.0023332503624260426,-7.133192539215088,28.924312591552734,0.00019999999494757503,0.0005000000237487257,1.2677388440351933e-05
114163712,0.05000000074505806,1.471436858177185,0.0662146583199501,0.0017378764459863305,-7.132269382476807,35.94005584716797,0.00019999999494757503,0.0005000000237487257,4.759106377605349e-05
114229248,0.05000000074505806,1.0797849893569946,0.04859032854437828,0.0016513378359377384,-7.1324052810668945,29.735794067382812,0.00019999999494757503,0.0005000000237487257,0.00015363820421043783
114294784,0.05000000074505806,0.9877030849456787,0.044446639716625214,0.0022488408721983433,-7.130895137786865,25.395601272583008,0.00019999999494757503,0.0005000000237487257,0.00018780556274577975
114360320,0.05000000074505806,1.9619745016098022,0.08828885108232498,0.0024468291085213423,-7.128324508666992,25.260393142700195,0.00019999999494757503,0.0005000000237487257,5.215419514570385e-05
114425856,0.05000000074505806,1.445091962814331,0.06502913683652878,0.0020539425313472748,-7.128259181976318,27.429546356201172,0.00019999999494757503,0.0005000000237487257,2.9539836759795435e-05
114491392,0.05000000074505806,0.9694449305534363,0.04362501949071884,0.0022782934829592705,-7.12917423248291,35.57838439941406,0.00019999999494757503,0.0005000000237487257,0.00012222258374094963
114556928,0.05000000074505806,0.7069790959358215,0.03181406110525131,0.002038627630099654,-7.127634048461914,24.095977783203125,0.00019999999494757503,0.0005000000237487257,0.00015579191676806659
114622464,0.05000000074505806,0.7511976957321167,0.033803898841142654,0.002169807441532612,-7.125085353851318,23.466276168823242,0.00019999999494757503,0.0005000000237487257,4.0554536099079996e-05
114688000,0.05000000074505806,0.9140891432762146,0.04113401472568512,0.0020430171862244606,-7.124314308166504,27.548110961914062,0.00019999999494757503,0.0005000000237487257,8.087228343356401e-05
114753536,0.05000000074505806,0.9782786965370178,0.04402254894375801,0.0016955278115347028,-7.122611999511719,25.759185791015625,0.00019999999494757503,0.0005000000237487257,0.00014723368803970516
114819072,0.05000000074505806,3.4650564193725586,0.15592755377292633,0.0015969255473464727,-7.129931449890137,30.854829788208008,0.00019999999494757503,0.0005000000237487257,2.7466914616525173e-05
114884608,0.05000000074505806,3.748239040374756,0.16867077350616455,0.0016940775094553828,-7.129768371582031,36.827144622802734,0.00019999999494757503,0.0005000000237487257,9.499680345470551e-06
114950144,0.05000000074505806,3.798682928085327,0.17094072699546814,0.0015901417937129736,-7.13385534286499,22.656734466552734,0.00019999999494757503,0.0005000000237487257,5.566632808040595e-06
115015680,0.05000000074505806,3.5828824043273926,0.16122974455356598,0.001802682294510305,-7.131045818328857,24.805007934570312,0.00019999999494757503,0.0005000000237487257,1.9652430637506768e-05
115081216,0.05000000074505806,3.725770950317383,0.1676596999168396,0.0019328646594658494,-7.129785537719727,31.122541427612305,0.00019999999494757503,0.0005000000237487257,9.300525562139228e-06
115146752,0.05000000074505806,1.7249400615692139,0.07762230187654495,0.0020303104538470507,-7.127824306488037,46.43535614013672,0.00019999999494757503,0.0005000000237487257,4.0097645978676155e-05
115212288,0.05000000074505806,0.729210376739502,0.03281446546316147,0.002077938988804817,-7.133875846862793,28.93486976623535,0.00019999999494757503,0.0005000000237487257,1.6044952644733712e-05
115277824,0.05000000074505806,1.3115260601043701,0.05901867896318436,0.001695796730928123,-7.133266925811768,22.402225494384766,0.00019999999494757503,0.0005000000237487257,1.2277451787667815e-05
115343360,0.05000000074505806,1.7925915718078613,0.08066663146018982,0.0022174683399498463,-7.131866455078125,23.580413818359375,0.00019999999494757503,0.0005000000237487257,8.424707630183548e-06
115408896,0.05000000074505806,2.8221724033355713,0.12699776887893677,0.0019298694096505642,-7.128273963928223,24.277751922607422,0.00019999999494757503,0.0005000000237487257,1.69779214047594e-05
115474432,0.05000000074505806,1.5091911554336548,0.06791360676288605,0.0021073101088404655,-7.127455234527588,28.529380798339844,0.00019999999494757503,0.0005000000237487257,8.529421029379591e-05
115539968,0.05000000074505806,1.6251366138458252,0.07313114404678345,0.0019632847979664803,-7.126686096191406,31.327919006347656,0.00019999999494757503,0.0005000000237487257,0.00012303676339797676
115605504,0.05000000074505806,1.8435571193695068,0.0829600840806961,0.0015513739781454206,-7.130780220031738,28.375568389892578,0.00019999999494757503,0.0005000000237487257,4.297183477319777e-05
115671040,0.05000000074505806,2.0377161502838135,0.09169723838567734,0.0019249895121902227,-7.129072666168213,28.61543846130371,0.00019999999494757503,0.0005000000237487257,1.8055772670777515e-05
115736576,0.05000000074505806,1.5112143754959106,0.06800464540719986,0.0016156876226887107,-7.131673336029053,25.244159698486328,0.00019999999494757503,0.0005000000237487257,2.1437015675473958e-05
115802112,0.05000000074505806,1.3373489379882812,0.06018070876598358,0.0018222663784399629,-7.132523059844971,31.21078109741211,0.00019999999494757503,0.0005000000237487257,8.73653480084613e-05
115867648,0.05000000074505806,1.247481346130371,0.056136660277843475,0.00211535207927227,-7.13117790222168,25.97931480407715,0.00019999999494757503,0.0005000000237487257,0.00013955586473457515
115933184,0.05000000074505806,1.2752480506896973,0.05738617107272148,0.0030186010990291834,-7.131889343261719,33.251182556152344,0.00019999999494757503,0.0005000000237487257,0.0001364768686471507
115998720,0.05000000074505806,1.6547908782958984,0.07446558773517609,0.001952064223587513,-7.1305952072143555,25.07952117919922,0.00019999999494757503,0.0005000000237487257,5.199267252464779e-05
116064256,0.05000000074505806,1.4301722049713135,0.06435775011777878,0.001963281538337469,-7.127629280090332,31.770856857299805,0.00019999999494757503,0.0005000000237487257,3.009617648785934e-05
116129792,0.05000000074505806,1.0534530878067017,0.047405391931533813,0.001905036042444408,-7.127631664276123,22.514217376708984,0.00019999999494757503,0.0005000000237487257,0.00019209434685762972
116195328,0.05000000074505806,0.9834874868392944,0.044256940484046936,0.0027906340546905994,-7.1248674392700195,26.65911102294922,0.00019999999494757503,0.0005000000237487257,0.00020606924954336137
116260864,0.05000000074505806,1.041375756263733,0.0468619167804718,0.0021581638138741255,-7.124156951904297,28.604751586914062,0.00019999999494757503,0.0005000000237487257,6.418120756279677e-05
116326400,0.05000000074505806,1.0899255275726318,0.049046654254198074,0.0024499089922755957,-7.125032901763916,28.857393264770508,0.00019999999494757503,0.0005000000237487257,0.00014453222684096545
116391936,0.05000000074505806,1.0075401067733765,0.04533930495381355,0.00188709597568959,-7.1227617263793945,33.160465240478516,0.00019999999494757503,0.0005000000237487257,0.0001380729372613132
116457472,0.05000000074505806,3.4055678844451904,0.1532505601644516,0.001816448988392949,-7.130600929260254,31.653409957885742,0.00019999999494757503,0.0005000000237487257,2.7948193746851757e-05
116523008,0.05000000074505806,3.6859452724456787,0.16586753726005554,0.0018196954624727368,-7.132163047790527,35.3901481628418,0.00019999999494757503,0.0005000000237487257,1.2448925190255977e-05
116588544,0.05000000074505806,3.7256946563720703,0.16765624284744263,0.002087901346385479,-7.128944396972656,25.780641555786133,0.00019999999494757503,0.0005000000237487257,5.801660790893948e-06
116654080,0.05000000074505806,3.487544059753418,0.15693950653076172,0.002324293367564678,-7.127059459686279,37.53786849975586,0.00019999999494757503,0.0005000000237487257,1.3700040653930046e-05
116719616,0.05000000074505806,3.604684352874756,0.16221082210540771,0.0016239793039858341,-7.125880718231201,30.62778091430664,0.00019999999494757503,0.0005000000237487257,1.2031256119371392e-05
116785152,0.05000000074505806,1.6360403299331665,0.07362180948257446,0.001753882272168994,-7.12349271774292,27.641300201416016,0.00019999999494757503,0.0005000000237487257,4.170661486568861e-05
116850688,0.05000000074505806,0.7901701331138611,0.03555765748023987,0.0022646377328783274,-7.128188133239746,24.51079559326172,0.00019999999494757503,0.0005000000237487257,1.3883545761927962e-05
116916224,0.05000000074505806,1.1833335161209106,0.053250014781951904,0.0024423941504210234,-7.128803253173828,28.075801849365234,0.00019999999494757503,0.0005000000237487257,1.1093418834207114e-05
116981760,0.05000000074505806,1.970381259918213,0.08866716176271439,0.0021694712340831757,-7.126504898071289,23.31928253173828,0.00019999999494757503,0.0005000000237487257,7.388352969428524e-06
117047296,0.05000000074505806,2.5263099670410156,0.11368395388126373,0.001981518929824233,-7.128985404968262,27.37727165222168,0.00019999999494757503,0.0005000000237487257,1.4701683539897203e-05
117112832,0.05000000074505806,1.4453730583190918,0.06504179537296295,0.0015404861187562346,-7.129543781280518,28.658672332763672,0.00019999999494757503,0.0005000000237487257,8.388381684198976e-05
117178368,0.05000000074505806,1.391345739364624,0.06261055916547775,0.0023140618577599525,-7.128852844238281,39.209625244140625,0.00019999999494757503,0.0005000000237487257,0.00016127144044730812
117243904,0.05000000074505806,1.3535516262054443,0.060909826308488846,0.001886023092083633,-7.130113124847412,26.552474975585938,0.00019999999494757503,0.0005000000237487257,5.549444176722318e-05
117309440,0.05000000074505806,1.4679887294769287,0.06605949997901917,0.0021686891559511423,-7.131168365478516,23.957454681396484,0.00019999999494757503,0.0005000000237487257,2.5219655071850866e-05
117374976,0.05000000074505806,1.4377996921539307,0.06470098346471786,0.0020826261024922132,-7.130270481109619,30.868160247802734,0.00019999999494757503,0.0005000000237487257,1.891483407234773e-05
117440512,0.05000000074505806,1.0900256633758545,0.049051158130168915,0.001854699687100947,-7.129133701324463,22.95821762084961,0.00019999999494757503,0.0005000000237487257,5.0089016440324485e-05
117506048,0.05000000074505806,0.849315345287323,0.03821919113397598,0.0022341401781886816,-7.12728214263916,26.018428802490234,0.00019999999494757503,0.0005000000237487257,0.00013792025856673717
117571584,0.05000000074505806,0.9448400735855103,0.042517803609371185,0.002605337416753173,-7.128795623779297,33.302101135253906,0.00019999999494757503,0.0005000000237487257,7.302516314666718e-05
117637120,0.05000000074505806,1.565946340560913,0.07046758383512497,0.0019029068062081933,-7.129451751708984,28.012489318847656,0.00019999999494757503,0.0005000000237487257,2.5491648557363078e-05
117702656,0.05000000074505806,1.2962923049926758,0.05833315849304199,0.0023417531047016382,-7.127285003662109,25.179092407226562,0.00019999999494757503,0.0005000000237487257,2.3341459382208996e-05
117768192,0.05000000074505806,0.7791005969047546,0.035059522837400436,0.0028007414657622576,-7.127530097961426,23.121747970581055,0.00019999999494757503,0.0005000000237487257,6.529876554850489e-05
117833728,0.05000000074505806,0.8565704226493835,0.038545671850442886,0.0023268305230885744,-7.127196788787842,28.171350479125977,0.00019999999494757503,0.0005000000237487257,6.689633300993592e-05
117899264,0.05000000074505806,0.9681779742240906,0.04356801137328148,0.0021861016284674406,-7.122827529907227,26.62078857421875,0.00019999999494757503,0.0005000000237487257,5.2463052270468324e-05
117964800,0.05000000074505806,0.9475009441375732,0.04263754561543465,0.002204377204179764,-7.121654987335205,24.17310905456543,0.00019999999494757503,0.0005000000237487257,7.865727820899338e-05
118030336,0.05000000074505806,0.8556652069091797,0.03850493207573891,0.0023729857057332993,-7.121865272521973,32.12928771972656,0.00019999999494757503,0.0005000000237487257,0.00017766676319297403
118095872,0.05000000074505806,3.481757879257202,0.15667910873889923,0.0020078900270164013,-7.127706527709961,33.512550354003906,0.00019999999494757503,0.0005000000237487257,2.7627820600173436e-05
118161408,0.05000000074505806,3.7856287956237793,0.17035329341888428,0.001626248355023563,-7.129581928253174,31.341394424438477,0.00019999999494757503,0.0005000000237487257,1.1252903277636506e-05
118226944,0.05000000074505806,3.7520527839660645,0.1688423901796341,0.0022244758438318968,-7.129024028778076,29.209135055541992,0.00019999999494757503,0.0005000000237487257,4.572427314997185e-06
118292480,0.05000000074505806,3.46201753616333,0.1557907909154892,0.001524443388916552,-7.129570484161377,28.707826614379883,0.00019999999494757503,0.0005000000237487257,1.132546822191216e-05
118358016,0.05000000074505806,3.5278069972991943,0.15875132381916046,0.0017289927927777171,-7.130241394042969,26.467727661132812,0.00019999999494757503,0.0005000000237487257,1.3040339581493754e-05
118423552,0.05000000074505806,1.5677490234375,0.07054870575666428,0.0017619053833186626,-7.1319403648376465,34.67991256713867,0.00019999999494757503,0.0005000000237487257,4.349803566583432e-05
118489088,0.05000000074505806,0.7078049182891846,0.03185122460126877,0.0020499471575021744,-7.128914833068848,29.460044860839844,0.00019999999494757503,0.0005000000237487257,1.6175541531993076e-05
118554624,0.05000000074505806,1.1247203350067139,0.050612419843673706,0.0022277282550930977,-7.12937068939209,21.6975040435791,0.00019999999494757503,0.0005000000237487257,1.2162465282017365e-05
118620160,0.05000000074505806,2.037656784057617,0.09169454872608185,0.002136790193617344,-7.1269683837890625,26.493207931518555,0.00019999999494757503,0.0005000000237487257,6.8359231590875424e-06
118685696,0.05000000074505806,2.4004693031311035,0.10802111029624939,0.0021580837201327085,-7.124858379364014,26.989587783813477,0.00019999999494757503,0.0005000000237487257,1.206040360557381e-05
118751232,0.05000000074505806,1.1749533414840698,0.0528729073703289,0.002093419898301363,-7.127404689788818,31.870849609375,0.00019999999494757503,0.0005000000237487257,0.00013942460645921528
118816768,0.05000000074505806,1.1190624237060547,0.050357818603515625,0.0018813620554283261,-7.124021530151367,29.792613983154297,0.00019999999494757503,0.0005000000237487257,0.00020681126625277102
118882304,0.05000000074505806,1.1482216119766235,0.05166997015476227,0.001991462195292115,-7.125665187835693,26.29297637939453,0.00019999999494757503,0.0005000000237487257,4.169870589976199e-05
118947840,0.05000000074505806,1.6892834901809692,0.07601775228977203,0.0020814479794353247,-7.12674617767334,27.59532928466797,0.00019999999494757503,0.0005000000237487257,1.5068796528794337e-05
119013376,0.05000000074505806,1.3012522459030151,0.05855635553598404,0.0020849958527833223,-7.129681587219238,30.045080184936523,0.00019999999494757503,0.0005000000237487257,2.110384048137348e-05
119078912,0.05000000074505806,0.911327600479126,0.04100973904132843,0.0020378900226205587,-7.127770900726318,28.178096771240234,0.00019999999494757503,0.0005000000237487257,9.895402035908774e-05
119144448,0.05000000074505806,0.6604152917861938,0.02971869334578514,0.0022666952572762966,-7.130027770996094,27.512439727783203,0.00019999999494757503,0.0005000000237487257,0.0002177829301217571
119209984,0.05000000074505806,0.859481930732727,0.03867668658494949,0.0020005404949188232,-7.130054473876953,20.721881866455078,0.00019999999494757503,0.0005000000237487257,0.00010723288141889498
119275520,0.05000000074505806,1.1150801181793213,0.050178609788417816,0.002355532255023718,-7.126727104187012,24.7341365814209,0.00019999999494757503,0.0005000000237487257,2.4080245566437952e-05
119341056,0.05000000074505806,0.7937020659446716,0.03571659326553345,0.0015425211749970913,-7.125130653381348,24.19230079650879,0.00019999999494757503,0.0005000000237487257,2.6717576474766247e-05
119406592,0.05000000074505806,0.5537222623825073,0.02491750195622444,0.0026829075068235397,-7.124886989593506,29.402950286865234,0.00019999999494757503,0.0005000000237487257,9.109982784138992e-05
119472128,0.05000000074505806,0.5527745485305786,0.024874858558177948,0.0022949036210775375,-7.121176719665527,24.103286743164062,0.00019999999494757503,0.0005000000237487257,0.000171427454915829
119537664,0.05000000074505806,1.3958396911621094,0.06281278282403946,0.0020675340201705694,-7.120272636413574,23.879165649414062,0.00019999999494757503,0.0005000000237487257,6.0392463637981564e-05
119603200,0.05000000074505806,1.2332420349121094,0.055495891720056534,0.0020596864633262157,-7.123177528381348,30.431625366210938,0.00019999999494757503,0.0005000000237487257,3.3147967769764364e-05
119668736,0.05000000074505806,0.7137929201126099,0.032120686024427414,0.001686955220066011,-7.125182151794434,23.46589469909668,0.00019999999494757503,0.0005000000237487257,0.00017065626161638647
119734272,0.05000000074505806,3.4647467136383057,0.15591362118721008,0.0019671625923365355,-7.130472183227539,38.7700080871582,0.00019999999494757503,0.0005000000237487257,2.936067721748259e-05
119799808,0.05000000074505806,3.7150118350982666,0.1671755462884903,0.0013799467124044895,-7.133546829223633,29.74887466430664,0.00019999999494757503,0.0005000000237487257,1.1489403732412029e-05
119865344,0.05000000074505806,3.6367104053497314,0.1636519730091095,0.0021988495718687773,-7.133998870849609,27.8364200592041,0.00019999999494757503,0.0005000000237487257,4.691384674515575e-06
119930880,0.05000000074505806,3.2823469638824463,0.14770559966564178,0.001448259805329144,-7.134153366088867,25.748966217041016,0.00019999999494757503,0.0005000000237487257,1.3069671695120633e-05
119996416,0.05000000074505806,3.299469232559204,0.14847610890865326,0.0015239228960126638,-7.135421276092529,24.421401977539062,0.00019999999494757503,0.0005000000237487257,1.2619890185305849e-05
120061952,0.05000000074505806,1.4781427383422852,0.06651642173528671,0.001937804277986288,-7.134047031402588,30.384366989135742,0.00019999999494757503,0.0005000000237487257,4.459741830942221e-05
120127488,0.05000000074505806,0.7193557024002075,0.03237101063132286,0.002245434792712331,-7.132931709289551,32.021400451660156,0.00019999999494757503,0.0005000000237487257,1.7114853108068928e-05
120193024,0.05000000074505806,1.200675129890442,0.05403038114309311,0.0019805114716291428,-7.130905628204346,23.08203125,0.00019999999494757503,0.0005000000237487257,9.06450532056624e-06
120258560,0.05000000074505806,1.9175275564193726,0.08628875017166138,0.002362816594541073,-7.129601955413818,25.156150817871094,0.00019999999494757503,0.0005000000237487257,7.773245670250617e-06
120324096,0.05000000074505806,2.0072550773620605,0.09032648801803589,0.001875892747193575,-7.127964019775391,29.134950637817383,0.00019999999494757503,0.0005000000237487257,1.6263375073322095e-05
120389632,0.05000000074505806,0.9553200006484985,0.042989399284124374,0.0018197319004684687,-7.129185676574707,30.096145629882812,0.00019999999494757503,0.0005000000237487257,0.00032836152240633965
120455168,0.05000000074505806,0.9421089887619019,0.042394910007715225,0.0017865628469735384,-7.128148555755615,27.969173431396484,0.00019999999494757503,0.0005000000237487257,0.0006788114551454782
120520704,0.05000000074505806,0.9138563275337219,0.041123539209365845,0.002211073413491249,-7.1285834312438965,28.024757385253906,0.00019999999494757503,0.0005000000237487257,6.765718717360869e-05
120586240,0.05000000074505806,1.2574104070663452,0.056583471596241,0.002210073871538043,-7.128863334655762,26.797346115112305,0.00019999999494757503,0.0005000000237487257,2.3750646505504847e-05
120651776,0.05000000074505806,1.2157621383666992,0.0547093003988266,0.0018255149479955435,-7.131401062011719,24.326417922973633,0.00019999999494757503,0.0005000000237487257,2.3036312995827757e-05
120717312,0.05000000074505806,0.798754096031189,0.03594394028186798,0.0023825219832360744,-7.130501747131348,29.042116165161133,0.00019999999494757503,0.0005000000237487257,9.352508641313761e-05
120782848,0.05000000074505806,0.5557926893234253,0.025010671466588974,0.002152609173208475,-7.128472328186035,22.337631225585938,0.00019999999494757503,0.0005000000237487257,0.0002777959161903709
120848384,0.05000000074505806,0.5625113248825073,0.025313012301921844,0.0021985643543303013,-7.126781463623047,24.8720645904541,0.00019999999494757503,0.0005000000237487257,6.89766020514071e-05
120913920,0.05000000074505806,0.5578678250312805,0.02510405331850052,0.0020058529917150736,-7.125865936279297,26.047054290771484,0.00019999999494757503,0.0005000000237487257,3.4802269510691985e-05
120979456,0.05000000074505806,0.5244749784469604,0.02360137179493904,0.001935240114107728,-7.125701904296875,25.1855525970459,0.00019999999494757503,0.0005000000237487257,7.379628368653357e-05
121044992,0.05000000074505806,0.5353853702545166,0.02409234084188938,0.002281549386680126,-7.126084804534912,25.95342445373535,0.00019999999494757503,0.0005000000237487257,3.133497011731379e-05
121110528,0.05000000074505806,0.5687299370765686,0.025592846795916557,0.0028029519598931074,-7.126163482666016,27.347110748291016,0.00019999999494757503,0.0005000000237487257,0.00011901240213774145
121176064,0.05000000074505806,1.6877408027648926,0.0759483352303505,0.0016141498927026987,-7.125086784362793,20.761062622070312,0.00019999999494757503,0.0005000000237487257,6.306712748482823e-05
121241600,0.05000000074505806,1.3163831233978271,0.05923724174499512,0.0021039401181042194,-7.126678466796875,26.302425384521484,0.00019999999494757503,0.0005000000237487257,2.390675035712775e-05
121307136,0.05000000074505806,0.7680292129516602,0.034561317414045334,0.0024684909731149673,-7.124267578125,25.042261123657227,0.00019999999494757503,0.0005000000237487257,8.424307452514768e-05
121372672,0.05000000074505806,3.478440761566162,0.15652982890605927,0.0025322209112346172,-7.1296796798706055,40.00458908081055,0.00019999999494757503,0.0005000000237487257,2.9243488825159147e-05
121438208,0.05000000074505806,3.5861892700195312,0.16137853264808655,0.001986893592402339,-7.13055419921875,39.12584686279297,0.00019999999494757503,0.0005000000237487257,8.195804184651934e-06
121503744,0.05000000074505806,3.476266384124756,0.15643200278282166,0.0017708163941279054,-7.124114036560059,20.348115921020508,0.00019999999494757503,0.0005000000237487257,4.0088448258757126e-06
121569280,0.05000000074505806,3.098787307739258,0.1394454389810562,0.001609117491170764,-7.1236491203308105,27.475719451904297,0.00019999999494757503,0.0005000000237487257,1.4559519513568375e-05
121634816,0.05000000074505806,3.069751501083374,0.13813883066177368,0.001559663563966751,-7.126906871795654,27.356870651245117,0.00019999999494757503,0.0005000000237487257,1.376929685648065e-05
121700352,0.05000000074505806,1.3367741107940674,0.060154832899570465,0.0018674245802685618,-7.12749719619751,33.573062896728516,0.00019999999494757503,0.0005000000237487257,5.415651685325429e-05
121765888,0.05000000074505806,0.5267878770828247,0.023705456405878067,0.00148254563100636,-7.127639293670654,28.47858428955078,0.00019999999494757503,0.0005000000237487257,2.7929023417527787e-05
121831424,0.05000000074505806,0.88197261095047,0.039688773453235626,0.0018887522164732218,-7.128669261932373,22.72051429748535,0.00019999999494757503,0.0005000000237487257,1.2135088581999298e-05
121896960,0.05000000074505806,1.7791210412979126,0.0800604522228241,0.001760823535732925,-7.128791809082031,23.574230194091797,0.00019999999494757503,0.0005000000237487257,7.00338750903029e-06
121962496,0.05000000074505806,0.9251936674118042,0.041633713990449905,0.0015743928961455822,-7.127882480621338,25.910324096679688,0.00019999999494757503,0.0005000000237487257,2.1784879209008068e-05
122028032,0.05000000074505806,0.564308226108551,0.02539387159049511,0.0018137885490432382,-7.127643585205078,30.485435485839844,0.00019999999494757503,0.0005000000237487257,0.0006714154733344913
122093568,0.05000000074505806,0.5071434378623962,0.02282145619392395,0.002922448329627514,-7.125051498413086,38.85205078125,0.00019999999494757503,0.0005000000237487257,0.0006514793494716287
122159104,0.05000000074505806,0.4981191158294678,0.022415362298488617,0.0026848630513995886,-7.12767219543457,23.211933135986328,0.00019999999494757503,0.0005000000237487257,8.093000360531732e-05
122224640,0.05000000074505806,0.6236845254898071,0.02806580625474453,0.0023380147758871317,-7.130570411682129,24.14278221130371,0.00019999999494757503,0.0005000000237487257,2.4353830667678267e-05
122290176,0.05000000074505806,1.0739643573760986,0.048328399658203125,0.0019901366904377937,-7.131624221801758,26.662687301635742,0.00019999999494757503,0.0005000000237487257,1.8567854567663744e-05
122355712,0.05000000074505806,0.6125370264053345,0.027564166113734245,0.002130407840013504,-7.128751277923584,25.049049377441406,0.00019999999494757503,0.0005000000237487257,0.00021519564324989915
122421248,0.05000000074505806,0.5400732159614563,0.024303294718265533,0.00180724763777107,-7.126228332519531,23.833009719848633,0.00019999999494757503,0.0005000000237487257,0.0004508090205490589
122486784,0.05000000074505806,0.5249890089035034,0.02362450398504734,0.0023433517199009657,-7.124340057373047,24.461809158325195,0.00019999999494757503,0.0005000000237487257,0.00010902563371928409
122552320,0.05000000074505806,0.7648630142211914,0.03441883623600006,0.0027008317410945892,-7.126104354858398,30.37984848022461,0.00019999999494757503,0.0005000000237487257,4.017168976133689e-05
122617856,0.05000000074505806,0.5017714500427246,0.02257971651852131,0.0023891304153949022,-7.125659942626953,42.80087661743164,0.00019999999494757503,0.0005000000237487257,3.842562364297919e-05
122683392,0.05000000074505806,0.5410037040710449,0.024345165118575096,0.002407368738204241,-7.123823642730713,27.229034423828125,0.00019999999494757503,0.0005000000237487257,0.0001085821058950387
122748928,0.05000000074505806,0.5368698239326477,0.0241591427475214,0.00192682771012187,-7.124176025390625,22.858491897583008,0.00019999999494757503,0.0005000000237487257,0.00013078932533971965
122814464,0.05000000074505806,0.8806556463241577,0.039629507809877396,0.0016773868119344115,-7.121372222900391,22.337989807128906,0.00019999999494757503,0.0005000000237487257,4.1357441659783944e-05
122880000,0.05000000074505806,0.7625002861022949,0.03431251272559166,0.0025575682520866394,-7.123882293701172,33.18812942504883,0.00019999999494757503,0.0005000000237487257,2.2630978492088616e-05
122945536,0.05000000074505806,0.5916974544525146,0.026626383885741234,0.0021683170925825834,-7.124967575073242,23.909725189208984,0.00019999999494757503,0.0005000000237487257,0.00020185431640129536
123011072,0.05000000074505806,3.4009532928466797,0.15304291248321533,0.00282929721288383,-7.1274285316467285,50.541263580322266,0.00019999999494757503,0.0005000000237487257,3.0632752896053717e-05
123076608,0.05000000074505806,3.517103910446167,0.15826968848705292,0.001475728233344853,-7.129599094390869,31.503684997558594,0.00019999999494757503,0.0005000000237487257,1.249478827958228e-05
123142144,0.05000000074505806,3.45037841796875,0.15526703000068665,0.0017070728354156017,-7.1339311599731445,26.828582763671875,0.00019999999494757503,0.0005000000237487257,3.984515842603287e-06
123207680,0.05000000074505806,3.1220123767852783,0.1404905617237091,0.0016729524359107018,-7.132769584655762,28.579124450683594,0.00019999999494757503,0.0005000000237487257,1.4843263670627493e-05
123273216,0.05000000074505806,3.1105005741119385,0.1399725377559662,0.001553007634356618,-7.135239124298096,32.922813415527344,0.00019999999494757503,0.0005000000237487257,1.4594164895243011e-05
123338752,0.05000000074505806,1.3372982740402222,0.060178425163030624,0.0018012431683018804,-7.136211395263672,32.13230514526367,0.00019999999494757503,0.0005000000237487257,5.4993397498037666e-05
123404288,0.05000000074505806,0.5471515655517578,0.02462182007730007,0.002083133440464735,-7.134733200073242,28.631641387939453,0.00019999999494757503,0.0005000000237487257,2.0073790437891148e-05
123469824,0.05000000074505806,1.0412869453430176,0.046857915818691254,0.0020225909538567066,-7.132955551147461,24.055564880371094,0.00019999999494757503,0.0005000000237487257,1.3197315638535656e-05
123535360,0.05000000074505806,2.273911952972412,0.10232604295015335,0.002037931466475129,-7.134128093719482,27.639617919921875,0.00019999999494757503,0.0005000000237487257,7.525135515606962e-06
123600896,0.05000000074505806,0.9441527724266052,0.042486872524023056,0.0016541129443794489,-7.130932807922363,29.91897201538086,0.00019999999494757503,0.0005000000237487257,2.625537854328286e-05
123666432,0.05000000074505806,0.5111188292503357,0.02300034835934639,0.0018490710062906146,-7.128603935241699,24.242197036743164,0.00019999999494757503,0.0005000000237487257,0.0018024638993665576
123731968,0.05000000074505806,0.4871240556240082,0.0219205841422081,0.0018776534125208855,-7.1277875900268555,25.823402404785156,0.00019999999494757503,0.0005000000237487257,0.0012546898797154427
123797504,0.05000000074505806,0.44368472695350647,0.01996581442654133,0.0022987055126577616,-7.1268391609191895,26.251630783081055,0.00019999999494757503,0.0005000000237487257,9.807782771531492e-05
123863040,0.05000000074505806,1.1054048538208008,0.04974321648478508,0.00250721862539649,-7.130925178527832,30.391063690185547,0.00019999999494757503,0.0005000000237487257,3.7326688470784575e-05
123928576,0.05000000074505806,1.0016294717788696,0.04507332295179367,0.002069232752546668,-7.128088474273682,25.26671028137207,0.00019999999494757503,0.0005000000237487257,1.7588639821042307e-05
123994112,0.05000000074505806,0.6797155737876892,0.030587200075387955,0.0016764858737587929,-7.127060890197754,26.375347137451172,0.00019999999494757503,0.0005000000237487257,0.00018531807290855795
124059648,0.05000000074505806,0.514586329460144,0.023156385868787766,0.0019115195609629154,-7.127043724060059,27.210922241210938,0.00019999999494757503,0.0005000000237487257,0.0007544767577201128
124125184,0.05000000074505806,0.5866889953613281,0.026401005685329437,0.0023487810976803303,-7.1265764236450195,24.815160751342773,0.00019999999494757503,0.0005000000237487257,0.0002406778949080035
124190720,0.05000000074505806,0.5341757535934448,0.024037908762693405,0.0018596373265609145,-7.125680446624756,24.147096633911133,0.00019999999494757503,0.0005000000237487257,0.0001154805431724526
124256256,0.05000000074505806,0.9520419836044312,0.042841892689466476,0.002308405702933669,-7.125766277313232,24.380268096923828,0.00019999999494757503,0.0005000000237487257,6.766582373529673e-05
124321792,0.05000000074505806,0.5658525228500366,0.025463365018367767,0.001793057774193585,-7.1288604736328125,23.93582534790039,0.00019999999494757503,0.0005000000237487257,6.134800059953704e-05
124387328,0.05000000074505806,0.5200662016868591,0.023402979597449303,0.0024108504876494408,-7.126916885375977,28.982616424560547,0.00019999999494757503,0.0005000000237487257,0.00029926272691227496
124452864,0.05000000074505806,0.5024067759513855,0.022608306258916855,0.002486475743353367,-7.122468948364258,20.904390335083008,0.00019999999494757503,0.0005000000237487257,0.00017753263819031417
124518400,0.05000000074505806,1.1926456689834595,0.05366905406117439,0.0023065784480422735,-7.123305797576904,29.852428436279297,0.00019999999494757503,0.0005000000237487257,3.5672572266776115e-05
124583936,0.05000000074505806,0.6278526186943054,0.02825336717069149,0.0019495333544909954,-7.120835304260254,28.30784034729004,0.00019999999494757503,0.0005000000237487257,0.00019626482389867306
124649472,0.05000000074505806,3.4241018295288086,0.15408456325531006,0.0033063520677387714,-7.124946594238281,43.29568862915039,0.00019999999494757503,0.0005000000237487257,3.492832547635771e-05
124715008,0.05000000074505806,3.571751356124878,0.1607288271188736,0.0016613961197435856,-7.124486923217773,27.128658294677734,0.00019999999494757503,0.0005000000237487257,1.5302723113563843e-05
124780544,0.05000000074505806,3.602783203125,0.16212524473667145,0.0024266245309263468,-7.125164985656738,31.48439598083496,0.00019999999494757503,0.0005000000237487257,4.769793122250121e-06
124846080,0.05000000074505806,3.199348211288452,0.14397065341472626,0.001190154580399394,-7.127427577972412,22.71576499938965,0.00019999999494757503,0.0005000000237487257,2.0142297216807492e-05
124911616,0.05000000074505806,3.1509010791778564,0.14179055392742157,0.001383809489198029,-7.126412391662598,19.756698608398438,0.00019999999494757503,0.0005000000237487257,1.6407839211751707e-05
124977152,0.05000000074505806,1.3558690547943115,0.06101411581039429,0.0016536787152290344,-7.1312384605407715,29.811595916748047,0.00019999999494757503,0.0005000000237487257,3.732685945578851e-05
125042688,0.05000000074505806,0.6198799014091492,0.02789459377527237,0.002634463831782341,-7.129386901855469,37.61119842529297,0.00019999999494757503,0.0005000000237487257,1.8291697415406816e-05
125108224,0.05000000074505806,0.9382522702217102,0.04222135990858078,0.0022854956332594156,-7.130398273468018,21.119606018066406,0.00019999999494757503,0.0005000000237487257,2.0575267626554705e-05
125173760,0.05000000074505806,2.227358102798462,0.1002311185002327,0.0021759048104286194,-7.130698204040527,27.66583824157715,0.00019999999494757503,0.0005000000237487257,1.2315296771703288e-05
125239296,0.05000000074505806,1.5194861888885498,0.06837687641382217,0.0025435255374759436,-7.130266189575195,39.14622116088867,0.00019999999494757503,0.0005000000237487257,2.2608361177844927e-05
125304832,0.05000000074505806,0.667008101940155,0.030015364289283752,0.002060786122456193,-7.133458137512207,31.319744110107422,0.00019999999494757503,0.0005000000237487257,0.0013699413975700736
125370368,0.05000000074505806,0.6136952638626099,0.027616290375590324,0.0018952132668346167,-7.1307172775268555,35.989112854003906,0.00019999999494757503,0.0005000000237487257,0.0020365966483950615
125435904,0.05000000074505806,0.5915639996528625,0.026620380580425262,0.002093604067340493,-7.129491806030273,29.172151565551758,0.00019999999494757503,0.0005000000237487257,0.00011392732267268002
125501440,0.05000000074505806,0.9747529625892639,0.04386388137936592,0.002017031656578183,-7.129171371459961,22.664827346801758,0.00019999999494757503,0.0005000000237487257,4.491981599130668e-05
125566976,0.05000000074505806,1.443402647972107,0.06495312601327896,0.0020057419314980507,-7.126888275146484,23.590293884277344,0.00019999999494757503,0.0005000000237487257,1.3617797776532825e-05
125632512,0.05000000074505806,0.8511120676994324,0.0383000448346138,0.001780020771548152,-7.129157066345215,26.259117126464844,0.00019999999494757503,0.0005000000237487257,5.966213211650029e-05
125698048,0.05000000074505806,0.5403945446014404,0.024317754432559013,0.0023627299815416336,-7.125844955444336,23.452022552490234,0.00019999999494757503,0.0005000000237487257,0.00039264559745788574
125763584,0.05000000074505806,0.6159722805023193,0.02771875634789467,0.002279206644743681,-7.125153064727783,22.3472843170166,0.00019999999494757503,0.0005000000237487257,0.0001705083268461749
125829120,0.05000000074505806,0.87691330909729,0.03946109861135483,0.002123606624081731,-7.124642372131348,21.68442153930664,0.00019999999494757503,0.0005000000237487257,5.3355495765572414e-05
125894656,0.05000000074505806,0.7619287967681885,0.03428679704666138,0.002066871616989374,-7.123233318328857,22.952831268310547,0.00019999999494757503,0.0005000000237487257,3.306827420601621e-05
125960192,0.05000000074505806,0.526648223400116,0.023699169978499413,0.0018959465669468045,-7.12410306930542,23.934358596801758,0.00019999999494757503,0.0005000000237487257,4.62912030343432e-05
126025728,0.05000000074505806,0.4707641005516052,0.021184388548135757,0.0027311842422932386,-7.1239213943481445,29.6026668548584,0.00019999999494757503,0.0005000000237487257,0.0001325753255514428
126091264,0.05000000074505806,0.8342048525810242,0.03753921762108803,0.0022631827741861343,-7.119650363922119,25.338550567626953,0.00019999999494757503,0.0005000000237487257,0.00015577496378682554
126156800,0.05000000074505806,1.328902244567871,0.05980060249567032,0.0017946907319128513,-7.120934009552002,22.111730575561523,0.00019999999494757503,0.0005000000237487257,3.0728686397196725e-05
126222336,0.05000000074505806,0.7473211288452148,0.03362945467233658,0.0022009562235325575,-7.122568130493164,33.7703857421875,0.00019999999494757503,0.0005000000237487257,8.391350274905562e-05
126287872,0.05000000074505806,3.3668172359466553,0.15150679647922516,0.0020478249061852694,-7.129020690917969,35.64435958862305,0.00019999999494757503,0.0005000000237487257,2.9576003726106137e-05
126353408,0.05000000074505806,3.544600009918213,0.15950700640678406,0.0015223037917166948,-7.132005214691162,31.70805549621582,0.00019999999494757503,0.0005000000237487257,1.2957661965629086e-05
126418944,0.05000000074505806,3.518202304840088,0.1583191156387329,0.0019503082148730755,-7.131824016571045,28.704919815063477,0.00019999999494757503,0.0005000000237487257,5.831578619108768e-06
126484480,0.05000000074505806,3.1406962871551514,0.14133134484291077,0.0013284750748425722,-7.131554126739502,19.158565521240234,0.00019999999494757503,0.0005000000237487257,9.565572327119298e-06
126550016,0.05000000074505806,3.0891308784484863,0.13901089131832123,0.001681350520811975,-7.129599094390869,29.075847625732422,0.00019999999494757503,0.0005000000237487257,1.3799690350424498e-05
126615552,0.05000000074505806,1.362687587738037,0.06132093816995621,0.0018221091013401747,-7.130624771118164,29.297658920288086,0.00019999999494757503,0.0005000000237487257,4.632217678590678e-05
126681088,0.05000000074505806,0.5019319653511047,0.022586937993764877,0.0019447067752480507,-7.130632400512695,28.77147674560547,0.00019999999494757503,0.0005000000237487257,2.1153093257453293e-05
126746624,0.05000000074505806,1.10346257686615,0.049655817449092865,0.0015215026214718819,-7.130187034606934,22.439300537109375,0.00019999999494757503,0.0005000000237487257,1.2236274415045045e-05
126812160,0.05000000074505806,2.092036008834839,0.09414161741733551,0.0019768625497817993,-7.130666732788086,25.191776275634766,0.00019999999494757503,0.0005000000237487257,1.126334518630756e-05
126877696,0.05000000074505806,1.0341869592666626,0.04653841257095337,0.0018639197805896401,-7.130810737609863,27.357948303222656,0.00019999999494757503,0.0005000000237487257,2.0556830349960364e-05
126943232,0.05000000074505806,0.5669957399368286,0.025514809414744377,0.0019090133719146252,-7.128059387207031,22.796932220458984,0.00019999999494757503,0.0005000000237487257,0.0009585530497133732
127008768,0.05000000074505806,0.539824903011322,0.024292118847370148,0.0020516053773462772,-7.124951362609863,29.417892456054688,0.00019999999494757503,0.0005000000237487257,0.0008033868507482111
127074304,0.05000000074505806,0.5068699717521667,0.02280914969742298,0.0029098207596689463,-7.124256134033203,26.535432815551758,0.00019999999494757503,0.0005000000237487257,0.00010262894647894427
127139840,0.05000000074505806,0.5284846425056458,0.02378181181848049,0.0024492316879332066,-7.127297401428223,28.874900817871094,0.00019999999494757503,0.0005000000237487257,3.264269616920501e-05
127205376,0.05000000074505806,1.048534870147705,0.04718406870961189,0.0017605496104806662,-7.127096652984619,26.25760269165039,0.00019999999494757503,0.0005000000237487257,1.8465852917870507e-05
127270912,0.05000000074505806,0.7064111232757568,0.031788501888513565,0.0017239450244233012,-7.129453659057617,24.82347297668457,0.00019999999494757503,0.0005000000237487257,0.00011039194214390591
127336448,0.05000000074505806,0.5434810519218445,0.024456650018692017,0.0023796020541340113,-7.125297546386719,27.07512664794922,0.00019999999494757503,0.0005000000237487257,0.000537359737791121
127401984,0.05000000074505806,0.5687038898468018,0.02559167519211769,0.0022682463750243187,-7.125912666320801,24.769668579101562,0.00019999999494757503,0.0005000000237487257,0.0002085760934278369
127467520,0.05000000074505806,0.9604966044425964,0.04322235286235809,0.0019655623473227024,-7.125139236450195,24.842227935791016,0.00019999999494757503,0.0005000000237487257,6.0108268371550366e-05
127533056,0.05000000074505806,0.9719834923744202,0.043739259243011475,0.001995938830077648,-7.125463962554932,27.268775939941406,0.00019999999494757503,0.0005000000237487257,2.1661002392647788e-05
127598592,0.05000000074505806,0.5585517883300781,0.025134829804301262,0.002212394494563341,-7.124876022338867,26.4289608001709,0.00019999999494757503,0.0005000000237487257,6.524590571643785e-05
127664128,0.05000000074505806,0.543353796005249,0.02445092238485813,0.002104905666783452,-7.123183727264404,25.653682708740234,0.00019999999494757503,0.0005000000237487257,0.00015972154506016523
127729664,0.05000000074505806,0.5786226987838745,0.026038024574518204,0.0023025060072541237,-7.118884086608887,21.502513885498047,0.00019999999494757503,0.0005000000237487257,0.0001032951840898022
127795200,0.05000000074505806,0.6473305821418762,0.02912987768650055,0.0026675937697291374,-7.116534233093262,33.108009338378906,0.00019999999494757503,0.0005000000237487257,5.4042840929469094e-05
127860736,0.05000000074505806,0.537267804145813,0.024177050217986107,0.0017625269247218966,-7.117633819580078,25.55701446533203,0.00019999999494757503,0.0005000000237487257,0.00014280421601142734
127926272,0.05000000074505806,3.2799007892608643,0.14759552478790283,0.001750566647388041,-7.125253677368164,29.241336822509766,0.00019999999494757503,0.0005000000237487257,3.080881651840173e-05
127991808,0.05000000074505806,3.4575743675231934,0.15559086203575134,0.0017792575526982546,-7.129210948944092,32.819149017333984,0.00019999999494757503,0.0005000000237487257,1.0977775673381984e-05
128057344,0.05000000074505806,3.381976366043091,0.15218894183635712,0.0018429604824632406,-7.128642559051514,25.53417205810547,0.00019999999494757503,0.0005000000237487257,4.41786596638849e-06
128122880,0.05000000074505806,2.921980857849121,0.13148914277553558,0.0017891970928758383,-7.1294684410095215,33.97196578979492,0.00019999999494757503,0.0005000000237487257,2.2198271835804917e-05
128188416,0.05000000074505806,2.9170241355895996,0.13126607239246368,0.0017329241381958127,-7.1312150955200195,27.849061965942383,0.00019999999494757503,0.0005000000237487257,1.3743258023168892e-05
128253952,0.05000000074505806,1.264635682106018,0.056908607482910156,0.0016576156485825777,-7.129930019378662,24.356529235839844,0.00019999999494757503,0.0005000000237487257,4.742402961710468e-05
128319488,0.05000000074505806,0.579282283782959,0.02606770396232605,0.00222881231456995,-7.132147312164307,32.68206787109375,0.00019999999494757503,0.0005000000237487257,1.6918391338549554e-05
128385024,0.05000000074505806,0.7858939170837402,0.03536522760987282,0.002753380686044693,-7.131412506103516,24.95732307434082,0.00019999999494757503,0.0005000000237487257,1.705436261545401e-05
128450560,0.05000000074505806,1.5404627323150635,0.06932082772254944,0.0015884939348325133,-7.132484436035156,25.38428497314453,0.00019999999494757503,0.0005000000237487257,1.1324808838253375e-05
128516096,0.05000000074505806,0.6603468656539917,0.029715612530708313,0.00160092837177217,-7.13460111618042,25.760969161987305,0.00019999999494757503,0.0005000000237487257,4.701392026618123e-05
128581632,0.05000000074505806,0.4842262864112854,0.02179018408060074,0.0019070511916652322,-7.136687278747559,30.58708953857422,0.00019999999494757503,0.0005000000237487257,0.0019406345672905445
128647168,0.05000000074505806,0.47794079780578613,0.02150733768939972,0.002175753703340888,-7.1340532302856445,26.066513061523438,0.00019999999494757503,0.0005000000237487257,0.000744360382668674
128712704,0.05000000074505806,0.46806952357292175,0.021063130348920822,0.0022073322907090187,-7.129873275756836,24.44532012939453,0.00019999999494757503,0.0005000000237487257,0.0001252338697668165
128778240,0.05000000074505806,0.9628088474273682,0.043326400220394135,0.001839691773056984,-7.13049840927124,17.64092445373535,0.00019999999494757503,0.0005000000237487257,4.605019785230979e-05
128843776,0.05000000074505806,0.9921862483024597,0.04464837908744812,0.00203905557282269,-7.126861572265625,26.210466384887695,0.00019999999494757503,0.0005000000237487257,1.4702575754199643e-05
128909312,0.05000000074505806,0.6802438497543335,0.03061097487807274,0.001827459898777306,-7.1280837059021,24.90835952758789,0.00019999999494757503,0.0005000000237487257,0.00017393693269696087
128974848,0.05000000074505806,0.5909855961799622,0.02659435197710991,0.002497320529073477,-7.128868579864502,30.665029525756836,0.00019999999494757503,0.0005000000237487257,0.0007187663577497005
129040384,0.05000000074505806,0.6758542060852051,0.030413443222641945,0.0022925406228750944,-7.129719257354736,23.35118865966797,0.00019999999494757503,0.0005000000237487257,0.00015640482888557017
129105920,0.05000000074505806,0.6315289735794067,0.028418803587555885,0.0020972357597202063,-7.132389068603516,24.44280242919922,0.00019999999494757503,0.0005000000237487257,4.961524246027693e-05
129171456,0.05000000074505806,0.4794011116027832,0.021573051810264587,0.0016833776608109474,-7.130107402801514,24.845956802368164,0.00019999999494757503,0.0005000000237487257,3.6803212424274534e-05
129236992,0.05000000074505806,0.4689521789550781,0.021102849394083023,0.0025555784814059734,-7.129358291625977,25.90416717529297,0.00019999999494757503,0.0005000000237487257,0.00011561420251382515
129302528,0.05000000074505806,0.4346233904361725,0.019558053463697433,0.0023191405925899744,-7.128942489624023,26.307432174682617,0.00019999999494757503,0.0005000000237487257,0.0001566670835018158
129368064,0.05000000074505806,0.4714963436126709,0.021217336878180504,0.0025318204425275326,-7.126679420471191,23.387657165527344,0.00019999999494757503,0.0005000000237487257,0.00014033709885552526
129433600,0.05000000074505806,0.5432536005973816,0.024446411058306694,0.0023736711591482162,-7.126772880554199,34.74374008178711,0.00019999999494757503,0.0005000000237487257,3.03679389617173e-05
129499136,0.05000000074505806,0.5420595407485962,0.02439267933368683,0.0018000549171119928,-7.128415107727051,25.07008171081543,0.00019999999494757503,0.0005000000237487257,0.00010177285003010184
129564672,0.05000000074505806,3.3907792568206787,0.15258507430553436,0.0021178280003368855,-7.133955001831055,41.19763946533203,0.00019999999494757503,0.0005000000237487257,3.1170617148745805e-05
129630208,0.05000000074505806,3.508601665496826,0.1578870713710785,0.002155618043616414,-7.135084629058838,33.59403610229492,0.00019999999494757503,0.0005000000237487257,1.1798198102042079e-05
129695744,0.05000000074505806,3.4367668628692627,0.15465451776981354,0.0026345679070800543,-7.130483150482178,31.70616912841797,0.00019999999494757503,0.0005000000237487257,4.099678335478529e-06
129761280,0.05000000074505806,2.995582103729248,0.13480119407176971,0.0017757097957655787,-7.131414890289307,36.36778259277344,0.00019999999494757503,0.0005000000237487257,1.9811926904367283e-05
129826816,0.05000000074505806,2.961122989654541,0.13325054943561554,0.001646424294449389,-7.133460998535156,23.740863800048828,0.00019999999494757503,0.0005000000237487257,1.4316280612547416e-05
129892352,0.05000000074505806,1.2967555522918701,0.058354008942842484,0.0015669218264520168,-7.1343207359313965,29.58884620666504,0.00019999999494757503,0.0005000000237487257,4.974227340426296e-05
129957888,0.05000000074505806,0.47630953788757324,0.021433930844068527,0.0019387762295082211,-7.136744022369385,25.734851837158203,0.00019999999494757503,0.0005000000237487257,2.476937515893951e-05
130023424,0.05000000074505806,1.0011296272277832,0.04505082964897156,0.0017996917013078928,-7.135679244995117,20.693315505981445,0.00019999999494757503,0.0005000000237487257,2.200872950197663e-05
130088960,0.05000000074505806,2.0691111087799072,0.09311000257730484,0.0017004614928737283,-7.135357856750488,26.93036460876465,0.00019999999494757503,0.0005000000237487257,9.920974662236404e-06
130154496,0.05000000074505806,0.8413315415382385,0.03785991668701172,0.002586140763014555,-7.132419109344482,40.05896759033203,0.00019999999494757503,0.0005000000237487257,3.688280048663728e-05
130220032,0.05000000074505806,0.49989086389541626,0.022495087236166,0.0014493997441604733,-7.130029678344727,22.923336029052734,0.00019999999494757503,0.0005000000237487257,0.0035077270586043596
130285568,0.05000000074505806,0.4768851697444916,0.021459832787513733,0.001862179022282362,-7.127228736877441,28.000898361206055,0.00019999999494757503,0.0005000000237487257,0.0015492907259613276
130351104,0.05000000074505806,0.46546047925949097,0.020945720374584198,0.0017228556098416448,-7.128199577331543,23.781646728515625,0.00019999999494757503,0.0005000000237487257,0.00010759027645690367
130416640,0.05000000074505806,1.017786979675293,0.04580041766166687,0.002140984172001481,-7.126890182495117,21.824386596679688,0.00019999999494757503,0.0005000000237487257,3.325737634440884e-05
130482176,0.05000000074505806,0.891018271446228,0.040095824748277664,0.002634267555549741,-7.128876686096191,33.45500946044922,0.00019999999494757503,0.0005000000237487257,2.094700903398916e-05
130547712,0.05000000074505806,0.5217202305793762,0.02347741276025772,0.0021060544531792402,-7.131155967712402,31.421615600585938,0.00019999999494757503,0.0005000000237487257,0.00043249386362731457
130613248,0.05000000074505806,0.4896814227104187,0.022035663947463036,0.0018024955643340945,-7.12936544418335,28.158449172973633,0.00019999999494757503,0.0005000000237487257,0.0007375839632004499
130678784,0.05000000074505806,0.5325072407722473,0.023962825536727905,0.0019628782756626606,-7.127264976501465,21.540185928344727,0.00019999999494757503,0.0005000000237487257,0.0001548685395391658
130744320,0.05000000074505806,0.4795103669166565,0.02157796546816826,0.001979619497433305,-7.127834796905518,22.55775260925293,0.00019999999494757503,0.0005000000237487257,6.945033965166658e-05
130809856,0.05000000074505806,0.9985570907592773,0.044935066252946854,0.002241062466055155,-7.1283159255981445,21.561857223510742,0.00019999999494757503,0.0005000000237487257,3.9868908061180264e-05
130875392,0.05000000074505806,0.6514627933502197,0.029315827414393425,0.0017264335183426738,-7.130487442016602,24.95730209350586,0.00019999999494757503,0.0005000000237487257,7.44737044442445e-05
130940928,0.05000000074505806,0.4690469205379486,0.021107112988829613,0.00209409324452281,-7.127114772796631,23.327560424804688,0.00019999999494757503,0.0005000000237487257,0.0004419045872054994
131006464,0.05000000074505806,0.6785563826560974,0.030535036697983742,0.0016470549162477255,-7.127326965332031,20.320043563842773,0.00019999999494757503,0.0005000000237487257,0.0003023123135790229
131072000,0.05000000074505806,0.617397665977478,0.027782896533608437,0.0022926675155758858,-7.126332759857178,32.23442077636719,0.00019999999494757503,0.0005000000237487257,7.148267468437552e-05
131137536,0.05000000074505806,0.5383719205856323,0.024226734414696693,0.002147151855751872,-7.122321128845215,24.925634384155273,0.00019999999494757503,0.0005000000237487257,0.00039979175198823214
131203072,0.05000000074505806,3.365443468093872,0.1514449566602707,0.002295971382409334,-7.125002384185791,40.35286331176758,0.00019999999494757503,0.0005000000237487257,2.9030772566329688e-05
131268608,0.05000000074505806,3.571460723876953,0.1607157289981842,0.0017351985443383455,-7.128276348114014,28.85804557800293,0.00019999999494757503,0.0005000000237487257,1.575249552843161e-05
131334144,0.05000000074505806,3.530244827270508,0.15886101126670837,0.002120987279340625,-7.1271138191223145,25.086849212646484,0.00019999999494757503,0.0005000000237487257,5.29600265508634e-06
131399680,0.05000000074505806,3.077975034713745,0.1385088860988617,0.0015976281138136983,-7.1271820068359375,24.305553436279297,0.00019999999494757503,0.0005000000237487257,2.0832812879234552e-05
131465216,0.05000000074505806,3.0021281242370605,0.1350957453250885,0.0023370597045868635,-7.126663684844971,37.897064208984375,0.00019999999494757503,0.0005000000237487257,1.4409619325306267e-05
131530752,0.05000000074505806,1.3636889457702637,0.0613659992814064,0.0016751993680372834,-7.125219821929932,30.856834411621094,0.00019999999494757503,0.0005000000237487257,3.9439073589164764e-05
131596288,0.05000000074505806,0.5871449708938599,0.026421526446938515,0.0019550486467778683,-7.127702236175537,32.048561096191406,0.00019999999494757503,0.0005000000237487257,1.3679422409040853e-05
131661824,0.05000000074505806,0.8561744689941406,0.03852785378694534,0.002260982058942318,-7.130675792694092,21.53890037536621,0.00019999999494757503,0.0005000000237487257,2.018095983657986e-05
131727360,0.05000000074505806,2.2523906230926514,0.1013575941324234,0.0016602255636826158,-7.128828048706055,24.56521224975586,0.00019999999494757503,0.0005000000237487257,1.1137649380543735e-05
131792896,0.05000000074505806,2.206084728240967,0.09927382320165634,0.0018648755503818393,-7.131146430969238,22.991525650024414,0.00019999999494757503,0.0005000000237487257,1.9994133253931068e-05
131858432,0.05000000074505806,0.866855263710022,0.0390084907412529,0.002403250662609935,-7.131316184997559,23.065494537353516,0.00019999999494757503,0.0005000000237487257,0.00153117417357862
131923968,0.05000000074505806,0.7099978923797607,0.031949903815984726,0.0019889238756150007,-7.130240440368652,28.39126968383789,0.00019999999494757503,0.0005000000237487257,0.0019636410288512707
131989504,0.05000000074505806,0.6609975099563599,0.029744889587163925,0.0020071116741746664,-7.127153396606445,28.762548446655273,0.00019999999494757503,0.0005000000237487257,0.0001467209222028032
132055040,0.05000000074505806,1.5755479335784912,0.07089966535568237,0.0017937750089913607,-7.1297526359558105,25.484960556030273,0.00019999999494757503,0.0005000000237487257,3.731718970811926e-05
132120576,0.05000000074505806,1.1247270107269287,0.05061272159218788,0.0019800900481641293,-7.130136489868164,26.55861473083496,0.00019999999494757503,0.0005000000237487257,1.9610875824582763e-05
132186112,0.05000000074505806,0.7410051822662354,0.03334523364901543,0.0020279421005398035,-7.128650188446045,33.10198211669922,0.00019999999494757503,0.0005000000237487257,0.00010665471927495673
132251648,0.05000000074505806,0.506205677986145,0.022779256105422974,0.002448371611535549,-7.126810550689697,31.206531524658203,0.00019999999494757503,0.0005000000237487257,0.0004508288111537695
132317184,0.05000000074505806,0.6307114362716675,0.028382018208503723,0.0022144755348563194,-7.128228187561035,25.477006912231445,0.00019999999494757503,0.0005000000237487257,0.000135004025651142
132382720,0.05000000074505806,0.5516784191131592,0.024825531989336014,0.0021735792979598045,-7.125463485717773,22.437713623046875,0.00019999999494757503,0.0005000000237487257,5.1670329412445426e-05
132448256,0.05000000074505806,0.572884202003479,0.025779789313673973,0.0022548146080225706,-7.1224799156188965,20.786169052124023,0.00019999999494757503,0.0005000000237487257,2.1632735297316685e-05
132513792,0.05000000074505806,0.48439744114875793,0.02179788611829281,0.002256092382594943,-7.123472213745117,27.44156265258789,0.00019999999494757503,0.0005000000237487257,5.155853068572469e-05
132579328,0.05000000074505806,0.5012251734733582,0.02255513146519661,0.0020831481087952852,-7.122036933898926,23.201385498046875,0.00019999999494757503,0.0005000000237487257,0.00010591177851893008
132644864,0.05000000074505806,0.7972040176391602,0.03587418049573898,0.0017439010553061962,-7.124127388000488,21.66710090637207,0.00019999999494757503,0.0005000000237487257,0.00013146678975317627
132710400,0.05000000074505806,0.8412144184112549,0.037854649126529694,0.001953649567440152,-7.124688148498535,26.444625854492188,0.00019999999494757503,0.0005000000237487257,3.2615731470286846e-05
132775936,0.05000000074505806,0.5379367470741272,0.024207156151533127,0.002503249328583479,-7.1242852210998535,25.559778213500977,0.00019999999494757503,0.0005000000237487257,0.0001700524881016463
132841472,0.05000000074505806,3.367331027984619,0.151529923081398,0.0020515494979918003,-7.132054805755615,35.855499267578125,0.00019999999494757503,0.0005000000237487257,2.820654299284797e-05
132907008,0.05000000074505806,3.5719153881073,0.16073618829250336,0.0015391225460916758,-7.135632038116455,31.808393478393555,0.00019999999494757503,0.0005000000237487257,1.3985800251248293e-05
132972544,0.05000000074505806,3.5305707454681396,0.1588757038116455,0.0026789535768330097,-7.132506847381592,34.92699432373047,0.00019999999494757503,0.0005000000237487257,5.944837084825849e-06
133038080,0.05000000074505806,3.266932487487793,0.14701196551322937,0.0017884386470541358,-7.1323628425598145,26.4096622467041,0.00019999999494757503,0.0005000000237487257,1.1570997230592184e-05
133103616,0.05000000074505806,3.0844109058380127,0.13879849016666412,0.0018265584949404001,-7.136011123657227,28.970462799072266,0.00019999999494757503,0.0005000000237487257,1.447953127353685e-05
133169152,0.05000000074505806,1.3543797731399536,0.06094709411263466,0.0018296879716217518,-7.134432315826416,28.471717834472656,0.00019999999494757503,0.0005000000237487257,3.5589073377195746e-05
133234688,0.05000000074505806,0.6045290231704712,0.02720380574464798,0.002015744335949421,-7.135051727294922,27.943096160888672,0.00019999999494757503,0.0005000000237487257,2.0973864593543112e-05
133300224,0.05000000074505806,1.0707831382751465,0.048185236752033234,0.0020750793628394604,-7.129833221435547,22.974720001220703,0.00019999999494757503,0.0005000000237487257,1.3160533853806555e-05
133365760,0.05000000074505806,2.1381778717041016,0.09621800482273102,0.001586392056196928,-7.132877826690674,21.857837677001953,0.00019999999494757503,0.0005000000237487257,8.51716504257638e-06
133431296,0.05000000074505806,1.5018446445465088,0.06758300960063934,0.0018976567080244422,-7.131200313568115,22.702205657958984,0.00019999999494757503,0.0005000000237487257,1.7851376469479874e-05
133496832,0.05000000074505806,0.7975545525550842,0.03588995337486267,0.002029732335358858,-7.1309709548950195,24.569150924682617,0.00019999999494757503,0.0005000000237487257,0.0012369132600724697
133562368,0.05000000074505806,0.7901667952537537,0.03555750846862793,0.0019333711825311184,-7.128509521484375,28.28679847717285,0.00019999999494757503,0.0005000000237487257,0.002164589473977685
133627904,0.05000000074505806,0.759568989276886,0.03418060764670372,0.001996956765651703,-7.1241888999938965,24.432859420776367,0.00019999999494757503,0.0005000000237487257,0.0001884722732938826
133693440,0.05000000074505806,1.0040334463119507,0.045181501656770706,0.002198604168370366,-7.126068592071533,33.987693786621094,0.00019999999494757503,0.0005000000237487257,2.9695196644752286e-05
133758976,0.05000000074505806,1.200700283050537,0.05403150990605354,0.002021829364821315,-7.126162528991699,25.04839515686035,0.00019999999494757503,0.0005000000237487257,1.4537827155436389e-05
133824512,0.05000000074505806,0.8085951209068298,0.03638678416609764,0.0022247694432735443,-7.12637186050415,32.054901123046875,0.00019999999494757503,0.0005000000237487257,5.0532737077446654e-05
133890048,0.05000000074505806,0.4813627302646637,0.02166132442653179,0.0022845184430480003,-7.125136852264404,23.781675338745117,0.00019999999494757503,0.0005000000237487257,0.0002956755051854998
133955584,0.05000000074505806,0.5804977416992188,0.026122398674488068,0.002261062618345022,-7.125131130218506,20.91396713256836,0.00019999999494757503,0.0005000000237487257,9.588223474565893e-05
134021120,0.05000000074505806,0.5538037419319153,0.024921169504523277,0.0021712128072977066,-7.124195098876953,22.11765480041504,0.00019999999494757503,0.0005000000237487257,2.763637348834891e-05
134086656,0.05000000074505806,1.2097606658935547,0.054439228028059006,0.002629495458677411,-7.123171329498291,25.07695198059082,0.00019999999494757503,0.0005000000237487257,3.558450407581404e-05
134152192,0.05000000074505806,0.6380648612976074,0.0287129208445549,0.0021825949661433697,-7.122461318969727,26.833816528320312,0.00019999999494757503,0.0005000000237487257,2.626708010211587e-05
134217728,0.05000000074505806,0.5330526232719421,0.023987367749214172,0.002206733450293541,-7.123865604400635,23.263425827026367,0.00019999999494757503,0.0005000000237487257,0.0001338931906502694
134283264,0.05000000074505806,0.6093424558639526,0.027420412749052048,0.0019959290511906147,-7.123566150665283,21.111305236816406,0.00019999999494757503,0.0005000000237487257,0.00017797962937038392
134348800,0.05000000074505806,1.1892651319503784,0.0535169318318367,0.00234703766182065,-7.121382713317871,25.92627716064453,0.00019999999494757503,0.0005000000237487257,3.42430648743175e-05
134414336,0.05000000074505806,0.6520459651947021,0.02934207022190094,0.001970021054148674,-7.1212944984436035,21.79644775390625,0.00019999999494757503,0.0005000000237487257,6.893221870996058e-05
134479872,0.05000000074505806,3.455536365509033,0.15549913048744202,0.0016541306395083666,-7.125820636749268,36.167598724365234,0.00019999999494757503,0.0005000000237487257,2.7098887585452758e-05
134545408,0.05000000074505806,3.602034091949463,0.16209152340888977,0.0017750898841768503,-7.125607490539551,34.54782485961914,0.00019999999494757503,0.0005000000237487257,1.1550868293852545e-05
134610944,0.05000000074505806,3.5600838661193848,0.160203754901886,0.002195832785218954,-7.127102375030518,28.120100021362305,0.00019999999494757503,0.0005000000237487257,6.072986707295058e-06
134676480,0.05000000074505806,3.1414144039154053,0.14136366546154022,0.0020359798800200224,-7.1290283203125,24.366436004638672,0.00019999999494757503,0.0005000000237487257,8.65496986079961e-06
134742016,0.05000000074505806,3.09784197807312,0.13940289616584778,0.0018951905658468604,-7.128691673278809,33.460174560546875,0.00019999999494757503,0.0005000000237487257,1.1898267075594049e-05
134807552,0.05000000074505806,1.3342021703720093,0.06003910303115845,0.0016303174197673798,-7.127326011657715,22.654333114624023,0.00019999999494757503,0.0005000000237487257,4.040338535560295e-05
134873088,0.05000000074505806,0.49946221709251404,0.022475801408290863,0.001619198708795011,-7.131375312805176,24.195362091064453,0.00019999999494757503,0.0005000000237487257,2.3171525754150935e-05
134938624,0.05000000074505806,0.8472693562507629,0.038127124309539795,0.0018020686693489552,-7.132542610168457,28.160781860351562,0.00019999999494757503,0.0005000000237487257,1.2407706890371628e-05
135004160,0.05000000074505806,1.7575143575668335,0.07908813655376434,0.0016942538786679506,-7.131412506103516,23.344200134277344,0.00019999999494757503,0.0005000000237487257,9.108050107897725e-06
135069696,0.05000000074505806,1.6950792074203491,0.07627855986356735,0.0022979096975177526,-7.128074645996094,32.46348571777344,0.00019999999494757503,0.0005000000237487257,1.2063273061357904e-05
135135232,0.05000000074505806,0.7331287264823914,0.03299079090356827,0.001756201614625752,-7.128115177154541,22.6306209564209,0.00019999999494757503,0.0005000000237487257,0.0009198083425872028
135200768,0.05000000074505806,0.574042797088623,0.025831924751400948,0.0019621967803686857,-7.12883186340332,27.083370208740234,0.00019999999494757503,0.0005000000237487257,0.001757306046783924
135266304,0.05000000074505806,0.5704412460327148,0.02566985972225666,0.0028427722863852978,-7.128421306610107,27.64488410949707,0.00019999999494757503,0.0005000000237487257,0.00023404372041113675
135331840,0.05000000074505806,0.6217242479324341,0.0279775932431221,0.0020867018029093742,-7.126696586608887,25.44745445251465,0.00019999999494757503,0.0005000000237487257,4.542067108559422e-05
135397376,0.05000000074505806,1.0706088542938232,0.04817739874124527,0.0018125642091035843,-7.127529144287109,27.498870849609375,0.00019999999494757503,0.0005000000237487257,1.6739810234867036e-05
135462912,0.05000000074505806,0.5914968252182007,0.02661735750734806,0.0019941050559282303,-7.124481678009033,22.873371124267578,0.00019999999494757503,0.0005000000237487257,0.00023407212574966252
135528448,0.05000000074505806,0.4378278851509094,0.019702255725860596,0.002081093844026327,-7.123347759246826,24.20183563232422,0.00019999999494757503,0.0005000000237487257,0.000489651458337903
135593984,0.05000000074505806,0.5089194774627686,0.022901376709342003,0.002005124930292368,-7.125275611877441,20.668277740478516,0.00019999999494757503,0.0005000000237487257,0.00020181246509309858
135659520,0.05000000074505806,0.5102815628051758,0.022962670773267746,0.001952974358573556,-7.124152183532715,22.058618545532227,0.00019999999494757503,0.0005000000237487257,3.909814768121578e-05
135725056,0.05000000074505806,0.5391775965690613,0.024262992665171623,0.0018482235027477145,-7.124699115753174,27.930870056152344,0.00019999999494757503,0.0005000000237487257,3.822620783466846e-05
135790592,0.05000000074505806,0.4556925892829895,0.02050616778433323,0.001746436464600265,-7.124981880187988,20.312583923339844,0.00019999999494757503,0.0005000000237487257,7.792447286192328e-05
135856128,0.05000000074505806,0.45550429821014404,0.020497694611549377,0.0018195146694779396,-7.1252121925354,20.55181884765625,0.00019999999494757503,0.0005000000237487257,0.00017967565509025007
135921664,0.05000000074505806,0.5768792629241943,0.025959569960832596,0.002349697984755039,-7.123695373535156,25.908523559570312,0.00019999999494757503,0.0005000000237487257,0.00011712100240401924
135987200,0.05000000074505806,0.5493467450141907,0.024720603600144386,0.002152906032279134,-7.124878883361816,30.288183212280273,0.00019999999494757503,0.0005000000237487257,2.8810836738557555e-05
136052736,0.05000000074505806,0.4534459412097931,0.02040507085621357,0.0019537010230123997,-7.1235809326171875,27.47050666809082,0.00019999999494757503,0.0005000000237487257,0.00029084880952723324
136118272,0.05000000074505806,3.311206340789795,0.149004265666008,0.002014061901718378,-7.127982139587402,29.8443660736084,0.00019999999494757503,0.0005000000237487257,2.7163301638211124e-05
136183808,0.05000000074505806,3.5655999183654785,0.1604520082473755,0.0021234082523733377,-7.128132343292236,32.83183670043945,0.00019999999494757503,0.0005000000237487257,1.3182236216380261e-05
136249344,0.05000000074505806,3.597783088684082,0.16190025210380554,0.002275684382766485,-7.128891468048096,27.528352737426758,0.00019999999494757503,0.0005000000237487257,5.69486746826442e-06
136314880,0.05000000074505806,3.1930649280548096,0.1436879187822342,0.0018512108363211155,-7.130122184753418,37.18162155151367,0.00019999999494757503,0.0005000000237487257,1.6450607290607877e-05
136380416,0.05000000074505806,3.1759164333343506,0.1429162472486496,0.0016199768288061023,-7.132618427276611,27.133991241455078,0.00019999999494757503,0.0005000000237487257,1.5517389329033904e-05
136445952,0.05000000074505806,1.4097516536712646,0.06343882530927658,0.001874229172244668,-7.130986213684082,26.16643714904785,0.00019999999494757503,0.0005000000237487257,3.4531723940744996e-05
136511488,0.05000000074505806,0.7055654525756836,0.03175044432282448,0.0024945756886154413,-7.128854274749756,36.18790054321289,0.00019999999494757503,0.0005000000237487257,1.4668190488009714e-05
136577024,0.05000000074505806,0.7831586003303528,0.03524214029312134,0.002050030045211315,-7.132108211517334,22.884380340576172,0.00019999999494757503,0.0005000000237487257,1.7194375686813146e-05
136642560,0.05000000074505806,1.893417477607727,0.08520379662513733,0.0018395096994936466,-7.129251956939697,25.24925422668457,0.00019999999494757503,0.0005000000237487257,1.008865910989698e-05
136708096,0.05000000074505806,2.2154955863952637,0.0996973067522049,0.001961848698556423,-7.127586841583252,23.023181915283203,0.00019999999494757503,0.0005000000237487257,1.6366489944630302e-05
136773632,0.05000000074505806,0.8264926671981812,0.037192173302173615,0.0018893306842073798,-7.1284871101379395,25.66596031188965,0.00019999999494757503,0.0005000000237487257,0.0009488051873631775
136839168,0.05000000074505806,0.5397878885269165,0.024290455505251884,0.0017807867843657732,-7.129489421844482,25.79558563232422,0.00019999999494757503,0.0005000000237487257,0.0019168759463354945
136904704,0.05000000074505806,0.5050777196884155,0.02272849529981613,0.002054630545899272,-7.129666805267334,19.755970001220703,0.00019999999494757503,0.0005000000237487257,0.000272578647127375
136970240,0.05000000074505806,0.6268210411071777,0.028206946328282356,0.0020586876198649406,-7.129619598388672,23.102869033813477,0.00019999999494757503,0.0005000000237487257,8.553475345252082e-05
137035776,0.05000000074505806,1.0224820375442505,0.04601169377565384,0.0017185581382364035,-7.13053560256958,22.021528244018555,0.00019999999494757503,0.0005000000237487257,1.618722853891086e-05
137101312,0.05000000074505806,0.6509623527526855,0.029293309897184372,0.001578528550453484,-7.129667282104492,26.706092834472656,0.00019999999494757503,0.0005000000237487257,0.00013015337754040956
137166848,0.05000000074505806,0.43591371178627014,0.01961611770093441,0.0027202072087675333,-7.128135681152344,30.631046295166016,0.00019999999494757503,0.0005000000237487257,0.0008470304892398417
137232384,0.05000000074505806,0.4429991841316223,0.019934963434934616,0.002480891300365329,-7.127187728881836,25.926685333251953,0.00019999999494757503,0.0005000000237487257,0.0003410755598451942
137297920,0.05000000074505806,0.47992563247680664,0.021596655249595642,0.0019687393214553595,-7.128368377685547,23.33405303955078,0.00019999999494757503,0.0005000000237487257,7.129048753995448e-05
137363456,0.05000000074505806,0.48150116205215454,0.02166755311191082,0.0012707305140793324,-7.128759860992432,25.99752426147461,0.00019999999494757503,0.0005000000237487257,5.030498869018629e-05
137428992,0.05000000074505806,0.5004726648330688,0.02252126857638359,0.001923209521919489,-7.1276750564575195,27.182483673095703,0.00019999999494757503,0.0005000000237487257,9.584473446011543e-05
137494528,0.05000000074505806,0.4719129204750061,0.021236080676317215,0.0021593256387859583,-7.129932403564453,27.426620483398438,0.00019999999494757503,0.0005000000237487257,0.0001476823672419414
137560064,0.05000000074505806,0.3824809193611145,0.01721164397895336,0.0024812903720885515,-7.1294989585876465,25.149707794189453,0.00019999999494757503,0.0005000000237487257,0.00013430598482955247
137625600,0.05000000074505806,1.1685272455215454,0.0525837279856205,0.0019963125232607126,-7.129662036895752,30.5738525390625,0.00019999999494757503,0.0005000000237487257,5.775762110715732e-05
137691136,0.05000000074505806,0.6787471175193787,0.03054361790418625,0.0019955160096287727,-7.125505447387695,23.39971923828125,0.00019999999494757503,0.0005000000237487257,4.311365046305582e-05
137756672,0.05000000074505806,3.37894868850708,0.15205270051956177,0.0031154374592006207,-7.131118297576904,43.22515106201172,0.00019999999494757503,0.0005000000237487257,2.5695298973005265e-05
137822208,0.05000000074505806,3.6514523029327393,0.1643153727054596,0.0023711672984063625,-7.1346282958984375,37.53916931152344,0.00019999999494757503,0.0005000000237487257,1.0301813745172694e-05
137887744,0.05000000074505806,3.760453224182129,0.16922041773796082,0.002813254948705435,-7.127746105194092,31.170324325561523,0.00019999999494757503,0.0005000000237487257,5.295106348057743e-06
137953280,0.05000000074505806,3.3634538650512695,0.15135543048381805,0.0016961288638412952,-7.128077983856201,27.970203399658203,0.00019999999494757503,0.0005000000237487257,1.3300984392117243e-05
138018816,0.05000000074505806,3.36722993850708,0.1515253335237503,0.0017051994800567627,-7.127366065979004,29.27863883972168,0.00019999999494757503,0.0005000000237487257,1.460002749809064e-05
138084352,0.05000000074505806,1.5049159526824951,0.06772122532129288,0.0022729034535586834,-7.127219200134277,38.41889190673828,0.00019999999494757503,0.0005000000237487257,3.1175281037576497e-05
138149888,0.05000000074505806,0.548175573348999,0.024667900055646896,0.0024827467277646065,-7.126560688018799,35.464839935302734,0.00019999999494757503,0.0005000000237487257,1.140773110819282e-05
138215424,0.05000000074505806,1.2038077116012573,0.05417134612798691,0.001783725107088685,-7.126238822937012,29.073062896728516,0.00019999999494757503,0.0005000000237487257,1.1993121916020755e-05
138280960,0.05000000074505806,2.0412445068359375,0.09185601025819778,0.0022466895170509815,-7.123854637145996,29.30739974975586,0.00019999999494757503,0.0005000000237487257,7.4660279096860904e-06
138346496,0.05000000074505806,2.0215773582458496,0.09097098559141159,0.0021622951608151197,-7.127046585083008,28.73430633544922,0.00019999999494757503,0.0005000000237487257,1.7439837392885238e-05
138412032,0.05000000074505806,0.9917812943458557,0.04463016241788864,0.0024014925584197044,-7.126532554626465,23.295692443847656,0.00019999999494757503,0.0005000000237487257,0.0008282882045023143
138477568,0.05000000074505806,0.7526857256889343,0.03387086093425751,0.001890872372314334,-7.1299848556518555,31.256532669067383,0.00019999999494757503,0.0005000000237487257,0.001971475314348936
138543104,0.05000000074505806,0.6653593182563782,0.029941175132989883,0.001696106162853539,-7.128168106079102,26.38620376586914,0.00019999999494757503,0.0005000000237487257,0.00017120371921919286
138608640,0.05000000074505806,0.6742312908172607,0.03034040704369545,0.0021600020118057728,-7.129479885101318,25.297679901123047,0.00019999999494757503,0.0005000000237487257,3.091146572842263e-05
138674176,0.05000000074505806,1.4833195209503174,0.06674937903881073,0.0020176894031465054,-7.12796688079834,29.81098747253418,0.00019999999494757503,0.0005000000237487257,1.3371070053835865e-05
138739712,0.05000000074505806,0.8929584622383118,0.04018313065171242,0.001897240523248911,-7.134573936462402,24.0247859954834,0.00019999999494757503,0.0005000000237487257,5.95719538978301e-05
138805248,0.05000000074505806,0.49414581060409546,0.02223656326532364,0.0019143505487591028,-7.131964206695557,23.30909538269043,0.00019999999494757503,0.0005000000237487257,0.0005492233904078603
138870784,0.05000000074505806,0.5222743153572083,0.023502342402935028,0.0022661599796265364,-7.126477241516113,24.55182647705078,0.00019999999494757503,0.0005000000237487257,0.0001498370838817209
138936320,0.05000000074505806,1.1378759145736694,0.051204413175582886,0.0020771834533661604,-7.12518310546875,23.79159164428711,0.00019999999494757503,0.0005000000237487257,7.448585529346019e-05
139001856,0.05000000074505806,1.1117751598358154,0.05002988502383232,0.0021830874029546976,-7.128106594085693,27.460956573486328,0.00019999999494757503,0.0005000000237487257,2.2574811737285927e-05
139067392,0.05000000074505806,0.638160228729248,0.02871721237897873,0.002658831886947155,-7.1246337890625,27.397693634033203,0.00019999999494757503,0.0005000000237487257,0.00012259847426321357
139132928,0.05000000074505806,0.5804643034934998,0.02612089365720749,0.002010262105613947,-7.123161315917969,19.903240203857422,0.00019999999494757503,0.0005000000237487257,0.00011018271470675245
139198464,0.05000000074505806,0.5935326218605042,0.026708967983722687,0.0024662110954523087,-7.125734806060791,23.11777114868164,0.00019999999494757503,0.0005000000237487257,7.508545968448743e-05
139264000,0.05000000074505806,0.9047012329101562,0.04071155562996864,0.0017053510528057814,-7.124265193939209,22.162691116333008,0.00019999999494757503,0.0005000000237487257,3.827010004897602e-05
139329536,0.05000000074505806,0.5960662364959717,0.026822984218597412,0.0016763838939368725,-7.125210762023926,23.711837768554688,0.00019999999494757503,0.0005000000237487257,7.743624883005396e-05
139395072,0.05000000074505806,3.4007906913757324,0.15303558111190796,0.0024708632845431566,-7.130581855773926,40.033203125,0.00019999999494757503,0.0005000000237487257,3.0683302611578256e-05
139460608,0.05000000074505806,3.7224509716033936,0.1675102859735489,0.0022623026743531227,-7.1342902183532715,28.34097671508789,0.00019999999494757503,0.0005000000237487257,1.2414949196681846e-05
139526144,0.05000000074505806,3.8508191108703613,0.17328688502311707,0.0019672482740134,-7.129890441894531,31.74921417236328,0.00019999999494757503,0.0005000000237487257,5.3868229770159815e-06
139591680,0.05000000074505806,3.422236680984497,0.1540006399154663,0.0017087444430217147,-7.13264799118042,26.70942497253418,0.00019999999494757503,0.0005000000237487257,8.871040336089209e-06
139657216,0.05000000074505806,3.4491488933563232,0.1552116870880127,0.001655197236686945,-7.134265899658203,30.353092193603516,0.00019999999494757503,0.0005000000237487257,1.2498407159000635e-05
139722752,0.05000000074505806,1.492838978767395,0.06717775017023087,0.0017496519722044468,-7.1332244873046875,30.0567626953125,0.00019999999494757503,0.0005000000237487257,3.563737845979631e-05
139788288,0.05000000074505806,0.6700561046600342,0.030152523890137672,0.001847652718424797,-7.132107734680176,24.731651306152344,0.00019999999494757503,0.0005000000237487257,1.3671586202690378e-05
139853824,0.05000000074505806,1.030776023864746,0.04638491943478584,0.002065184758976102,-7.133367538452148,21.598773956298828,0.00019999999494757503,0.0005000000237487257,1.6076850442914292e-05
139919360,0.05000000074505806,1.6911226511001587,0.07610051333904266,0.0019682657439261675,-7.131392955780029,25.4676513671875,0.00019999999494757503,0.0005000000237487257,8.584502211306244e-06
139984896,0.05000000074505806,2.1815714836120605,0.09817072749137878,0.0021376407239586115,-7.129023551940918,23.71135711669922,0.00019999999494757503,0.0005000000237487257,1.4218219803296961e-05
140050432,0.05000000074505806,1.2237670421600342,0.05506952106952667,0.0027094550896435976,-7.132408142089844,28.783281326293945,0.00019999999494757503,0.0005000000237487257,0.00018342016846872866
140115968,0.05000000074505806,1.0127209424972534,0.045572444796562195,0.0019207301083952188,-7.1295976638793945,24.884092330932617,0.00019999999494757503,0.0005000000237487257,0.0007068842533044517
140181504,0.05000000074505806,0.967508852481842,0.04353790357708931,0.0016630747122690082,-7.128218650817871,27.35906219482422,0.00019999999494757503,0.0005000000237487257,0.00011948941391892731
140247040,0.05000000074505806,0.9454302787780762,0.04254436120390892,0.0018634360749274492,-7.12632942199707,26.561758041381836,0.00019999999494757503,0.0005000000237487257,4.31299013143871e-05
140312576,0.05000000074505806,1.5489375591278076,0.06970220059156418,0.002037670696154237,-7.126999378204346,26.476852416992188,0.00019999999494757503,0.0005000000237487257,1.6017087546060793e-05
140378112,0.05000000074505806,0.9548905491828918,0.04297007620334625,0.0015485576586797833,-7.12529993057251,27.157697677612305,0.00019999999494757503,0.0005000000237487257,3.6617679143091664e-05
140443648,0.05000000074505806,0.4862983524799347,0.02188342623412609,0.0022376077249646187,-7.121723175048828,23.548538208007812,0.00019999999494757503,0.0005000000237487257,0.0001057033587130718
140509184,0.05000000074505806,0.48904186487197876,0.022006884217262268,0.0021858292166143656,-7.121959686279297,22.798526763916016,0.00019999999494757503,0.0005000000237487257,0.00013004841457586735
140574720,0.05000000074505806,0.9439177513122559,0.04247630387544632,0.0019345604814589024,-7.11821174621582,22.12918472290039,0.00019999999494757503,0.0005000000237487257,4.649531911127269e-05
140640256,0.05000000074505806,0.9253408312797546,0.04164034128189087,0.0019318964332342148,-7.121979713439941,25.618446350097656,0.00019999999494757503,0.0005000000237487257,2.0373472580104135e-05
140705792,0.05000000074505806,0.6686218976974487,0.03008798323571682,0.0019072272116318345,-7.120539665222168,23.849565505981445,0.00019999999494757503,0.0005000000237487257,9.965153731172904e-05
140771328,0.05000000074505806,0.7319430112838745,0.032937437295913696,0.0020561469718813896,-7.119810104370117,19.328550338745117,0.00019999999494757503,0.0005000000237487257,0.00014309785910882056
140836864,0.05000000074505806,0.997680127620697,0.04489560425281525,0.002418647287413478,-7.119050025939941,24.3641357421875,0.00019999999494757503,0.0005000000237487257,6.158668838907033e-05
140902400,0.05000000074505806,1.2193114757537842,0.054869018495082855,0.0019162483513355255,-7.118885517120361,30.029428482055664,0.00019999999494757503,0.0005000000237487257,2.819390283548273e-05
140967936,0.05000000074505806,0.6819940209388733,0.030689731240272522,0.0023029630538076162,-7.120136260986328,26.034687042236328,0.00019999999494757503,0.0005000000237487257,0.00020079052774235606
141033472,0.05000000074505806,3.4242196083068848,0.15408988296985626,0.0027530365623533726,-7.125831127166748,42.89704513549805,0.00019999999494757503,0.0005000000237487257,2.4832013878040016e-05
141099008,0.05000000074505806,3.7345855236053467,0.16805635392665863,0.0020791911520063877,-7.127840995788574,26.311187744140625,0.00019999999494757503,0.0005000000237487257,1.1629861546680331e-05
141164544,0.05000000074505806,3.8155529499053955,0.1716998815536499,0.0018296324415132403,-7.12811279296875,24.198375701904297,0.00019999999494757503,0.0005000000237487257,4.279110726201907e-06
141230080,0.05000000074505806,3.4474844932556152,0.1551368236541748,0.0020517143420875072,-7.1282958984375,32.2276611328125,0.00019999999494757503,0.0005000000237487257,9.791678166948259e-06
141295616,0.05000000074505806,3.4283831119537354,0.1542772352695465,0.0017272350378334522,-7.128671646118164,25.96385955810547,0.00019999999494757503,0.0005000000237487257,1.1754973456845619e-05
141361152,0.05000000074505806,1.5351457595825195,0.06908155977725983,0.001587292063049972,-7.129513263702393,29.12210464477539,0.00019999999494757503,0.0005000000237487257,3.425111572141759e-05
141426688,0.05000000074505806,0.6350157856941223,0.028575707226991653,0.0025122291408479214,-7.128927707672119,32.963619232177734,0.00019999999494757503,0.0005000000237487257,1.3404415767581668e-05
141492224,0.05000000074505806,1.3427311182022095,0.060422901064157486,0.003416383173316717,-7.129425048828125,36.344181060791016,0.00019999999494757503,0.0005000000237487257,9.120041795540601e-06
141557760,0.05000000074505806,2.019617795944214,0.090882807970047,0.002104521030560136,-7.126570701599121,25.645675659179688,0.00019999999494757503,0.0005000000237487257,6.623836725339061e-06
141623296,0.05000000074505806,2.517875909805298,0.11330441385507584,0.0022335262037813663,-7.129448890686035,24.682415008544922,0.00019999999494757503,0.0005000000237487257,1.3908245819038711e-05
141688832,0.05000000074505806,1.4585816860198975,0.06563617289066315,0.0021022758446633816,-7.129958629608154,28.118627548217773,0.00019999999494757503,0.0005000000237487257,0.0001744846231304109
141754368,0.05000000074505806,1.306532621383667,0.05879397317767143,0.001967312302440405,-7.133267879486084,23.189781188964844,0.00019999999494757503,0.0005000000237487257,0.0007061068899929523
141819904,0.05000000074505806,1.3119584321975708,0.05903813615441322,0.002102998085319996,-7.131283283233643,23.671306610107422,0.00019999999494757503,0.0005000000237487257,0.00012994023563805968
141885440,0.05000000074505806,1.146572470664978,0.051595766097307205,0.0022600649390369654,-7.128916263580322,30.011533737182617,0.00019999999494757503,0.0005000000237487257,1.9774033717112616e-05
141950976,0.05000000074505806,1.6679718494415283,0.07505873590707779,0.0021981685422360897,-7.128935813903809,25.940776824951172,0.00019999999494757503,0.0005000000237487257,1.3119994036969729e-05
142016512,0.05000000074505806,1.0012669563293457,0.0450570173561573,0.0018615844892337918,-7.125964641571045,24.0499267578125,0.00019999999494757503,0.0005000000237487257,3.5643875889945775e-05
142082048,0.05000000074505806,0.515372633934021,0.023191768676042557,0.002037873724475503,-7.124457836151123,26.803672790527344,0.00019999999494757503,0.0005000000237487257,0.0001121439563576132
142147584,0.05000000074505806,0.5463762283325195,0.024586930871009827,0.002009950578212738,-7.127720832824707,22.302352905273438,0.00019999999494757503,0.0005000000237487257,0.00010288806515745819
142213120,0.05000000074505806,1.1397311687469482,0.05128790810704231,0.0023110047914087772,-7.124691009521484,24.304609298706055,0.00019999999494757503,0.0005000000237487257,5.286671512294561e-05
142278656,0.05000000074505806,0.9980599284172058,0.04491269588470459,0.001972365425899625,-7.124385833740234,20.90022087097168,0.00019999999494757503,0.0005000000237487257,1.7753412976162508e-05
142344192,0.05000000074505806,0.69174724817276,0.031128626316785812,0.002291056327521801,-7.123014450073242,22.007951736450195,0.00019999999494757503,0.0005000000237487257,8.108761539915577e-05
142409728,0.05000000074505806,0.8106021285057068,0.03647709637880325,0.0023242870811372995,-7.12620735168457,23.37026596069336,0.00019999999494757503,0.0005000000237487257,0.00016950920689851046
142475264,0.05000000074505806,1.3032300472259521,0.05864536017179489,0.002075111959129572,-7.123778343200684,21.786663055419922,0.00019999999494757503,0.0005000000237487257,5.6798275181790814e-05
142540800,0.05000000074505806,1.0458862781524658,0.0470648854970932,0.0018635161686688662,-7.124330043792725,25.448097229003906,0.00019999999494757503,0.0005000000237487257,3.674241452245042e-05
142606336,0.05000000074505806,0.9003223776817322,0.0405145138502121,0.002523827599361539,-7.123354911804199,30.286720275878906,0.00019999999494757503,0.0005000000237487257,0.0003041546733584255
142671872,0.05000000074505806,3.408888578414917,0.1534000039100647,0.0026748590171337128,-7.129323959350586,41.55419921875,0.00019999999494757503,0.0005000000237487257,2.4575270799687132e-05
142737408,0.05000000074505806,3.680612564086914,0.16562756896018982,0.0020334566943347454,-7.126900672912598,29.050203323364258,0.00019999999494757503,0.0005000000237487257,1.2898197383037768e-05
142802944,0.05000000074505806,3.6530208587646484,0.16438594460487366,0.0019534882158041,-7.126341342926025,26.67259407043457,0.00019999999494757503,0.0005000000237487257,4.2555443542369176e-06
142868480,0.05000000074505806,3.2054903507232666,0.14424706995487213,0.0015288150170817971,-7.127438068389893,26.394397735595703,0.00019999999494757503,0.0005000000237487257,1.200968381454004e-05
142934016,0.05000000074505806,3.141334056854248,0.14136004447937012,0.0020771522540599108,-7.128584861755371,29.807575225830078,0.00019999999494757503,0.0005000000237487257,9.536628567730077e-06
142999552,0.05000000074505806,1.3696041107177734,0.0616321861743927,0.00206865556538105,-7.12786865234375,32.271873474121094,0.00019999999494757503,0.0005000000237487257,3.5260312870377675e-05
143065088,0.05000000074505806,0.5930802822113037,0.02668861299753189,0.0023467205464839935,-7.128897190093994,32.2926025390625,0.00019999999494757503,0.0005000000237487257,1.6822779798530973e-05
143130624,0.05000000074505806,1.081342339515686,0.048660408705472946,0.0021127399522811174,-7.125678062438965,22.39615821838379,0.00019999999494757503,0.0005000000237487257,1.0065741662401706e-05
143196160,0.05000000074505806,1.75345778465271,0.0789056047797203,0.0023662224411964417,-7.128149032592773,29.147817611694336,0.00019999999494757503,0.0005000000237487257,6.6230841184733436e-06
143261696,0.05000000074505806,1.7630765438079834,0.0793384462594986,0.001983101712539792,-7.129929542541504,23.044416427612305,0.00019999999494757503,0.0005000000237487257,1.0310729521734174e-05
143327232,0.05000000074505806,1.0359845161437988,0.04661930352449417,0.0022370850201696157,-7.127111434936523,25.522769927978516,0.00019999999494757503,0.0005000000237487257,0.0002583051682449877
143392768,0.05000000074505806,0.9060877561569214,0.04077395051717758,0.001765939756296575,-7.128551959991455,27.057035446166992,0.00019999999494757503,0.0005000000237487257,0.0006683028186671436
143458304,0.05000000074505806,0.8424360752105713,0.037909623235464096,0.0016326516633853316,-7.127739906311035,23.89580535888672,0.00019999999494757503,0.0005000000237487257,7.28375744074583e-05
143523840,0.05000000074505806,1.2546381950378418,0.056458719074726105,0.0026722087059170008,-7.123984336853027,34.27854537963867,0.00019999999494757503,0.0005000000237487257,1.625074219191447e-05
143589376,0.05000000074505806,1.1692770719528198,0.05261746793985367,0.0019176583737134933,-7.124447345733643,26.446842193603516,0.00019999999494757503,0.0005000000237487257,2.095855597872287e-05
143654912,0.05000000074505806,0.7098482847213745,0.031943172216415405,0.002078274730592966,-7.124234199523926,24.760894775390625,0.00019999999494757503,0.0005000000237487257,8.923486893763766e-05
143720448,0.05000000074505806,0.5340293645858765,0.024031320586800575,0.0019117266638204455,-7.122715950012207,25.16434669494629,0.00019999999494757503,0.0005000000237487257,0.00022875139256939292
143785984,0.05000000074505806,0.6339119672775269,0.02852603979408741,0.0019446898950263858,-7.124215126037598,23.788915634155273,0.00019999999494757503,0.0005000000237487257,6.816732638981193e-05
143851520,0.05000000074505806,0.5085192918777466,0.022883368656039238,0.00211865222081542,-7.121914386749268,25.426414489746094,0.00019999999494757503,0.0005000000237487257,3.640201248344965e-05
143917056,0.05000000074505806,0.7688938975334167,0.03460022434592247,0.0024125860072672367,-7.125266075134277,25.715478897094727,0.00019999999494757503,0.0005000000237487257,8.570615318603814e-05
143982592,0.05000000074505806,0.6699275374412537,0.03014674037694931,0.0021369578316807747,-7.127673149108887,22.443395614624023,0.00019999999494757503,0.0005000000237487257,4.4576645450433716e-05
144048128,0.05000000074505806,0.6824055314064026,0.030708247795701027,0.0023137687239795923,-7.123973369598389,23.761051177978516,0.00019999999494757503,0.0005000000237487257,0.00015956541756168008
144113664,0.05000000074505806,1.2960394620895386,0.05832177773118019,0.002391903195530176,-7.121323585510254,27.58744239807129,0.00019999999494757503,0.0005000000237487257,6.782119453419e-05
144179200,0.05000000074505806,1.0744624137878418,0.04835081100463867,0.002021949039772153,-7.121449947357178,29.261661529541016,0.00019999999494757503,0.0005000000237487257,2.2999342036200687e-05
144244736,0.05000000074505806,0.6867398023605347,0.030903290957212448,0.002362205181270838,-7.122259616851807,21.56644630432129,0.00019999999494757503,0.0005000000237487257,0.00012021798465866596
144310272,0.05000000074505806,3.4924867153167725,0.1571618914604187,0.0025106219109147787,-7.128432273864746,33.671142578125,0.00019999999494757503,0.0005000000237487257,2.3246524506248534e-05
144375808,0.05000000074505806,3.7796988487243652,0.17008647322654724,0.002065341453999281,-7.128814697265625,33.21350860595703,0.00019999999494757503,0.0005000000237487257,8.70581698109163e-06
144441344,0.05000000074505806,3.803037643432617,0.17113669216632843,0.0018228908302262425,-7.127948760986328,23.763851165771484,0.00019999999494757503,0.0005000000237487257,4.499489932641154e-06
144506880,0.05000000074505806,3.4022979736328125,0.15310342609882355,0.0017739025643095374,-7.129283905029297,26.133678436279297,0.00019999999494757503,0.0005000000237487257,1.0141278835362755e-05
144572416,0.05000000074505806,3.3937573432922363,0.15271909534931183,0.001715609454549849,-7.132205963134766,32.354915618896484,0.00019999999494757503,0.0005000000237487257,1.2589603102242108e-05
144637952,0.05000000074505806,1.488938570022583,0.06700222939252853,0.0019506935495883226,-7.130350112915039,32.15398025512695,0.00019999999494757503,0.0005000000237487257,3.592332359403372e-05
144703488,0.05000000074505806,0.6315979361534119,0.028421906754374504,0.0024447934702038765,-7.127431869506836,27.86390495300293,0.00019999999494757503,0.0005000000237487257,1.5741801689728163e-05
144769024,0.05000000074505806,1.0687124729156494,0.048092059791088104,0.0021092502865940332,-7.125784397125244,24.445714950561523,0.00019999999494757503,0.0005000000237487257,1.0623708476487081e-05
144834560,0.05000000074505806,1.65195894241333,0.0743381530046463,0.0020447303541004658,-7.125959873199463,21.675357818603516,0.00019999999494757503,0.0005000000237487257,9.638645678933244e-06
144900096,0.05000000074505806,2.0857067108154297,0.0938568040728569,0.002084484789520502,-7.124405860900879,23.24854278564453,0.00019999999494757503,0.0005000000237487257,1.1730764526873827e-05
144965632,0.05000000074505806,1.1836780309677124,0.053265515714883804,0.0025406519416719675,-7.125428199768066,23.08211898803711,0.00019999999494757503,0.0005000000237487257,0.00015240559878293425
145031168,0.05000000074505806,0.9442672729492188,0.042492032051086426,0.002106288680806756,-7.125332355499268,26.663480758666992,0.00019999999494757503,0.0005000000237487257,0.00042226581717841327
145096704,0.05000000074505806,0.8845658898353577,0.039805468171834946,0.0021323971450328827,-7.129537105560303,28.10982322692871,0.00019999999494757503,0.0005000000237487257,8.355391764780506e-05
145162240,0.05000000074505806,1.1497102975845337,0.05173696205019951,0.002165870275348425,-7.1284685134887695,27.33440589904785,0.00019999999494757503,0.0005000000237487257,3.306609141873196e-05
145227776,0.05000000074505806,1.6497225761413574,0.07423751056194305,0.0021013852674514055,-7.126039505004883,23.818695068359375,0.00019999999494757503,0.0005000000237487257,1.3237779967312235e-05
145293312,0.05000000074505806,0.9375463724136353,0.0421895906329155,0.002218645066022873,-7.126278400421143,29.533504486083984,0.00019999999494757503,0.0005000000237487257,3.911045496352017e-05
145358848,0.05000000074505806,0.5176405906677246,0.02329382672905922,0.0016334682004526258,-7.125908851623535,23.19108772277832,0.00019999999494757503,0.0005000000237487257,9.922112803906202e-05
145424384,0.05000000074505806,0.44630929827690125,0.020083919167518616,0.0023178372066468,-7.1260986328125,20.571372985839844,0.00019999999494757503,0.0005000000237487257,5.555001553148031e-05
145489920,0.05000000074505806,0.4710591733455658,0.021197665482759476,0.0024080113507807255,-7.1256608963012695,24.02640151977539,0.00019999999494757503,0.0005000000237487257,3.236736301914789e-05
145555456,0.05000000074505806,1.1447601318359375,0.05151420831680298,0.0024377864319831133,-7.127538204193115,25.254261016845703,0.00019999999494757503,0.0005000000237487257,4.092441304237582e-05
145620992,0.05000000074505806,0.7342442274093628,0.03304099291563034,0.001871940097771585,-7.129122734069824,26.459182739257812,0.00019999999494757503,0.0005000000237487257,3.1777366530150175e-05
145686528,0.05000000074505806,0.8744094371795654,0.039348430931568146,0.0018117929575964808,-7.128759384155273,23.269775390625,0.00019999999494757503,0.0005000000237487257,0.00011257597361691296
145752064,0.05000000074505806,1.2864675521850586,0.057891033589839935,0.0025350088253617287,-7.127695560455322,27.537818908691406,0.00019999999494757503,0.0005000000237487257,5.694796345778741e-05
145817600,0.05000000074505806,1.3886804580688477,0.062490615993738174,0.002125293482095003,-7.129814147949219,27.398296356201172,0.00019999999494757503,0.0005000000237487257,3.186280810041353e-05
145883136,0.05000000074505806,0.6940890550613403,0.031234007328748703,0.002334835473448038,-7.128447532653809,24.586040496826172,0.00019999999494757503,0.0005000000237487257,0.00024097657296806574
145948672,0.05000000074505806,3.532015323638916,0.15894070267677307,0.002668482717126608,-7.129829406738281,34.18132400512695,0.00019999999494757503,0.0005000000237487257,2.724534715525806e-05
146014208,0.05000000074505806,3.8027420043945312,0.17112340033054352,0.0018041300354525447,-7.130965232849121,34.360496520996094,0.00019999999494757503,0.0005000000237487257,1.328472080786014e-05
146079744,0.05000000074505806,3.708151340484619,0.16686682403087616,0.001957407221198082,-7.130118370056152,26.959814071655273,0.00019999999494757503,0.0005000000237487257,5.01133899888373e-06
146145280,0.05000000074505806,3.3907487392425537,0.15258370339870453,0.0018176243174821138,-7.12697172164917,21.729644775390625,0.00019999999494757503,0.0005000000237487257,8.08633012638893e-06
146210816,0.05000000074505806,3.2789459228515625,0.14755257964134216,0.0017866191919893026,-7.126846790313721,23.21718406677246,0.00019999999494757503,0.0005000000237487257,9.982320079870988e-06
146276352,0.05000000074505806,1.411252737045288,0.06350637972354889,0.001641366514377296,-7.124797821044922,29.920146942138672,0.00019999999494757503,0.0005000000237487257,4.2148185457335785e-05
146341888,0.05000000074505806,0.508736789226532,0.022893156856298447,0.0017644595354795456,-7.127870082855225,29.5008487701416,0.00019999999494757503,0.0005000000237487257,1.7350283087580465e-05
146407424,0.05000000074505806,0.812106192111969,0.03654477745294571,0.001768415910191834,-7.126867294311523,25.096799850463867,0.00019999999494757503,0.0005000000237487257,1.1207477655261755e-05
146472960,0.05000000074505806,1.7467612028121948,0.07860425859689713,0.002554353792220354,-7.128586292266846,32.05475616455078,0.00019999999494757503,0.0005000000237487257,8.754513146413956e-06
146538496,0.05000000074505806,1.1438145637512207,0.05147165432572365,0.0020132255740463734,-7.127665042877197,22.57207489013672,0.00019999999494757503,0.0005000000237487257,1.5898593119345605e-05
146604032,0.05000000074505806,0.787531316280365,0.035438910126686096,0.0023996736854314804,-7.1260247230529785,30.555553436279297,0.00019999999494757503,0.0005000000237487257,0.0007374893757514656
146669568,0.05000000074505806,0.6482300758361816,0.029170354828238487,0.0019175298511981964,-7.128437042236328,31.03148651123047,0.00019999999494757503,0.0005000000237487257,0.0008309744880534708
146735104,0.05000000074505806,0.5996752977371216,0.02698538824915886,0.002250592689961195,-7.1291985511779785,23.888809204101562,0.00019999999494757503,0.0005000000237487257,0.00014430680312216282
146800640,0.05000000074505806,0.9188622832298279,0.04134880378842354,0.002040587132796645,-7.129359722137451,20.19243621826172,0.00019999999494757503,0.0005000000237487257,4.895738311461173e-05
146866176,0.05000000074505806,1.2151517868041992,0.05468183010816574,0.001705663395114243,-7.126181602478027,26.56209945678711,0.00019999999494757503,0.0005000000237487257,1.7702712284517474e-05
146931712,0.05000000074505806,0.7201763391494751,0.032407939434051514,0.0019906554371118546,-7.128598213195801,27.083696365356445,0.00019999999494757503,0.0005000000237487257,0.00014831127191428095
146997248,0.05000000074505806,0.5056797862052917,0.022755589336156845,0.0020861111115664244,-7.128114700317383,23.92217254638672,0.00019999999494757503,0.0005000000237487257,0.0005402671522460878
147062784,0.05000000074505806,0.512223482131958,0.023050058633089066,0.002258127322420478,-7.128910541534424,21.165210723876953,0.00019999999494757503,0.0005000000237487257,0.00014575872046407312
147128320,0.05000000074505806,0.5115227699279785,0.023018525913357735,0.0024211497511714697,-7.126725196838379,21.97594451904297,0.00019999999494757503,0.0005000000237487257,5.6838915043044835e-05
147193856,0.05000000074505806,0.8453713655471802,0.03804170712828636,0.0024501574225723743,-7.128506660461426,22.3619327545166,0.00019999999494757503,0.0005000000237487257,6.159315671538934e-05
147259392,0.05000000074505806,0.6039933562278748,0.027179701253771782,0.0018869505729526281,-7.127050399780273,27.664854049682617,0.00019999999494757503,0.0005000000237487257,7.341655873460695e-05
147324928,0.05000000074505806,0.6198412179946899,0.027892857789993286,0.003228980815038085,-7.125882625579834,31.054492950439453,0.00019999999494757503,0.0005000000237487257,0.0002180322480853647
147390464,0.05000000074505806,0.5195747017860413,0.023380862548947334,0.0025317887775599957,-7.124516487121582,25.449604034423828,0.00019999999494757503,0.0005000000237487257,8.899482054403052e-05
147456000,0.05000000074505806,1.2313315868377686,0.05540992319583893,0.0019767088815569878,-7.124204635620117,28.618637084960938,0.00019999999494757503,0.0005000000237487257,2.3879712898633443e-05
147521536,0.05000000074505806,0.7551975846290588,0.03398388996720314,0.0018642903305590153,-7.125796794891357,25.632627487182617,0.00019999999494757503,0.0005000000237487257,0.00014995023957453668
147587072,0.05000000074505806,3.3638720512390137,0.15137425065040588,0.00204794411547482,-7.131412982940674,40.30699920654297,0.00019999999494757503,0.0005000000237487257,2.56531493505463e-05
147652608,0.05000000074505806,3.7016096115112305,0.1665724515914917,0.0020398986525833607,-7.130936622619629,31.837087631225586,0.00019999999494757503,0.0005000000237487257,1.3926711289968807e-05
147718144,0.05000000074505806,3.632063865661621,0.16344287991523743,0.0021981752943247557,-7.130294322967529,29.233963012695312,0.00019999999494757503,0.0005000000237487257,5.5919354053912684e-06
147783680,0.05000000074505806,3.1804537773132324,0.1431204378604889,0.0018193310825154185,-7.129701137542725,34.06837463378906,0.00019999999494757503,0.0005000000237487257,5.8241876104148105e-06
147849216,0.05000000074505806,3.1759033203125,0.14291565120220184,0.002096497220918536,-7.129968643188477,39.6446418762207,0.00019999999494757503,0.0005000000237487257,1.3741315342485905e-05
147914752,0.05000000074505806,1.3906776905059814,0.06258048862218857,0.0018618733156472445,-7.130504608154297,36.12775802612305,0.00019999999494757503,0.0005000000237487257,4.437661846168339e-05
147980288,0.05000000074505806,0.6806730031967163,0.030630288645625114,0.002675754949450493,-7.132032871246338,36.07390213012695,0.00019999999494757503,0.0005000000237487257,1.6749247151892632e-05
148045824,0.05000000074505806,1.144216775894165,0.051489751785993576,0.002055315999314189,-7.130908489227295,23.36440658569336,0.00019999999494757503,0.0005000000237487257,1.4448702131630853e-05
148111360,0.05000000074505806,2.2648701667785645,0.10191915929317474,0.0018296497873961926,-7.1291422843933105,22.547021865844727,0.00019999999494757503,0.0005000000237487257,9.523669177724514e-06
148176896,0.05000000074505806,1.8133831024169922,0.08160224556922913,0.0023070562165230513,-7.127556324005127,24.406116485595703,0.00019999999494757503,0.0005000000237487257,1.3257134014565963e-05
148242432,0.05000000074505806,0.8676412105560303,0.0390438586473465,0.001802187878638506,-7.128015995025635,27.389877319335938,0.00019999999494757503,0.0005000000237487257,0.001449802191928029
148307968,0.05000000074505806,0.6929344534873962,0.031182050704956055,0.0019094381714239717,-7.127103805541992,31.240921020507812,0.00019999999494757503,0.0005000000237487257,0.002152214292436838
148373504,0.05000000074505806,0.6058396100997925,0.027262786403298378,0.0018882787553593516,-7.127704620361328,22.4405460357666,0.00019999999494757503,0.0005000000237487257,0.00015981537580955774
148439040,0.05000000074505806,0.7696241140365601,0.0346330851316452,0.0018517234129831195,-7.130894184112549,21.41286277770996,0.00019999999494757503,0.0005000000237487257,5.02917573612649e-05
148504576,0.05000000074505806,1.0764093399047852,0.0484384223818779,0.0019972538575530052,-7.1310906410217285,23.65053939819336,0.00019999999494757503,0.0005000000237487257,1.7063122868421488e-05
148570112,0.05000000074505806,0.7641416192054749,0.034386374056339264,0.002161478390917182,-7.132871150970459,33.74201583862305,0.00019999999494757503,0.0005000000237487257,8.027011062949896e-05
148635648,0.05000000074505806,0.49510854482650757,0.022279884666204453,0.0021164182107895613,-7.128883361816406,18.860694885253906,0.00019999999494757503,0.0005000000237487257,0.0010020695626735687
148701184,0.05000000074505806,0.5282620191574097,0.023771794512867928,0.0021857351530343294,-7.122229099273682,20.097946166992188,0.00019999999494757503,0.0005000000237487257,0.0005008461885154247
148766720,0.05000000074505806,0.5178633332252502,0.02330384962260723,0.002108368556946516,-7.122316360473633,23.17999267578125,0.00019999999494757503,0.0005000000237487257,0.00010360551095800474
148832256,0.05000000074505806,1.252363920211792,0.05635637789964676,0.001969455974176526,-7.121682167053223,28.209453582763672,0.00019999999494757503,0.0005000000237487257,0.00011316744348732755
148897792,0.05000000074505806,1.001766324043274,0.045079488307237625,0.0020476747304201126,-7.122856140136719,29.505905151367188,0.00019999999494757503,0.0005000000237487257,2.8427772122086026e-05
148963328,0.05000000074505806,0.5434423089027405,0.024454906582832336,0.0022906502708792686,-7.122097492218018,22.939802169799805,0.00019999999494757503,0.0005000000237487257,0.00018506951164454222
149028864,0.05000000074505806,0.710773229598999,0.03198479861021042,0.00253192032687366,-7.120474815368652,25.88803482055664,0.00019999999494757503,0.0005000000237487257,0.00016502283688168973
149094400,0.05000000074505806,0.8272473812103271,0.03722613677382469,0.0021765476558357477,-7.120939254760742,29.69355583190918,0.00019999999494757503,0.0005000000237487257,4.0329687180928886e-05
149159936,0.05000000074505806,0.5883470773696899,0.026475615799427032,0.0024393575731664896,-7.120719909667969,28.044979095458984,0.00019999999494757503,0.0005000000237487257,0.0002278980246046558
149225472,0.05000000074505806,3.4848227500915527,0.15681703388690948,0.0021344549022614956,-7.122777462005615,34.986366271972656,0.00019999999494757503,0.0005000000237487257,2.3969887479324825e-05
149291008,0.05000000074505806,3.740381956100464,0.16831718385219574,0.002053225180134177,-7.1252546310424805,31.014619827270508,0.00019999999494757503,0.0005000000237487257,1.1192804777238052e-05
149356544,0.05000000074505806,3.755190134048462,0.1689835786819458,0.0030100850854068995,-7.125696659088135,27.367168426513672,0.00019999999494757503,0.0005000000237487257,5.316623173712287e-06
149422080,0.05000000074505806,3.404658794403076,0.1532096415758133,0.001948244171217084,-7.12802267074585,24.389184951782227,0.00019999999494757503,0.0005000000237487257,1.0384333108959254e-05
149487616,0.05000000074505806,3.369825839996338,0.15164217352867126,0.0022270148620009422,-7.129858493804932,28.726167678833008,0.00019999999494757503,0.0005000000237487257,8.994479685497936e-06
149553152,0.05000000074505806,1.436737298965454,0.0646531730890274,0.0018097739666700363,-7.131416320800781,28.662216186523438,0.00019999999494757503,0.0005000000237487257,3.569881300791167e-05
149618688,0.05000000074505806,0.7386218905448914,0.03323798626661301,0.0021996544674038887,-7.133701324462891,25.52127456665039,0.00019999999494757503,0.0005000000237487257,1.6463980500702746e-05
149684224,0.05000000074505806,1.3292653560638428,0.05981694534420967,0.0019605369307100773,-7.132084369659424,23.129703521728516,0.00019999999494757503,0.0005000000237487257,1.0124190339411143e-05
149749760,0.05000000074505806,2.239013671875,0.10075562447309494,0.002407520078122616,-7.129278182983398,27.878602981567383,0.00019999999494757503,0.0005000000237487257,9.04019907466136e-06
149815296,0.05000000074505806,2.4478554725646973,0.11015351116657257,0.002347297966480255,-7.127432823181152,26.62255096435547,0.00019999999494757503,0.0005000000237487257,1.5547389921266586e-05
149880832,0.05000000074505806,1.121978521347046,0.050489041954278946,0.002136989962309599,-7.1304545402526855,21.754972457885742,0.00019999999494757503,0.0005000000237487257,0.0008178161806426942
149946368,0.05000000074505806,0.8423606753349304,0.037906233221292496,0.0015144565841183066,-7.133585453033447,21.768611907958984,0.00019999999494757503,0.0005000000237487257,0.00170088408049196
150011904,0.05000000074505806,0.7537979483604431,0.03392091020941734,0.0023887339048087597,-7.133079528808594,24.693111419677734,0.00019999999494757503,0.0005000000237487257,0.00016749268979765475
150077440,0.05000000074505806,1.3512049913406372,0.06080423295497894,0.00188484787940979,-7.130590915679932,22.479217529296875,0.00019999999494757503,0.0005000000237487257,6.14249802310951e-05
150142976,0.05000000074505806,1.6719551086425781,0.07523798197507858,0.0015698486240580678,-7.129935264587402,22.484317779541016,0.00019999999494757503,0.0005000000237487257,1.89830461749807e-05
150208512,0.05000000074505806,0.9562212228775024,0.04302995651960373,0.0016567016718909144,-7.130571365356445,23.133865356445312,0.00019999999494757503,0.0005000000237487257,6.40385624137707e-05
150274048,0.05000000074505806,0.5646712779998779,0.025410208851099014,0.002413923153653741,-7.131075859069824,27.66144561767578,0.00019999999494757503,0.0005000000237487257,0.0003868616768158972
150339584,0.05000000074505806,0.5865638256072998,0.026395371183753014,0.002796409884467721,-7.129741668701172,25.5844783782959,0.00019999999494757503,0.0005000000237487257,0.00019644861458800733
150405120,0.05000000074505806,0.6520500183105469,0.029342252761125565,0.0022679297253489494,-7.125539302825928,24.919052124023438,0.00019999999494757503,0.0005000000237487257,5.980409696348943e-05
150470656,0.05000000074505806,0.781360387802124,0.03516121953725815,0.0026885615661740303,-7.122652530670166,26.616161346435547,0.00019999999494757503,0.0005000000237487257,0.0001073807361535728
150536192,0.05000000074505806,0.5843819975852966,0.0262971930205822,0.0019339194986969233,-7.124746799468994,28.69599151611328,0.00019999999494757503,0.0005000000237487257,4.5861997932661325e-05
150601728,0.05000000074505806,0.5593627095222473,0.025171324610710144,0.002284950576722622,-7.118783473968506,23.768600463867188,0.00019999999494757503,0.0005000000237487257,9.865860920399427e-05
150667264,0.05000000074505806,0.9139441251754761,0.041127488017082214,0.002032014075666666,-7.121589660644531,22.64708709716797,0.00019999999494757503,0.0005000000237487257,9.012744703795761e-05
150732800,0.05000000074505806,0.6525295972824097,0.029363835230469704,0.0017906324937939644,-7.120666980743408,25.75749397277832,0.00019999999494757503,0.0005000000237487257,2.3731612600386143e-05
150798336,0.05000000074505806,0.6692115068435669,0.030114522203803062,0.002183549804612994,-7.120508193969727,23.395620346069336,0.00019999999494757503,0.0005000000237487257,0.00015323211846407503
150863872,0.05000000074505806,3.4178099632263184,0.15380144119262695,0.004340985789895058,-7.125943183898926,32.24955368041992,0.00019999999494757503,0.0005000000237487257,2.544513699831441e-05
150929408,0.05000000074505806,3.863919496536255,0.17387637495994568,0.0019887948874384165,-7.124892234802246,33.06871795654297,0.00019999999494757503,0.0005000000237487257,1.1835001714644022e-05
150994944,0.05000000074505806,3.8744473457336426,0.17435012757778168,0.0021938576828688383,-7.1199493408203125,23.492361068725586,0.00019999999494757503,0.0005000000237487257,4.660185368265957e-06
151060480,0.05000000074505806,3.651637315750122,0.16432368755340576,0.00183274841401726,-7.121724605560303,22.543596267700195,0.00019999999494757503,0.0005000000237487257,7.16889371688012e-06
151126016,0.05000000074505806,3.700286626815796,0.16651292145252228,0.0018334499327465892,-7.121778964996338,31.21685791015625,0.00019999999494757503,0.0005000000237487257,9.978219168260694e-06
151191552,0.05000000074505806,1.5716137886047363,0.07072262465953827,0.0028485285583883524,-7.123828887939453,33.936649322509766,0.00019999999494757503,0.0005000000237487257,4.085614637006074e-05
151257088,0.05000000074505806,0.7149669528007507,0.0321735143661499,0.001614919863641262,-7.12661075592041,22.381681442260742,0.00019999999494757503,0.0005000000237487257,1.9923438230762258e-05
151322624,0.05000000074505806,1.0655332803726196,0.04794899374246597,0.0022220774553716183,-7.12853479385376,27.29812240600586,0.00019999999494757503,0.0005000000237487257,1.0528595339565072e-05
151388160,0.05000000074505806,1.9283883571624756,0.0867774710059166,0.0021502901799976826,-7.129732608795166,26.264999389648438,0.00019999999494757503,0.0005000000237487257,8.492291271977592e-06
151453696,0.05000000074505806,1.5289411544799805,0.0688023492693901,0.0023011001758277416,-7.129827499389648,28.713214874267578,0.00019999999494757503,0.0005000000237487257,1.2160942787886597e-05
151519232,0.05000000074505806,0.9458714723587036,0.04256421700119972,0.0022915948648005724,-7.127673149108887,26.975942611694336,0.00019999999494757503,0.0005000000237487257,0.0005941622657701373
151584768,0.05000000074505806,0.7608135938644409,0.034236613661050797,0.0016093276208266616,-7.130177021026611,21.436304092407227,0.00019999999494757503,0.0005000000237487257,0.000997990369796753
151650304,0.05000000074505806,0.6935044527053833,0.031207703053951263,0.00195903773419559,-7.129899978637695,27.728164672851562,0.00019999999494757503,0.0005000000237487257,0.00011516637459862977
151715840,0.05000000074505806,1.005922794342041,0.0452665276825428,0.0019441446056589484,-7.129659652709961,26.1381893157959,0.00019999999494757503,0.0005000000237487257,2.0604360543075018e-05
151781376,0.05000000074505806,0.9109925627708435,0.04099467024207115,0.0017331470735371113,-7.130553245544434,20.925085067749023,0.00019999999494757503,0.0005000000237487257,2.1853633370483294e-05
151846912,0.05000000074505806,0.6010277271270752,0.027046246454119682,0.002235462423413992,-7.130465984344482,24.861656188964844,0.00019999999494757503,0.0005000000237487257,0.0002493330684956163
151912448,0.05000000074505806,0.5816227793693542,0.026173025369644165,0.0026975315995514393,-7.127878665924072,29.11232566833496,0.00019999999494757503,0.0005000000237487257,0.0003476585552562028
151977984,0.05000000074505806,0.6624953150749207,0.029812289401888847,0.001894274726510048,-7.124101161956787,20.364843368530273,0.00019999999494757503,0.0005000000237487257,6.242687231861055e-05
152043520,0.05000000074505806,0.6088912487030029,0.02740010805428028,0.0022203263361006975,-7.127195358276367,27.53055763244629,0.00019999999494757503,0.0005000000237487257,2.6859976060222834e-05
152109056,0.05000000074505806,0.6339848637580872,0.028529316186904907,0.002140042372047901,-7.127893447875977,23.70897102355957,0.00019999999494757503,0.0005000000237487257,3.2527270377613604e-05
152174592,0.05000000074505806,0.5695928335189819,0.025631679221987724,0.0020294440910220146,-7.126815319061279,21.131010055541992,0.00019999999494757503,0.0005000000237487257,5.562463411479257e-05
152240128,0.05000000074505806,0.499161034822464,0.02246224693953991,0.0023327742237597704,-7.125428199768066,27.611345291137695,0.00019999999494757503,0.0005000000237487257,5.851948299095966e-05
152305664,0.05000000074505806,0.9151468873023987,0.04118161275982857,0.001980916364118457,-7.1269402503967285,27.44127655029297,0.00019999999494757503,0.0005000000237487257,4.594635174726136e-05
152371200,0.05000000074505806,1.477702260017395,0.06649661809206009,0.0019752997905015945,-7.125788688659668,23.77618408203125,0.00019999999494757503,0.0005000000237487257,1.5685676771681756e-05
152436736,0.05000000074505806,0.8004438877105713,0.03601997718214989,0.002443320117890835,-7.12467098236084,22.237043380737305,0.00019999999494757503,0.0005000000237487257,7.296775584109128e-05
152502272,0.05000000074505806,3.438671827316284,0.15474025905132294,0.0019539387430995703,-7.130069255828857,30.557079315185547,0.00019999999494757503,0.0005000000237487257,2.0512970877462067e-05
152567808,0.05000000074505806,3.7797441482543945,0.1700884997844696,0.0022419907618314028,-7.132756233215332,36.855838775634766,0.00019999999494757503,0.0005000000237487257,8.373049240617547e-06
152633344,0.05000000074505806,3.8252065181732178,0.17213429510593414,0.0021842001006007195,-7.127647399902344,24.357929229736328,0.00019999999494757503,0.0005000000237487257,3.656864464574028e-06
152698880,0.05000000074505806,3.567903757095337,0.1605556756258011,0.0017200547736138105,-7.127396106719971,26.913177490234375,0.00019999999494757503,0.0005000000237487257,1.1963324141106568e-05
152764416,0.05000000074505806,3.614326000213623,0.16264469921588898,0.001744050532579422,-7.13047456741333,28.7969970703125,0.00019999999494757503,0.0005000000237487257,1.0638874300639145e-05
152829952,0.05000000074505806,1.5673930644989014,0.07053269445896149,0.0016862933989614248,-7.13246488571167,27.490644454956055,0.00019999999494757503,0.0005000000237487257,4.027876639156602e-05
152895488,0.05000000074505806,0.7058701515197754,0.031764160841703415,0.001981502864509821,-7.132683277130127,23.97110939025879,0.00019999999494757503,0.0005000000237487257,1.6011139450711198e-05
152961024,0.05000000074505806,1.3898861408233643,0.06254488229751587,0.0023669858928769827,-7.132970333099365,25.144920349121094,0.00019999999494757503,0.0005000000237487257,7.283187187567819e-06
153026560,0.05000000074505806,2.117194652557373,0.09527377039194107,0.002254319842904806,-7.133255958557129,25.22164535522461,0.00019999999494757503,0.0005000000237487257,6.581822162843309e-06
153092096,0.05000000074505806,2.181366443634033,0.0981614962220192,0.002282670233398676,-7.130625247955322,27.687318801879883,0.00019999999494757503,0.0005000000237487257,8.96603160072118e-06
153157632,0.05000000074505806,1.1652923822402954,0.0524381585419178,0.002447823528200388,-7.129409313201904,25.493488311767578,0.00019999999494757503,0.0005000000237487257,0.0008285639341920614
153223168,0.05000000074505806,0.971595287322998,0.04372179135680199,0.001815469586290419,-7.131745338439941,29.112823486328125,0.00019999999494757503,0.0005000000237487257,0.001712788362056017
153288704,0.05000000074505806,0.8362846374511719,0.037632815539836884,0.0018977400613948703,-7.1302971839904785,25.25448226928711,0.00019999999494757503,0.0005000000237487257,0.0001343697658739984
153354240,0.05000000074505806,1.1444119215011597,0.05149853602051735,0.0029858520720154047,-7.128469467163086,29.372135162353516,0.00019999999494757503,0.0005000000237487257,3.611427018768154e-05
153419776,0.05000000074505806,1.54990816116333,0.06974586844444275,0.0021097040735185146,-7.126229763031006,22.612958908081055,0.00019999999494757503,0.0005000000237487257,1.0624490641930606e-05
153485312,0.05000000074505806,0.889945387840271,0.040047548711299896,0.0023293800186365843,-7.127151012420654,32.506805419921875,0.00019999999494757503,0.0005000000237487257,5.3266056056600064e-05
153550848,0.05000000074505806,0.5663724541664124,0.025486763566732407,0.0018394113285467029,-7.127091407775879,21.50591468811035,0.00019999999494757503,0.0005000000237487257,0.0002695612784009427
153616384,0.05000000074505806,0.5694685578346252,0.025626087561249733,0.0027155443094670773,-7.126625061035156,27.3267822265625,0.00019999999494757503,0.0005000000237487257,0.00011787975381594151
153681920,0.05000000074505806,0.6236848831176758,0.028065819293260574,0.002410715213045478,-7.124680519104004,26.170989990234375,0.00019999999494757503,0.0005000000237487257,5.241477265371941e-05
153747456,0.05000000074505806,0.9986969828605652,0.044941361993551254,0.0019581918604671955,-7.122018814086914,22.320796966552734,0.00019999999494757503,0.0005000000237487257,2.1994461349095218e-05
153812992,0.05000000074505806,0.7927013039588928,0.03567156195640564,0.0019687472376972437,-7.120235919952393,22.61027717590332,0.00019999999494757503,0.0005000000237487257,3.2267307688016444e-05
153878528,0.05000000074505806,0.5160782337188721,0.0232235174626112,0.002295993734151125,-7.119204044342041,22.410295486450195,0.00019999999494757503,0.0005000000237487257,0.00010358821600675583
153944064,0.05000000074505806,0.6137167811393738,0.027617255225777626,0.002480982569977641,-7.117681503295898,22.02503204345703,0.00019999999494757503,0.0005000000237487257,6.062931788619608e-05
154009600,0.05000000074505806,0.8867834210395813,0.039905257523059845,0.002133198082447052,-7.119600296020508,19.872859954833984,0.00019999999494757503,0.0005000000237487257,2.3305950890062377e-05
154075136,0.05000000074505806,0.6922934651374817,0.031153207644820213,0.0020440665539354086,-7.116972923278809,26.806671142578125,0.00019999999494757503,0.0005000000237487257,0.00030223693465813994
154140672,0.05000000074505806,3.3977105617523193,0.15289698541164398,0.0027634683065116405,-7.124667167663574,37.16279602050781,0.00019999999494757503,0.0005000000237487257,2.213504194514826e-05
154206208,0.05000000074505806,3.8737192153930664,0.1743173748254776,0.0023131933994591236,-7.125025272369385,29.138240814208984,0.00019999999494757503,0.0005000000237487257,1.3440035218081903e-05
154271744,0.05000000074505806,3.8800859451293945,0.1746038794517517,0.0024925265461206436,-7.123655319213867,22.898733139038086,0.00019999999494757503,0.0005000000237487257,4.584174348565284e-06
154337280,0.05000000074505806,3.678325891494751,0.1655246615409851,0.001795605756342411,-7.125369548797607,32.464752197265625,0.00019999999494757503,0.0005000000237487257,8.650079507788178e-06
154402816,0.05000000074505806,3.7075562477111816,0.16684001684188843,0.0017377424519509077,-7.127268314361572,25.5655574798584,0.00019999999494757503,0.0005000000237487257,9.535521712678019e-06
154468352,0.05000000074505806,1.609337568283081,0.07242020219564438,0.001690434874035418,-7.127010345458984,29.97568130493164,0.00019999999494757503,0.0005000000237487257,3.893527900800109e-05
154533888,0.05000000074505806,0.825411856174469,0.037143535912036896,0.002098372206091881,-7.129725933074951,26.424816131591797,0.00019999999494757503,0.0005000000237487257,2.320361090824008e-05
154599424,0.05000000074505806,1.037908673286438,0.04670589789748192,0.0022363578900694847,-7.130054473876953,23.39927864074707,0.00019999999494757503,0.0005000000237487257,1.3441750525089446e-05
154664960,0.05000000074505806,1.9141968488693237,0.08613885939121246,0.0021825956646353006,-7.1309661865234375,24.331789016723633,0.00019999999494757503,0.0005000000237487257,7.642621312697884e-06
154730496,0.05000000074505806,2.3113579750061035,0.10401111841201782,0.0019871958065778017,-7.12722110748291,23.042755126953125,0.00019999999494757503,0.0005000000237487257,1.2917251297039911e-05
154796032,0.05000000074505806,1.2161813974380493,0.05472816526889801,0.0023844882380217314,-7.132087707519531,26.473310470581055,0.00019999999494757503,0.0005000000237487257,0.00034847125061787665
154861568,0.05000000074505806,0.9265167713165283,0.04169325903058052,0.0015961832832545042,-7.133258819580078,24.906599044799805,0.00019999999494757503,0.0005000000237487257,0.0007194823119789362
154927104,0.05000000074505806,0.8479611277580261,0.03815825283527374,0.002047268906608224,-7.132501125335693,25.25469398498535,0.00019999999494757503,0.0005000000237487257,9.743856935529038e-05
154992640,0.05000000074505806,1.1886804103851318,0.05349062383174896,0.0032067305874079466,-7.1294965744018555,33.754905700683594,0.00019999999494757503,0.0005000000237487257,2.5346445909235626e-05
155058176,0.05000000074505806,1.2440458536148071,0.0559820681810379,0.0025686954613775015,-7.128399848937988,25.61377716064453,0.00019999999494757503,0.0005000000237487257,1.1642673598544206e-05
155123712,0.05000000074505806,0.7595398426055908,0.03417929261922836,0.002202750649303198,-7.127863883972168,29.86367416381836,0.00019999999494757503,0.0005000000237487257,5.536023309105076e-05
155189248,0.05000000074505806,0.5278215408325195,0.02375197224318981,0.00215123756788671,-7.125673770904541,26.782787322998047,0.00019999999494757503,0.0005000000237487257,0.0002809719881042838
155254784,0.05000000074505806,0.6225283741950989,0.02801378071308136,0.0024465699680149555,-7.128511905670166,24.287296295166016,0.00019999999494757503,0.0005000000237487257,0.00013418767775874585
155320320,0.05000000074505806,0.5972943902015686,0.026878250762820244,0.002156265079975128,-7.126134872436523,22.686744689941406,0.00019999999494757503,0.0005000000237487257,3.756078513106331e-05
155385856,0.05000000074505806,1.0999279022216797,0.04949675500392914,0.002230287529528141,-7.12867546081543,19.580299377441406,0.00019999999494757503,0.0005000000237487257,2.1650765120284632e-05
155451392,0.05000000074505806,0.6263304948806763,0.02818487212061882,0.00274053611792624,-7.124520778656006,26.40650177001953,0.00019999999494757503,0.0005000000237487257,2.6266468921676278e-05
155516928,0.05000000074505806,0.5545158386230469,0.024953214451670647,0.0025483989156782627,-7.119565010070801,22.175273895263672,0.00019999999494757503,0.0005000000237487257,8.47204719320871e-05
155582464,0.05000000074505806,0.67098069190979,0.030194133520126343,0.0025674719363451004,-7.123132228851318,22.762351989746094,0.00019999999494757503,0.0005000000237487257,8.031274046516046e-05
155648000,0.05000000074505806,0.873833954334259,0.03932252526283264,0.0017516218358650804,-7.123643398284912,24.235721588134766,0.00019999999494757503,0.0005000000237487257,2.631490133353509e-05
155713536,0.05000000074505806,0.6641561985015869,0.02988702990114689,0.002368995686993003,-7.126791000366211,23.31329917907715,0.00019999999494757503,0.0005000000237487257,0.00022759681451134384
155779072,0.05000000074505806,3.4654760360717773,0.15594641864299774,0.0020697496365755796,-7.132771968841553,33.909481048583984,0.00019999999494757503,0.0005000000237487257,2.262490670545958e-05
155844608,0.05000000074505806,3.9796133041381836,0.17908260226249695,0.002062624553218484,-7.135940074920654,33.4043083190918,0.00019999999494757503,0.0005000000237487257,1.3062931429885793e-05
155910144,0.05000000074505806,4.018457412719727,0.18083059787750244,0.0021215009037405252,-7.133979797363281,24.24245834350586,0.00019999999494757503,0.0005000000237487257,4.6372151700779796e-06
155975680,0.05000000074505806,3.81615948677063,0.17172718048095703,0.0018865916645154357,-7.131780624389648,27.12030601501465,0.00019999999494757503,0.0005000000237487257,8.120347956719343e-06
156041216,0.05000000074505806,3.8650312423706055,0.17392641305923462,0.001551734167151153,-7.134157180786133,32.89126205444336,0.00019999999494757503,0.0005000000237487257,9.463497917749919e-06
156106752,0.05000000074505806,1.701770305633545,0.07657967507839203,0.0015374049544334412,-7.135873794555664,27.848867416381836,0.00019999999494757503,0.0005000000237487257,4.438422547536902e-05
156172288,0.05000000074505806,0.7851130366325378,0.03533008694648743,0.0019090812420472503,-7.136983871459961,22.68495750427246,0.00019999999494757503,0.0005000000237487257,2.504709664208349e-05
156237824,0.05000000074505806,0.9715830087661743,0.043721236288547516,0.0022739428095519543,-7.135873794555664,27.9993953704834,0.00019999999494757503,0.0005000000237487257,1.0607546755636577e-05
156303360,0.05000000074505806,1.8419588804244995,0.0828881561756134,0.002049077767878771,-7.133082866668701,20.986345291137695,0.00019999999494757503,0.0005000000237487257,7.680461749259848e-06
156368896,0.05000000074505806,2.1372365951538086,0.0961756557226181,0.002504115691408515,-7.131004333496094,27.51824378967285,0.00019999999494757503,0.0005000000237487257,9.950605090125464e-06
156434432,0.05000000074505806,1.1027064323425293,0.049621790647506714,0.002167077036574483,-7.1308207511901855,27.1015625,0.00019999999494757503,0.0005000000237487257,0.0003097795997746289
156499968,0.05000000074505806,0.7884500026702881,0.03548024967312813,0.002025756984949112,-7.131783962249756,26.573970794677734,0.00019999999494757503,0.0005000000237487257,0.000575156242121011
156565504,0.05000000074505806,0.7123801708221436,0.03205711022019386,0.00197661598213017,-7.131430625915527,21.017715454101562,0.00019999999494757503,0.0005000000237487257,9.83190257102251e-05
156631040,0.05000000074505806,1.30592679977417,0.058766718953847885,0.002280291635543108,-7.127193927764893,26.426921844482422,0.00019999999494757503,0.0005000000237487257,3.0349554435815662e-05
156696576,0.05000000074505806,1.121544599533081,0.05046950653195381,0.0017241451423615217,-7.125559329986572,25.11762046813965,0.00019999999494757503,0.0005000000237487257,2.2585993065149523e-05
156762112,0.05000000074505806,0.6278526782989502,0.028253372758626938,0.002225862117484212,-7.125033378601074,21.336402893066406,0.00019999999494757503,0.0005000000237487257,0.00018284970428794622
156827648,0.05000000074505806,0.5091843605041504,0.02291329950094223,0.002663545310497284,-7.126850605010986,27.918964385986328,0.00019999999494757503,0.0005000000237487257,0.00030991536914370954
156893184,0.05000000074505806,0.6502550840377808,0.029261479154229164,0.002303201239556074,-7.127517223358154,19.329952239990234,0.00019999999494757503,0.0005000000237487257,0.00010269211634295061
156958720,0.05000000074505806,1.191221833229065,0.053604982793331146,0.0021358488593250513,-7.128442764282227,23.60165786743164,0.00019999999494757503,0.0005000000237487257,2.495157787052449e-05
157024256,0.05000000074505806,0.6279599666595459,0.028258202597498894,0.0017937012016773224,-7.125307083129883,27.602603912353516,0.00019999999494757503,0.0005000000237487257,5.4505373555002734e-05
157089792,0.05000000074505806,0.7107119560241699,0.03198204189538956,0.002978618023917079,-7.127570629119873,21.636266708374023,0.00019999999494757503,0.0005000000237487257,0.00013857251906301826
157155328,0.05000000074505806,0.5834629535675049,0.026255832985043526,0.002095468807965517,-7.126854419708252,23.377267837524414,0.00019999999494757503,0.0005000000237487257,3.243074388592504e-05
157220864,0.05000000074505806,0.6600889563560486,0.029704004526138306,0.0021820380352437496,-7.124870300292969,21.612930297851562,0.00019999999494757503,0.0005000000237487257,3.205970278941095e-05
157286400,0.05000000074505806,0.6217026710510254,0.027976620942354202,0.001989195588976145,-7.122223854064941,27.103588104248047,0.00019999999494757503,0.0005000000237487257,2.236777072539553e-05
157351936,0.05000000074505806,0.6989808082580566,0.031454138457775116,0.002130185253918171,-7.12615966796875,27.424890518188477,0.00019999999494757503,0.0005000000237487257,3.547751111909747e-05
157417472,0.05000000074505806,3.5612967014312744,0.16025835275650024,0.0020034480839967728,-7.131512641906738,33.11188888549805,0.00019999999494757503,0.0005000000237487257,2.145356484106742e-05
157483008,0.05000000074505806,4.000247001647949,0.18001113831996918,0.0020543797872960567,-7.1313605308532715,26.662948608398438,0.00019999999494757503,0.0005000000237487257,8.511008672940079e-06
157548544,0.05000000074505806,3.9964308738708496,0.17983940243721008,0.002042539417743683,-7.1300506591796875,22.218637466430664,0.00019999999494757503,0.0005000000237487257,3.5205202948418446e-06
157614080,0.05000000074505806,3.84157133102417,0.1728707253932953,0.0019935595337301493,-7.132061004638672,25.524168014526367,0.00019999999494757503,0.0005000000237487257,1.3242146451375447e-05
157679616,0.05000000074505806,3.9338839054107666,0.17702476680278778,0.0015616408782079816,-7.13199520111084,26.350101470947266,0.00019999999494757503,0.0005000000237487257,9.890335604723077e-06
157745152,0.05000000074505806,1.7423934936523438,0.07840771973133087,0.0016270189080387354,-7.131052017211914,30.07970428466797,0.00019999999494757503,0.0005000000237487257,5.205391425988637e-05
157810688,0.05000000074505806,0.8587144613265991,0.03864214941859245,0.0022818511351943016,-7.129853248596191,30.056699752807617,0.00019999999494757503,0.0005000000237487257,3.189604831277393e-05
157876224,0.05000000074505806,1.2402673959732056,0.055812038481235504,0.002447808161377907,-7.128135681152344,23.576404571533203,0.00019999999494757503,0.0005000000237487257,1.056798646459356e-05
157941760,0.05000000074505806,1.883864402770996,0.08477389812469482,0.0020994371734559536,-7.129131317138672,26.373239517211914,0.00019999999494757503,0.0005000000237487257,8.71053180162562e-06
158007296,0.05000000074505806,2.5009765625,0.11254394054412842,0.0017503508133813739,-7.130069732666016,22.745559692382812,0.00019999999494757503,0.0005000000237487257,1.2448866982595064e-05
158072832,0.05000000074505806,1.5190473794937134,0.06835713237524033,0.0024255323223769665,-7.126929759979248,26.82666015625,0.00019999999494757503,0.0005000000237487257,0.00017324884538538754
158138368,0.05000000074505806,1.3553367853164673,0.06099015474319458,0.00185853720176965,-7.128064155578613,26.8758602142334,0.00019999999494757503,0.0005000000237487257,0.0004623031709343195
158203904,0.05000000074505806,1.3195834159851074,0.059381257742643356,0.002924707718193531,-7.127658843994141,28.983610153198242,0.00019999999494757503,0.0005000000237487257,8.57399427331984e-05
158269440,0.05000000074505806,1.603898048400879,0.07217541337013245,0.0022326218895614147,-7.127805709838867,26.955944061279297,0.00019999999494757503,0.0005000000237487257,2.6243840693496168e-05
158334976,0.05000000074505806,2.1043572425842285,0.09469608962535858,0.0017925746506080031,-7.123950958251953,20.496593475341797,0.00019999999494757503,0.0005000000237487257,9.4219876700663e-06
158400512,0.05000000074505806,1.15176522731781,0.05182943493127823,0.0022574355825781822,-7.1242899894714355,28.66071319580078,0.00019999999494757503,0.0005000000237487257,4.27108934673015e-05
158466048,0.05000000074505806,0.8770120739936829,0.03946554288268089,0.0023661432787775993,-7.125542640686035,26.62492561340332,0.00019999999494757503,0.0005000000237487257,0.00013062306970823556
158531584,0.05000000074505806,1.2635324001312256,0.05685896426439285,0.0023482106626033783,-7.127815246582031,26.911693572998047,0.00019999999494757503,0.0005000000237487257,4.086702028871514e-05
158597120,0.05000000074505806,1.351034164428711,0.06079654395580292,0.0022100023925304413,-7.126543045043945,24.05359649658203,0.00019999999494757503,0.0005000000237487257,1.358247573080007e-05
158662656,0.05000000074505806,1.098804235458374,0.049446191638708115,0.00197726022452116,-7.124848365783691,22.29922866821289,0.00019999999494757503,0.0005000000237487257,1.728413553792052e-05
158728192,0.05000000074505806,0.8235187530517578,0.03705834969878197,0.002515756757929921,-7.122923851013184,28.18992805480957,0.00019999999494757503,0.0005000000237487257,6.68754946673289e-05
158793728,0.05000000074505806,0.7768628597259521,0.03495883196592331,0.0022205172572284937,-7.124355316162109,18.240663528442383,0.00019999999494757503,0.0005000000237487257,8.742411591811106e-05
158859264,0.05000000074505806,0.8051102161407471,0.03622995689511299,0.0023637821432203054,-7.121845722198486,23.84429359436035,0.00019999999494757503,0.0005000000237487257,6.807074532844126e-05
158924800,0.05000000074505806,1.1724750995635986,0.05276137962937355,0.001983840484172106,-7.120967864990234,22.040285110473633,0.00019999999494757503,0.0005000000237487257,5.3399649914354086e-05
158990336,0.05000000074505806,0.8686903715133667,0.039091069251298904,0.0023286249488592148,-7.120283126831055,25.635915756225586,0.00019999999494757503,0.0005000000237487257,3.693857797770761e-05
159055872,0.05000000074505806,3.450380325317383,0.155267134308815,0.0029980342369526625,-7.126317977905273,35.48908996582031,0.00019999999494757503,0.0005000000237487257,1.9793660612776875e-05
159121408,0.05000000074505806,3.98639178276062,0.1793876439332962,0.0019698822870850563,-7.1270246505737305,35.821380615234375,0.00019999999494757503,0.0005000000237487257,9.012172995426226e-06
159186944,0.05000000074505806,4.029813289642334,0.18134160339832306,0.002081673126667738,-7.128882884979248,25.276403427124023,0.00019999999494757503,0.0005000000237487257,3.976329026045278e-06
159252480,0.05000000074505806,3.84687876701355,0.17310954630374908,0.0016031925333663821,-7.130382537841797,26.135448455810547,0.00019999999494757503,0.0005000000237487257,1.4640513654740062e-05
159318016,0.05000000074505806,3.924705743789673,0.1766117662191391,0.0016999775543808937,-7.135974407196045,24.76244354248047,0.00019999999494757503,0.0005000000237487257,8.490775144309737e-06
159383552,0.05000000074505806,1.7353218793869019,0.07808947563171387,0.002039543353021145,-7.132747650146484,34.21426773071289,0.00019999999494757503,0.0005000000237487257,4.768613871419802e-05
159449088,0.05000000074505806,0.8918362855911255,0.040132634341716766,0.0024094185791909695,-7.133365154266357,34.03159713745117,0.00019999999494757503,0.0005000000237487257,3.5487599234329537e-05
159514624,0.05000000074505806,1.1512922048568726,0.051808152347803116,0.002407170133665204,-7.135409355163574,19.4449520111084,0.00019999999494757503,0.0005000000237487257,1.2508109648479149e-05
159580160,0.05000000074505806,1.9331493377685547,0.08699172735214233,0.0023680729791522026,-7.130197525024414,20.563343048095703,0.00019999999494757503,0.0005000000237487257,7.936292604426853e-06
159645696,0.05000000074505806,2.383878469467163,0.10727453231811523,0.0024191588163375854,-7.128071308135986,30.363380432128906,0.00019999999494757503,0.0005000000237487257,1.328359758190345e-05
159711232,0.05000000074505806,1.5041447877883911,0.0676865205168724,0.002392820082604885,-7.127667427062988,29.747392654418945,0.00019999999494757503,0.0005000000237487257,0.00012980197789147496
159776768,0.05000000074505806,1.354003667831421,0.06093016266822815,0.002138847252354026,-7.126858711242676,31.791046142578125,0.00019999999494757503,0.0005000000237487257,0.00018732268654275686
159842304,0.05000000074505806,1.2851574420928955,0.057832084596157074,0.0017144716111943126,-7.12567138671875,21.455059051513672,0.00019999999494757503,0.0005000000237487257,3.94643830077257e-05
159907840,0.05000000074505806,2.299741268157959,0.10348836332559586,0.0021403497084975243,-7.125710964202881,31.934598922729492,0.00019999999494757503,0.0005000000237487257,2.5398841899004765e-05
159973376,0.05000000074505806,1.3803074359893799,0.06211383268237114,0.0021460941061377525,-7.125563144683838,22.243600845336914,0.00019999999494757503,0.0005000000237487257,1.9991512090200558e-05
160038912,0.05000000074505806,0.908772885799408,0.04089478403329849,0.0029522948898375034,-7.1256256103515625,29.71734619140625,0.00019999999494757503,0.0005000000237487257,4.2703974031610414e-05
160104448,0.05000000074505806,0.6811351180076599,0.03065108321607113,0.002014772268012166,-7.125256061553955,22.131855010986328,0.00019999999494757503,0.0005000000237487257,0.00011082347919000313
160169984,0.05000000074505806,1.212023138999939,0.05454103648662567,0.00219657551497221,-7.12773323059082,22.80897331237793,0.00019999999494757503,0.0005000000237487257,2.8738182663801126e-05
160235520,0.05000000074505806,1.0342544317245483,0.04654144495725632,0.002095039002597332,-7.128026962280273,24.126405715942383,0.00019999999494757503,0.0005000000237487257,1.8577226001070812e-05
160301056,0.05000000074505806,0.8218939304351807,0.03698522970080376,0.0022202362306416035,-7.127734184265137,26.925567626953125,0.00019999999494757503,0.0005000000237487257,3.956051295972429e-05
160366592,0.05000000074505806,0.7221628427505493,0.032497331500053406,0.002095083938911557,-7.125199794769287,21.52130126953125,0.00019999999494757503,0.0005000000237487257,6.127509550424293e-05
160432128,0.05000000074505806,0.7033967971801758,0.03165286034345627,0.0022843198385089636,-7.124178886413574,20.87753677368164,0.00019999999494757503,0.0005000000237487257,5.628388680634089e-05
160497664,0.05000000074505806,0.9465200901031494,0.04259340465068817,0.002427468542009592,-7.123804569244385,24.076648712158203,0.00019999999494757503,0.0005000000237487257,9.650229912949726e-05
160563200,0.05000000074505806,1.1935545206069946,0.0537099614739418,0.002206736709922552,-7.122608661651611,22.633277893066406,0.00019999999494757503,0.0005000000237487257,2.707364001253154e-05
160628736,0.05000000074505806,0.835609495639801,0.03760242834687233,0.00202472903765738,-7.118927001953125,24.1385498046875,0.00019999999494757503,0.0005000000237487257,5.0580620154505596e-05
160694272,0.05000000074505806,3.5690813064575195,0.1606086790561676,0.0020746111404150724,-7.127617359161377,37.002967834472656,0.00019999999494757503,0.0005000000237487257,1.7785852833185345e-05
160759808,0.05000000074505806,4.035790920257568,0.1816106140613556,0.0019245307194069028,-7.129880905151367,30.514081954956055,0.00019999999494757503,0.0005000000237487257,1.1026162610505708e-05
160825344,0.05000000074505806,4.2239251136779785,0.19007661938667297,0.002215480664744973,-7.13130521774292,24.896860122680664,0.00019999999494757503,0.0005000000237487257,4.15979593526572e-06
160890880,0.05000000074505806,4.044285774230957,0.18199287354946136,0.0020361007191240788,-7.1308183670043945,26.659870147705078,0.00019999999494757503,0.0005000000237487257,8.475814865960274e-06
160956416,0.05000000074505806,4.113613605499268,0.1851126104593277,0.0019180749077349901,-7.130870819091797,34.368099212646484,0.00019999999494757503,0.0005000000237487257,7.508314865845023e-06
161021952,0.05000000074505806,1.7876675128936768,0.08044503629207611,0.0016455043805763125,-7.132637023925781,29.892465591430664,0.00019999999494757503,0.0005000000237487257,3.933597690775059e-05
161087488,0.05000000074505806,0.8439928889274597,0.03797968104481697,0.002015856560319662,-7.130254745483398,27.48542594909668,0.00019999999494757503,0.0005000000237487257,1.9472514395602047e-05
161153024,0.05000000074505806,0.9849567413330078,0.04432305693626404,0.0026967553421854973,-7.130957126617432,20.292360305786133,0.00019999999494757503,0.0005000000237487257,1.2609101759153418e-05
161218560,0.05000000074505806,1.7772889137268066,0.07997800409793854,0.0024532240349799395,-7.130888938903809,21.46906852722168,0.00019999999494757503,0.0005000000237487257,6.9947745942045e-06
161284096,0.05000000074505806,2.03751802444458,0.09168830513954163,0.0026990966871380806,-7.128335952758789,29.2860050201416,0.00019999999494757503,0.0005000000237487257,9.381593372381758e-06
161349632,0.05000000074505806,1.3050544261932373,0.058727461844682693,0.0022150774020701647,-7.129969596862793,25.968524932861328,0.00019999999494757503,0.0005000000237487257,0.00013556735939346254
161415168,0.05000000074505806,1.105351448059082,0.04974081367254257,0.0018163390923291445,-7.130672454833984,23.480443954467773,0.00019999999494757503,0.0005000000237487257,0.0001731259690131992
161480704,0.05000000074505806,1.0354655981063843,0.04659595340490341,0.002341559622436762,-7.131392955780029,26.777475357055664,0.00019999999494757503,0.0005000000237487257,4.3772917706519365e-05
161546240,0.05000000074505806,1.8144257068634033,0.08164916187524796,0.0025477882008999586,-7.129315376281738,26.84283447265625,0.00019999999494757503,0.0005000000237487257,2.0031031453981996e-05
161611776,0.05000000074505806,1.1476771831512451,0.05164548009634018,0.0019414359703660011,-7.127126693725586,23.300811767578125,0.00019999999494757503,0.0005000000237487257,2.9344679205678403e-05
161677312,0.05000000074505806,0.6410833597183228,0.02884875424206257,0.0020022564567625523,-7.125517845153809,20.451438903808594,0.00019999999494757503,0.0005000000237487257,0.00023295784194488078
161742848,0.05000000074505806,0.5598266124725342,0.025192199274897575,0.0022741141729056835,-7.1222639083862305,23.82566261291504,0.00019999999494757503,0.0005000000237487257,0.00024921997101046145
161808384,0.05000000074505806,0.6675365567207336,0.030039146542549133,0.0018512310925871134,-7.12122917175293,18.359920501708984,0.00019999999494757503,0.0005000000237487257,5.077496825833805e-05
161873920,0.05000000074505806,1.2186424732208252,0.054838914424180984,0.002475492423400283,-7.1209211349487305,25.983440399169922,0.00019999999494757503,0.0005000000237487257,1.3856529221811797e-05
161939456,0.05000000074505806,0.7497491836547852,0.033738721162080765,0.002045308006927371,-7.119899749755859,27.749784469604492,0.00019999999494757503,0.0005000000237487257,2.7393087293603458e-05
162004992,0.05000000074505806,0.694320797920227,0.031244438141584396,0.0024924753233790398,-7.119173526763916,20.85537338256836,0.00019999999494757503,0.0005000000237487257,4.2900075641227886e-05
162070528,0.05000000074505806,0.6964207291603088,0.03133893013000488,0.002537305699661374,-7.121053218841553,20.682636260986328,0.00019999999494757503,0.0005000000237487257,2.8960892450413667e-05
162136064,0.05000000074505806,0.7137099504470825,0.03211694955825806,0.0021637994796037674,-7.121294975280762,20.399272918701172,0.00019999999494757503,0.0005000000237487257,1.8217440810985863e-05
162201600,0.05000000074505806,0.9074419736862183,0.04083488881587982,0.0019440146861597896,-7.122772216796875,24.441516876220703,0.00019999999494757503,0.0005000000237487257,2.7176118237548508e-05
162267136,0.05000000074505806,0.8020195960998535,0.03609088063240051,0.0017917085206136107,-7.12402868270874,24.062177658081055,0.00019999999494757503,0.0005000000237487257,4.372606417746283e-05
162332672,0.05000000074505806,3.495551824569702,0.15729984641075134,0.002388390013948083,-7.129002094268799,33.26457977294922,0.00019999999494757503,0.0005000000237487257,2.0644491087296046e-05
162398208,0.05000000074505806,3.9887945652008057,0.17949578166007996,0.0020765885710716248,-7.130946636199951,32.27576446533203,0.00019999999494757503,0.0005000000237487257,9.140816473518498e-06
162463744,0.05000000074505806,4.205470561981201,0.18924616277217865,0.002230533165857196,-7.130177974700928,25.394432067871094,0.00019999999494757503,0.0005000000237487257,3.292259407317033e-06
162529280,0.05000000074505806,3.9621357917785645,0.17829613387584686,0.0018934276886284351,-7.132358074188232,25.038867950439453,0.00019999999494757503,0.0005000000237487257,7.312301477213623e-06
162594816,0.05000000074505806,3.8623340129852295,0.17380505800247192,0.0013660334516316652,-7.133981704711914,22.215450286865234,0.00019999999494757503,0.0005000000237487257,8.77774346008664e-06
162660352,0.05000000074505806,1.6804237365722656,0.07561905682086945,0.0016143162501975894,-7.129705429077148,27.40799331665039,0.00019999999494757503,0.0005000000237487257,3.671185550047085e-05
162725888,0.05000000074505806,0.829311728477478,0.037319034337997437,0.0025117332115769386,-7.13252067565918,28.630199432373047,0.00019999999494757503,0.0005000000237487257,1.6730295101297088e-05
162791424,0.05000000074505806,0.9326167106628418,0.04196775704622269,0.0025788976345211267,-7.13201904296875,22.480369567871094,0.00019999999494757503,0.0005000000237487257,1.5757439541630447e-05
162856960,0.05000000074505806,1.7322375774383545,0.07795069366693497,0.002012330573052168,-7.1298418045043945,21.731422424316406,0.00019999999494757503,0.0005000000237487257,8.426104614045471e-06
162922496,0.05000000074505806,2.1186959743499756,0.09534131735563278,0.0025396710261702538,-7.126397132873535,25.825340270996094,0.00019999999494757503,0.0005000000237487257,1.2662747394642793e-05
162988032,0.05000000074505806,1.2927589416503906,0.05817415937781334,0.0019996329210698605,-7.124297142028809,23.256561279296875,0.00019999999494757503,0.0005000000237487257,0.00016780091391410679
163053568,0.05000000074505806,1.0987980365753174,0.04944591224193573,0.0021938239224255085,-7.121439456939697,21.336166381835938,0.00019999999494757503,0.0005000000237487257,0.00041388950194232166
163119104,0.05000000074505806,1.0265721082687378,0.04619574546813965,0.0019792085513472557,-7.1253533363342285,24.708189010620117,0.00019999999494757503,0.0005000000237487257,4.643747161026113e-05
163184640,0.05000000074505806,1.6578032970428467,0.07460114359855652,0.0022458313032984734,-7.124673843383789,22.18742561340332,0.00019999999494757503,0.0005000000237487257,2.772581865428947e-05
163250176,0.05000000074505806,1.2912545204162598,0.058106452226638794,0.00205672113224864,-7.127764701843262,19.92101287841797,0.00019999999494757503,0.0005000000237487257,1.4665923117718194e-05
163315712,0.05000000074505806,0.8284233212471008,0.03727905824780464,0.001928405836224556,-7.126960277557373,26.424949645996094,0.00019999999494757503,0.0005000000237487257,6.0579248383874074e-05
163381248,0.05000000074505806,0.547398567199707,0.02463294006884098,0.0023006375413388014,-7.126496315002441,26.630691528320312,0.00019999999494757503,0.0005000000237487257,0.00016764539759606123
163446784,0.05000000074505806,1.066646695137024,0.047999102622270584,0.00220850738696754,-7.126243591308594,23.79374122619629,0.00019999999494757503,0.0005000000237487257,9.554165444569662e-05
163512320,0.05000000074505806,0.7722389101982117,0.03475075215101242,0.0025756708346307278,-7.123536109924316,20.855756759643555,0.00019999999494757503,0.0005000000237487257,2.3752045308356173e-05
163577856,0.05000000074505806,0.6809107065200806,0.03064098209142685,0.002203353215008974,-7.124963760375977,19.802499771118164,0.00019999999494757503,0.0005000000237487257,5.718664397136308e-05
163643392,0.05000000074505806,0.6365699768066406,0.028645651414990425,0.0023087551817297935,-7.121936321258545,28.734853744506836,0.00019999999494757503,0.0005000000237487257,5.4257157898973674e-05
163708928,0.05000000074505806,0.6447741389274597,0.029014836996793747,0.0023644212633371353,-7.122690200805664,21.731971740722656,0.00019999999494757503,0.0005000000237487257,7.85701849963516e-05
163774464,0.05000000074505806,0.8315778374671936,0.03742099925875664,0.0021354216150939465,-7.123248100280762,21.943679809570312,0.00019999999494757503,0.0005000000237487257,0.00010738354467321187
163840000,0.05000000074505806,0.9237382411956787,0.041568223387002945,0.001977398060262203,-7.123386383056641,22.52617645263672,0.00019999999494757503,0.0005000000237487257,3.2350093533750623e-05
163905536,0.05000000074505806,0.7312847375869751,0.032907817512750626,0.0027389617171138525,-7.122763156890869,26.215530395507812,0.00019999999494757503,0.0005000000237487257,0.0003091016551479697
163971072,0.05000000074505806,3.501150131225586,0.15755176544189453,0.002727487590163946,-7.126035213470459,48.51942443847656,0.00019999999494757503,0.0005000000237487257,2.5393188479938544e-05
164036608,0.05000000074505806,3.9293956756591797,0.17682279646396637,0.0015231446595862508,-7.13054084777832,30.756547927856445,0.00019999999494757503,0.0005000000237487257,1.348120622424176e-05
164102144,0.05000000074505806,4.033641338348389,0.18151389062404633,0.00209991168230772,-7.126022815704346,25.159605026245117,0.00019999999494757503,0.0005000000237487257,3.631797881098464e-06
164167680,0.05000000074505806,3.812178611755371,0.1715480089187622,0.0017012509051710367,-7.126534938812256,27.733850479125977,0.00019999999494757503,0.0005000000237487257,8.896478902897798e-06
164233216,0.05000000074505806,3.764986276626587,0.1694243848323822,0.001988605596125126,-7.126943588256836,32.38838195800781,0.00019999999494757503,0.0005000000237487257,9.032015441334806e-06
164298752,0.05000000074505806,1.6294877529144287,0.0733269602060318,0.0017909685848280787,-7.130326747894287,27.925643920898438,0.00019999999494757503,0.0005000000237487257,4.029333285870962e-05
164364288,0.05000000074505806,0.7716962695121765,0.034726332873106,0.0022278842516243458,-7.1295881271362305,29.628158569335938,0.00019999999494757503,0.0005000000237487257,2.0653496903833002e-05
164429824,0.05000000074505806,0.7979597449302673,0.03590819239616394,0.002363653155043721,-7.128899097442627,24.81088638305664,0.00019999999494757503,0.0005000000237487257,1.5961828466970474e-05
164495360,0.05000000074505806,1.6074459552764893,0.07233506441116333,0.002110681962221861,-7.131453514099121,21.30083465576172,0.00019999999494757503,0.0005000000237487257,6.662806299573276e-06
164560896,0.05000000074505806,2.1383469104766846,0.09622561931610107,0.00234788260422647,-7.128565311431885,25.203413009643555,0.00019999999494757503,0.0005000000237487257,1.1053589332732372e-05
164626432,0.05000000074505806,1.0606681108474731,0.04773007333278656,0.0017257025465369225,-7.127530097961426,22.641450881958008,0.00019999999494757503,0.0005000000237487257,0.00021308916620910168
164691968,0.05000000074505806,0.7636388540267944,0.034363750368356705,0.001716912491247058,-7.126393795013428,25.02294921875,0.00019999999494757503,0.0005000000237487257,0.000512348604388535
164757504,0.05000000074505806,0.6603537797927856,0.029715923592448235,0.0024662627838552,-7.125080585479736,21.166763305664062,0.00019999999494757503,0.0005000000237487257,0.00010935612954199314
164823040,0.05000000074505806,1.0331733226776123,0.0464928038418293,0.003533405950292945,-7.125082015991211,34.66590881347656,0.00019999999494757503,0.0005000000237487257,4.69802507723216e-05
164888576,0.05000000074505806,1.2089195251464844,0.05440138280391693,0.0020409647841006517,-7.124720573425293,24.359872817993164,0.00019999999494757503,0.0005000000237487257,1.8785747670335695e-05
164954112,0.05000000074505806,0.7049181461334229,0.031721316277980804,0.0018248981796205044,-7.12580680847168,24.73517417907715,0.00019999999494757503,0.0005000000237487257,0.0001039831549860537
165019648,0.05000000074505806,0.5587229132652283,0.025142531841993332,0.00207668193615973,-7.124612808227539,18.988475799560547,0.00019999999494757503,0.0005000000237487257,0.00020730179676320404
165085184,0.05000000074505806,0.5707892775535583,0.025685520842671394,0.0024299395736306906,-7.123918056488037,20.310375213623047,0.00019999999494757503,0.0005000000237487257,3.948056109948084e-05
165150720,0.05000000074505806,0.6628435850143433,0.029827959835529327,0.002018116181716323,-7.124141693115234,22.337732315063477,0.00019999999494757503,0.0005000000237487257,2.0545052393572405e-05
165216256,0.05000000074505806,0.8708409070968628,0.03918784111738205,0.0023388962727040052,-7.123296737670898,19.598838806152344,0.00019999999494757503,0.0005000000237487257,2.6079240342369303e-05
165281792,0.05000000074505806,0.6855455040931702,0.030849546194076538,0.0022962428629398346,-7.123382568359375,20.964920043945312,0.00019999999494757503,0.0005000000237487257,2.8757680411217734e-05
165347328,0.05000000074505806,0.654839038848877,0.029467761516571045,0.0025938849430531263,-7.120341777801514,24.54352569580078,0.00019999999494757503,0.0005000000237487257,5.583321399171837e-05
165412864,0.05000000074505806,1.09320068359375,0.049194030463695526,0.001969528617337346,-7.122676849365234,23.46348762512207,0.00019999999494757503,0.0005000000237487257,4.527084456640296e-05
165478400,0.05000000074505806,1.2501804828643799,0.05625811964273453,0.0019599576480686665,-7.122875213623047,26.425439834594727,0.00019999999494757503,0.0005000000237487257,2.126718027284369e-05
165543936,0.05000000074505806,0.7375772595405579,0.033190980553627014,0.002254728227853775,-7.1216959953308105,24.85771369934082,0.00019999999494757503,0.0005000000237487257,0.00020979292457923293
165609472,0.05000000074505806,3.5278642177581787,0.1587538719177246,0.002938880817964673,-7.1288676261901855,38.391422271728516,0.00019999999494757503,0.0005000000237487257,1.8440054191160016e-05
165675008,0.05000000074505806,3.988494873046875,0.17948228120803833,0.001928431447595358,-7.128684043884277,23.019336700439453,0.00019999999494757503,0.0005000000237487257,9.768983545654919e-06
165740544,0.05000000074505806,4.123100757598877,0.18553952872753143,0.002078776014968753,-7.126875877380371,26.903663635253906,0.00019999999494757503,0.0005000000237487257,3.5454013413982466e-06
165806080,0.05000000074505806,3.876099109649658,0.17442448437213898,0.002210348378866911,-7.128557205200195,28.397159576416016,0.00019999999494757503,0.0005000000237487257,7.675555025343783e-06
165871616,0.05000000074505806,3.8768367767333984,0.17445765435695648,0.0015492388047277927,-7.132204532623291,22.534269332885742,0.00019999999494757503,0.0005000000237487257,9.894098184304312e-06
165937152,0.05000000074505806,1.756126046180725,0.07902567088603973,0.0020168779883533716,-7.131519794464111,25.88939094543457,0.00019999999494757503,0.0005000000237487257,4.335958874435164e-05
166002688,0.05000000074505806,0.9463120698928833,0.042584046721458435,0.0026141477283090353,-7.128085613250732,40.934329986572266,0.00019999999494757503,0.0005000000237487257,2.2845055354991928e-05
166068224,0.05000000074505806,1.3442590236663818,0.0604916550219059,0.0023471962194889784,-7.128530979156494,23.779361724853516,0.00019999999494757503,0.0005000000237487257,9.43571012612665e-06
166133760,0.05000000074505806,2.2024765014648438,0.09911143779754639,0.0020333165302872658,-7.129242420196533,18.15049934387207,0.00019999999494757503,0.0005000000237487257,5.9827420955116395e-06
166199296,0.05000000074505806,2.25396466255188,0.10142840445041656,0.001987665658816695,-7.127026081085205,21.851726531982422,0.00019999999494757503,0.0005000000237487257,9.25979475141503e-06
166264832,0.05000000074505806,1.3417472839355469,0.060378625988960266,0.0025108910631388426,-7.126193046569824,28.207801818847656,0.00019999999494757503,0.0005000000237487257,0.00033308134879916906
166330368,0.05000000074505806,1.1306238174438477,0.050878074020147324,0.002197228604927659,-7.127256393432617,34.235172271728516,0.00019999999494757503,0.0005000000237487257,0.000812562124338001
166395904,0.05000000074505806,1.0278719663619995,0.0462542399764061,0.002877795137465,-7.126959800720215,31.34783935546875,0.00019999999494757503,0.0005000000237487257,9.868718916550279e-05
166461440,0.05000000074505806,1.4027729034423828,0.06312479078769684,0.002370339585468173,-7.129144668579102,19.906538009643555,0.00019999999494757503,0.0005000000237487257,2.3236725610331632e-05
166526976,0.05000000074505806,1.3265039920806885,0.05969267711043358,0.0024639691691845655,-7.126718997955322,26.715721130371094,0.00019999999494757503,0.0005000000237487257,1.1382531738490798e-05
166592512,0.05000000074505806,0.9057410955429077,0.04075834900140762,0.0022481989581137896,-7.127185821533203,23.874252319335938,0.00019999999494757503,0.0005000000237487257,5.595982656814158e-05
166658048,0.05000000074505806,0.5481492877006531,0.024666719138622284,0.00218895822763443,-7.126161575317383,20.870250701904297,0.00019999999494757503,0.0005000000237487257,0.00022841960890218616
166723584,0.05000000074505806,0.685010552406311,0.030825475230813026,0.002441579243168235,-7.126771926879883,26.289609909057617,0.00019999999494757503,0.0005000000237487257,8.022409747354686e-05
166789120,0.05000000074505806,0.7454765439033508,0.03354644775390625,0.00234230887144804,-7.127730846405029,23.51422119140625,0.00019999999494757503,0.0005000000237487257,3.832295988104306e-05
166854656,0.05000000074505806,0.608593761920929,0.02738671936094761,0.0022697735112160444,-7.126711368560791,25.095035552978516,0.00019999999494757503,0.0005000000237487257,8.689448441145942e-05
166920192,0.05000000074505806,0.62871915102005,0.02829236350953579,0.0019770266953855753,-7.126015663146973,19.659990310668945,0.00019999999494757503,0.0005000000237487257,5.7406210544286296e-05
166985728,0.05000000074505806,0.6390469074249268,0.028757112100720406,0.0027453366201370955,-7.123908519744873,21.948623657226562,0.00019999999494757503,0.0005000000237487257,3.1000170565675944e-05
167051264,0.05000000074505806,1.2546348571777344,0.056458573788404465,0.0020964527502655983,-7.122800827026367,22.554424285888672,0.00019999999494757503,0.0005000000237487257,4.1009039705386385e-05
167116800,0.05000000074505806,1.1834527254104614,0.05325537174940109,0.002204668940976262,-7.124411582946777,22.193817138671875,0.00019999999494757503,0.0005000000237487257,2.5039667889359407e-05
167182336,0.05000000074505806,0.8079804182052612,0.03635912016034126,0.002179850824177265,-7.124361991882324,27.39890480041504,0.00019999999494757503,0.0005000000237487257,0.00016638949455227703
167247872,0.05000000074505806,3.4877991676330566,0.1569509655237198,0.0021115867421031,-7.129423141479492,35.631317138671875,0.00019999999494757503,0.0005000000237487257,1.8265343896928243e-05
167313408,0.05000000074505806,3.8656835556030273,0.1739557534456253,0.0020604105666279793,-7.131865501403809,32.47537612915039,0.00019999999494757503,0.0005000000237487257,9.118156413023826e-06
167378944,0.05000000074505806,3.933474540710449,0.17700636386871338,0.0025936057791113853,-7.129981994628906,31.405832290649414,0.00019999999494757503,0.0005000000237487257,3.3843598430394195e-06
167444480,0.05000000074505806,3.6584315299987793,0.16462941467761993,0.002235556021332741,-7.1274237632751465,21.932071685791016,0.00019999999494757503,0.0005000000237487257,9.330770808446687e-06
167510016,0.05000000074505806,3.7314133644104004,0.16791361570358276,0.001751287723891437,-7.129581928253174,28.49240493774414,0.00019999999494757503,0.0005000000237487257,9.430196769244503e-06
167575552,0.05000000074505806,1.683875322341919,0.07577439397573471,0.002199511043727398,-7.130094528198242,32.08960723876953,0.00019999999494757503,0.0005000000237487257,3.604983430705033e-05
167641088,0.05000000074505806,0.9519044756889343,0.04283570870757103,0.0017890871968120337,-7.129045486450195,27.239137649536133,0.00019999999494757503,0.0005000000237487257,1.914956737891771e-05
167706624,0.05000000074505806,1.13724946975708,0.05117622762918472,0.002664778847247362,-7.13083553314209,22.552677154541016,0.00019999999494757503,0.0005000000237487257,1.375574356643483e-05
167772160,0.05000000074505806,2.0845706462860107,0.09380567073822021,0.0023163920268416405,-7.132538318634033,20.244876861572266,0.00019999999494757503,0.0005000000237487257,6.597464107471751e-06
167837696,0.05000000074505806,2.439112424850464,0.10976006090641022,0.0024642175994813442,-7.131148338317871,22.61733627319336,0.00019999999494757503,0.0005000000237487257,1.4780340279685333e-05
167903232,0.05000000074505806,1.3895792961120605,0.06253106892108917,0.0026632994413375854,-7.130619049072266,28.51089859008789,0.00019999999494757503,0.0005000000237487257,0.0002248240343760699
167968768,0.05000000074505806,1.1465253829956055,0.05159364268183708,0.001842184690758586,-7.1301445960998535,25.3894100189209,0.00019999999494757503,0.0005000000237487257,0.0005966207827441394
168034304,0.05000000074505806,1.0957679748535156,0.049309566617012024,0.0023816265165805817,-7.130205154418945,24.907800674438477,0.00019999999494757503,0.0005000000237487257,8.8572058302816e-05
168099840,0.05000000074505806,1.1208484172821045,0.050438184291124344,0.004107388202100992,-7.128465175628662,41.876220703125,0.00019999999494757503,0.0005000000237487257,2.187111385865137e-05
168165376,0.05000000074505806,1.6188186407089233,0.07284684479236603,0.0019958699122071266,-7.12570858001709,19.62917709350586,0.00019999999494757503,0.0005000000237487257,7.4804388532356825e-06
168230912,0.05000000074505806,1.0354559421539307,0.04659552127122879,0.002439575269818306,-7.127753257751465,30.25819969177246,0.00019999999494757503,0.0005000000237487257,3.7970607081661e-05
168296448,0.05000000074505806,0.5844371318817139,0.026299672201275826,0.002144357655197382,-7.12721586227417,22.45440101623535,0.00019999999494757503,0.0005000000237487257,6.375746306730434e-05
168361984,0.05000000074505806,1.0694067478179932,0.0481233075261116,0.0021493297535926104,-7.124265193939209,19.165353775024414,0.00019999999494757503,0.0005000000237487257,6.61532612866722e-05
168427520,0.05000000074505806,0.7109088897705078,0.0319909043610096,0.0022032358683645725,-7.122060298919678,22.37387466430664,0.00019999999494757503,0.0005000000237487257,3.1835632398724556e-05
168493056,0.05000000074505806,1.1831012964248657,0.05323956161737442,0.0020857916679233313,-7.1228179931640625,22.71300506591797,0.00019999999494757503,0.0005000000237487257,3.397315231268294e-05
168558592,0.05000000074505806,0.9366028904914856,0.042147133499383926,0.0022075872402638197,-7.122442245483398,20.947580337524414,0.00019999999494757503,0.0005000000237487257,3.684636249090545e-05
168624128,0.05000000074505806,0.926706075668335,0.041701775044202805,0.002723688492551446,-7.125196933746338,21.097965240478516,0.00019999999494757503,0.0005000000237487257,6.125467916717753e-05
168689664,0.05000000074505806,1.1738433837890625,0.052822962403297424,0.00205800193361938,-7.122443199157715,19.369487762451172,0.00019999999494757503,0.0005000000237487257,2.9462504244293086e-05
168755200,0.05000000074505806,1.2641193866729736,0.05688537657260895,0.0021654744632542133,-7.123546600341797,23.876096725463867,0.00019999999494757503,0.0005000000237487257,2.6829062335309573e-05
168820736,0.05000000074505806,0.9611055850982666,0.04324974864721298,0.0018941396847367287,-7.1243743896484375,24.655624389648438,0.00019999999494757503,0.0005000000237487257,0.0001354221167275682
168886272,0.05000000074505806,3.5136337280273438,0.1581135392189026,0.002273432444781065,-7.12648868560791,32.14121627807617,0.00019999999494757503,0.0005000000237487257,1.9212087863706984e-05
168951808,0.05000000074505806,3.7354965209960938,0.1680973470211029,0.0022141358349472284,-7.1273369789123535,35.24713897705078,0.00019999999494757503,0.0005000000237487257,9.633669833419845e-06
169017344,0.05000000074505806,3.823587417602539,0.17206144332885742,0.0020624666940420866,-7.127167701721191,28.32128143310547,0.00019999999494757503,0.0005000000237487257,3.809927420661552e-06
169082880,0.05000000074505806,3.54486083984375,0.1595187485218048,0.00231931172311306,-7.1257171630859375,25.416385650634766,0.00019999999494757503,0.0005000000237487257,1.1044455277442466e-05
169148416,0.05000000074505806,3.517690658569336,0.15829609334468842,0.001668668701313436,-7.12752628326416,24.33631134033203,0.00019999999494757503,0.0005000000237487257,9.408412552147638e-06
169213952,0.05000000074505806,1.5266218185424805,0.06869799643754959,0.0019601606763899326,-7.125728607177734,28.211400985717773,0.00019999999494757503,0.0005000000237487257,3.9064390875864774e-05
169279488,0.05000000074505806,0.7831909656524658,0.03524359315633774,0.001948582474142313,-7.127661228179932,30.28515625,0.00019999999494757503,0.0005000000237487257,2.158984716515988e-05
169345024,0.05000000074505806,1.3374751806259155,0.06018637865781784,0.002591931726783514,-7.12891149520874,23.251575469970703,0.00019999999494757503,0.0005000000237487257,1.002212957246229e-05
169410560,0.05000000074505806,2.172930955886841,0.09778189659118652,0.002414950169622898,-7.131888389587402,23.314342498779297,0.00019999999494757503,0.0005000000237487257,6.3264465097745415e-06
169476096,0.05000000074505806,2.4585814476013184,0.11063617467880249,0.0020837034098803997,-7.129006385803223,25.73217010498047,0.00019999999494757503,0.0005000000237487257,1.1350858585501555e-05
169541632,0.05000000074505806,1.2344400882720947,0.05554980784654617,0.002278790809214115,-7.133270263671875,19.291954040527344,0.00019999999494757503,0.0005000000237487257,0.0004479813214857131
169607168,0.05000000074505806,1.0289713144302368,0.04630371183156967,0.002303849905729294,-7.132524013519287,28.306549072265625,0.00019999999494757503,0.0005000000237487257,0.0010288710473105311
169672704,0.05000000074505806,1.001753330230713,0.04507890343666077,0.001993895974010229,-7.128974914550781,29.46578025817871,0.00019999999494757503,0.0005000000237487257,9.22603503568098e-05
169738240,0.05000000074505806,1.2660317420959473,0.05697142705321312,0.0020903937984257936,-7.131509780883789,25.57655143737793,0.00019999999494757503,0.0005000000237487257,2.3741467884974554e-05
169803776,0.05000000074505806,1.592031717300415,0.07164143025875092,0.002254135673865676,-7.130878925323486,24.613231658935547,0.00019999999494757503,0.0005000000237487257,1.0191345609200653e-05
169869312,0.05000000074505806,1.0518178939819336,0.047331806272268295,0.0021880068816244602,-7.131386756896973,23.16322898864746,0.00019999999494757503,0.0005000000237487257,3.8433136069215834e-05
169934848,0.05000000074505806,0.6191845536231995,0.027863306924700737,0.002157800132408738,-7.131542205810547,24.53714370727539,0.00019999999494757503,0.0005000000237487257,0.00011931896005989984
170000384,0.05000000074505806,0.6121222972869873,0.0275455042719841,0.0021472994703799486,-7.128105640411377,19.06892967224121,0.00019999999494757503,0.0005000000237487257,7.147230644477531e-05
170065920,0.05000000074505806,0.5631462335586548,0.025341583415865898,0.0020636962726712227,-7.123725891113281,21.442623138427734,0.00019999999494757503,0.0005000000237487257,2.8953154469490983e-05
170131456,0.05000000074505806,1.0286461114883423,0.04628907889127731,0.002119311597198248,-7.125240325927734,24.855775833129883,0.00019999999494757503,0.0005000000237487257,0.00015187491953838617
170196992,0.05000000074505806,1.1358293294906616,0.05111231654882431,0.00210511963814497,-7.125033378601074,23.114980697631836,0.00019999999494757503,0.0005000000237487257,2.3551727281301282e-05
170262528,0.05000000074505806,0.8507102131843567,0.03828195855021477,0.0024137678556144238,-7.12447452545166,22.48815155029297,0.00019999999494757503,0.0005000000237487257,4.486021134653129e-05
170328064,0.05000000074505806,1.635033130645752,0.07357649505138397,0.0025555603206157684,-7.125802516937256,26.688814163208008,0.00019999999494757503,0.0005000000237487257,6.226231926120818e-05
170393600,0.05000000074505806,1.5318844318389893,0.06893479824066162,0.0024435739032924175,-7.128345012664795,24.486160278320312,0.00019999999494757503,0.0005000000237487257,2.6268186047673225e-05
170459136,0.05000000074505806,0.9086673855781555,0.040890034288167953,0.0018109569791704416,-7.127181529998779,22.353404998779297,0.00019999999494757503,0.0005000000237487257,7.596927753183991e-05
170524672,0.05000000074505806,3.58778977394104,0.16145053505897522,0.0026030209846794605,-7.128604888916016,34.9504280090332,0.00019999999494757503,0.0005000000237487257,1.7789603589335456e-05
170590208,0.05000000074505806,3.756425380706787,0.16903914511203766,0.0016589992446824908,-7.13072395324707,28.539857864379883,0.00019999999494757503,0.0005000000237487257,8.293864084407687e-06
170655744,0.05000000074505806,3.8830208778381348,0.17473594844341278,0.0025699965190142393,-7.127358436584473,24.37702178955078,0.00019999999494757503,0.0005000000237487257,3.226880835427437e-06
170721280,0.05000000074505806,3.5458312034606934,0.15956242382526398,0.0018569593084976077,-7.128080368041992,25.099998474121094,0.00019999999494757503,0.0005000000237487257,8.42901772557525e-06
170786816,0.05000000074505806,3.4356374740600586,0.15460370481014252,0.0019910361152142286,-7.128596782684326,30.954978942871094,0.00019999999494757503,0.0005000000237487257,7.613944944750983e-06
170852352,0.05000000074505806,1.460013747215271,0.06570062786340714,0.0019514865707606077,-7.130155086517334,29.547086715698242,0.00019999999494757503,0.0005000000237487257,3.607036705943756e-05
170917888,0.05000000074505806,0.6856182217597961,0.030852822586894035,0.0018928752979263663,-7.131812572479248,21.124107360839844,0.00019999999494757503,0.0005000000237487257,2.572233643149957e-05
170983424,0.05000000074505806,0.8114163279533386,0.036513738334178925,0.0031625060364603996,-7.132979393005371,29.462181091308594,0.00019999999494757503,0.0005000000237487257,1.1071534572693054e-05
171048960,0.05000000074505806,1.7242281436920166,0.07759027183055878,0.0025012849364429712,-7.132602214813232,24.186214447021484,0.00019999999494757503,0.0005000000237487257,6.533301984745776e-06
171114496,0.05000000074505806,1.6110824346542358,0.07249870896339417,0.0025235197972506285,-7.13516092300415,23.436080932617188,0.00019999999494757503,0.0005000000237487257,1.0099886821990367e-05
171180032,0.05000000074505806,0.968792736530304,0.04359567165374756,0.0021095348056405783,-7.132132530212402,27.045955657958984,0.00019999999494757503,0.0005000000237487257,0.00025597616331651807
171245568,0.05000000074505806,0.7575290203094482,0.03408880531787872,0.0015962915495038033,-7.131445407867432,21.177270889282227,0.00019999999494757503,0.0005000000237487257,0.0005078553804196417
171311104,0.05000000074505806,0.697353720664978,0.03138091415166855,0.0021970777306705713,-7.1276936531066895,22.3081111907959,0.00019999999494757503,0.0005000000237487257,0.00014687352813780308
171376640,0.05000000074505806,0.8098877668380737,0.036444950848817825,0.0024730577133595943,-7.124685764312744,22.26901626586914,0.00019999999494757503,0.0005000000237487257,3.057240246562287e-05
171442176,0.05000000074505806,0.8997683525085449,0.04048957675695419,0.002121557015925646,-7.126071453094482,29.640727996826172,0.00019999999494757503,0.0005000000237487257,2.3116832380765118e-05
171507712,0.05000000074505806,0.5414250493049622,0.024364126846194267,0.002124078804627061,-7.124866485595703,21.18852424621582,0.00019999999494757503,0.0005000000237487257,0.00023434613831341267
171573248,0.05000000074505806,0.5243542194366455,0.023595940321683884,0.0024214047007262707,-7.126405715942383,24.489282608032227,0.00019999999494757503,0.0005000000237487257,0.0003410346689634025
171638784,0.05000000074505806,0.485584020614624,0.021851282566785812,0.0021267449483275414,-7.126302719116211,22.4674072265625,0.00019999999494757503,0.0005000000237487257,7.777454447932541e-05
171704320,0.05000000074505806,0.46940624713897705,0.021123280748724937,0.002441833494231105,-7.121284008026123,17.581605911254883,0.00019999999494757503,0.0005000000237487257,4.2446874431334436e-05
171769856,0.05000000074505806,0.7365292310714722,0.03314381465315819,0.0021974577102810144,-7.122908115386963,21.63563346862793,0.00019999999494757503,0.0005000000237487257,6.943060725461692e-05
171835392,0.05000000074505806,0.6868380904197693,0.03090771473944187,0.0023072476033121347,-7.124419689178467,24.505449295043945,0.00019999999494757503,0.0005000000237487257,5.456051439978182e-05
171900928,0.05000000074505806,0.7187992930412292,0.0323459655046463,0.002682335674762726,-7.124735355377197,20.237913131713867,0.00019999999494757503,0.0005000000237487257,0.0001695824903436005
171966464,0.05000000074505806,1.403968334197998,0.06317858397960663,0.001899935188703239,-7.124598026275635,21.161518096923828,0.00019999999494757503,0.0005000000237487257,0.0001243625010829419
172032000,0.05000000074505806,1.012296199798584,0.04555333033204079,0.0022392459213733673,-7.126547813415527,28.118392944335938,0.00019999999494757503,0.0005000000237487257,3.19065002258867e-05
172097536,0.05000000074505806,0.7023031115531921,0.03160364180803299,0.0025459700264036655,-7.125697612762451,26.718215942382812,0.00019999999494757503,0.0005000000237487257,0.0004231053462717682
172163072,0.05000000074505806,3.5077147483825684,0.15784718096256256,0.003061661496758461,-7.129663467407227,46.41902542114258,0.00019999999494757503,0.0005000000237487257,2.2430900571634993e-05
172228608,0.05000000074505806,3.81365704536438,0.17161458730697632,0.0018576839938759804,-7.129392623901367,31.124359130859375,0.00019999999494757503,0.0005000000237487257,1.2575879736687057e-05
172294144,0.05000000074505806,3.9950003623962402,0.17977502942085266,0.0023537748493254185,-7.127620697021484,24.390588760375977,0.00019999999494757503,0.0005000000237487257,4.289327989681624e-06
172359680,0.05000000074505806,3.7035646438598633,0.16666042804718018,0.0020988197065889835,-7.124087333679199,21.66641616821289,0.00019999999494757503,0.0005000000237487257,6.619952728215139e-06
172425216,0.05000000074505806,3.5449914932250977,0.15952463448047638,0.0018733097240328789,-7.12494421005249,21.63979721069336,0.00019999999494757503,0.0005000000237487257,8.356064427061938e-06
172490752,0.05000000074505806,1.5575919151306152,0.07009164243936539,0.0018746586283668876,-7.124242305755615,26.130720138549805,0.00019999999494757503,0.0005000000237487257,4.7915815230226144e-05
172556288,0.05000000074505806,0.793160080909729,0.03569220378994942,0.002317118691280484,-7.125545978546143,31.085792541503906,0.00019999999494757503,0.0005000000237487257,2.6950805477099493e-05
172621824,0.05000000074505806,0.9366538524627686,0.04214942827820778,0.0026743460912257433,-7.126605033874512,27.613609313964844,0.00019999999494757503,0.0005000000237487257,1.39549729283317e-05
172687360,0.05000000074505806,1.878953456878662,0.08455291390419006,0.002277183346450329,-7.128941059112549,25.08405303955078,0.00019999999494757503,0.0005000000237487257,7.768148861941881e-06
172752896,0.05000000074505806,1.747835636138916,0.07865260541439056,0.0023210549261420965,-7.128085136413574,23.21876335144043,0.00019999999494757503,0.0005000000237487257,1.0159560588363092e-05
172818432,0.05000000074505806,0.9862591028213501,0.04438166320323944,0.001981210894882679,-7.127837181091309,24.289737701416016,0.00019999999494757503,0.0005000000237487257,0.00031439343001693487
172883968,0.05000000074505806,0.7598561644554138,0.034193526953458786,0.002006476279348135,-7.128787517547607,24.939159393310547,0.00019999999494757503,0.0005000000237487257,0.000802068505436182
172949504,0.05000000074505806,0.6901334524154663,0.031056005507707596,0.0022156708873808384,-7.131332874298096,23.703502655029297,0.00019999999494757503,0.0005000000237487257,0.0001585439167683944
173015040,0.05000000074505806,0.7149385809898376,0.03217224031686783,0.002848900156095624,-7.128323078155518,25.699983596801758,0.00019999999494757503,0.0005000000237487257,3.986930096289143e-05
173080576,0.05000000074505806,1.5604736804962158,0.07022131234407425,0.0025335729587823153,-7.127935409545898,26.176288604736328,0.00019999999494757503,0.0005000000237487257,2.2107687982497737e-05
173146112,0.05000000074505806,1.0720572471618652,0.04824257642030716,0.002297513885423541,-7.129727363586426,25.693174362182617,0.00019999999494757503,0.0005000000237487257,3.693412509164773e-05
173211648,0.05000000074505806,0.5729507207870483,0.02578277885913849,0.002323274966329336,-7.129705429077148,19.843406677246094,0.00019999999494757503,0.0005000000237487257,0.0001521873928140849
173277184,0.05000000074505806,0.571039080619812,0.025696760043501854,0.002340899081900716,-7.128438949584961,26.293750762939453,0.00019999999494757503,0.0005000000237487257,5.065768345957622e-05
173342720,0.05000000074505806,0.5575340390205383,0.02508903294801712,0.0028550107963383198,-7.126928329467773,28.467741012573242,0.00019999999494757503,0.0005000000237487257,3.4055421565426514e-05
173408256,0.05000000074505806,1.032109022140503,0.046444911509752274,0.0020151615608483553,-7.125694751739502,21.969192504882812,0.00019999999494757503,0.0005000000237487257,9.720837988425046e-05
173473792,0.05000000074505806,0.9305707216262817,0.0418756864964962,0.002238463144749403,-7.126624584197998,25.887338638305664,0.00019999999494757503,0.0005000000237487257,3.045809717150405e-05
173539328,0.05000000074505806,0.6848074793815613,0.03081633895635605,0.0020413766615092754,-7.125470161437988,18.08928108215332,0.00019999999494757503,0.0005000000237487257,0.00011063618148909882
173604864,0.05000000074505806,1.2710769176483154,0.05719846114516258,0.0021918199490755796,-7.122869491577148,25.29248046875,0.00019999999494757503,0.0005000000237487257,0.00011618483404163271
173670400,0.05000000074505806,0.9792443513870239,0.04406600072979927,0.002323182998225093,-7.123581409454346,20.06730079650879,0.00019999999494757503,0.0005000000237487257,2.7158448574482463e-05
173735936,0.05000000074505806,0.742293119430542,0.0334031879901886,0.0023578673135489225,-7.123324394226074,27.275039672851562,0.00019999999494757503,0.0005000000237487257,0.0002356252516619861
173801472,0.05000000074505806,3.5483577251434326,0.15967610478401184,0.004268989432603121,-7.124355792999268,49.60886764526367,0.00019999999494757503,0.0005000000237487257,2.2281996280071326e-05
173867008,0.05000000074505806,3.838301658630371,0.17272359132766724,0.0018227871041744947,-7.1235785484313965,30.33282470703125,0.00019999999494757503,0.0005000000237487257,9.218640116159804e-06
173932544,0.05000000074505806,3.9865152835845947,0.17939317226409912,0.0024548955261707306,-7.121619701385498,24.529138565063477,0.00019999999494757503,0.0005000000237487257,3.220026883354876e-06
173998080,0.05000000074505806,3.8051517009735107,0.17123183608055115,0.0014609027421101928,-7.123993873596191,24.556278228759766,0.00019999999494757503,0.0005000000237487257,8.397258170589339e-06
174063616,0.05000000074505806,3.67922043800354,0.16556492447853088,0.0019081981154158711,-7.124727249145508,32.03486633300781,0.00019999999494757503,0.0005000000237487257,6.6391535256116185e-06
174129152,0.05000000074505806,1.6351613998413086,0.07358226180076599,0.0020887874998152256,-7.126131534576416,28.341838836669922,0.00019999999494757503,0.0005000000237487257,3.7962570786476135e-05
174194688,0.05000000074505806,0.9048418998718262,0.04071788862347603,0.002590007148683071,-7.130732536315918,29.07604217529297,0.00019999999494757503,0.0005000000237487257,2.9268783691804856e-05
174260224,0.05000000074505806,1.0342777967453003,0.04654250666499138,0.0023474202025681734,-7.129497528076172,23.277658462524414,0.00019999999494757503,0.0005000000237487257,1.1263629858149216e-05
174325760,0.05000000074505806,1.906097173690796,0.08577436953783035,0.0026353332214057446,-7.128941059112549,31.590497970581055,0.00019999999494757503,0.0005000000237487257,6.264364401431521e-06
174391296,0.05000000074505806,1.8582384586334229,0.08362072706222534,0.0025968849658966064,-7.129205226898193,22.175460815429688,0.00019999999494757503,0.0005000000237487257,1.5094487025635317e-05
174456832,0.05000000074505806,1.2521817684173584,0.05634818598628044,0.0025837605353444815,-7.126220226287842,27.410194396972656,0.00019999999494757503,0.0005000000237487257,0.0002864970883820206
174522368,0.05000000074505806,1.0635541677474976,0.04785994067788124,0.0021540354937314987,-7.125576019287109,24.657283782958984,0.00019999999494757503,0.0005000000237487257,0.0006474965484812856
174587904,0.05000000074505806,0.957597017288208,0.043091870844364166,0.0022609541192650795,-7.126142978668213,22.031343460083008,0.00019999999494757503,0.0005000000237487257,9.897468407871202e-05
174653440,0.05000000074505806,1.675267219543457,0.07538703083992004,0.0021698842756450176,-7.127453327178955,22.673070907592773,0.00019999999494757503,0.0005000000237487257,2.02744467969751e-05
174718976,0.05000000074505806,1.3611633777618408,0.06125235557556152,0.002279585227370262,-7.128246784210205,27.518566131591797,0.00019999999494757503,0.0005000000237487257,1.7044541891664267e-05
174784512,0.05000000074505806,0.9246011972427368,0.041607052087783813,0.0019123796373605728,-7.127002239227295,27.11895751953125,0.00019999999494757503,0.0005000000237487257,7.626626029377803e-05
174850048,0.05000000074505806,0.6312738060951233,0.028407324105501175,0.0028503802604973316,-7.127335071563721,23.427536010742188,0.00019999999494757503,0.0005000000237487257,0.00023962520936038345
174915584,0.05000000074505806,0.6633285880088806,0.029849786311388016,0.0025190352462232113,-7.121800422668457,19.381492614746094,0.00019999999494757503,0.0005000000237487257,7.909559644758701e-05
174981120,0.05000000074505806,0.7848309278488159,0.03531739488244057,0.0023096404038369656,-7.121119022369385,20.934520721435547,0.00019999999494757503,0.0005000000237487257,2.2917651222087443e-05
175046656,0.05000000074505806,0.7633006572723389,0.03434853255748749,0.001751916715875268,-7.122541904449463,26.153701782226562,0.00019999999494757503,0.0005000000237487257,2.4429202312603593e-05
175112192,0.05000000074505806,0.7912377119064331,0.03560569882392883,0.0023832195438444614,-7.1174750328063965,20.096094131469727,0.00019999999494757503,0.0005000000237487257,7.526341505581513e-05
175177728,0.05000000074505806,0.7564253807067871,0.03403914347290993,0.002472397405654192,-7.115898132324219,22.197057723999023,0.00019999999494757503,0.0005000000237487257,4.7026787797221914e-05
175243264,0.05000000074505806,0.6837918758392334,0.030770637094974518,0.002093513263389468,-7.111602306365967,19.83742332458496,0.00019999999494757503,0.0005000000237487257,5.190390584175475e-05
175308800,0.05000000074505806,0.823291003704071,0.0370480902493,0.002043836982920766,-7.112056732177734,19.973405838012695,0.00019999999494757503,0.0005000000237487257,3.631108847912401e-05
175374336,0.05000000074505806,0.7252081632614136,0.032634370028972626,0.001671943929977715,-7.115197658538818,21.931739807128906,0.00019999999494757503,0.0005000000237487257,4.5947846956551075e-05
175439872,0.05000000074505806,3.381406545639038,0.1521633118391037,0.0022384326439350843,-7.123195171356201,33.579959869384766,0.00019999999494757503,0.0005000000237487257,2.2711974452249706e-05
175505408,0.05000000074505806,3.642212390899658,0.16389957070350647,0.0018996361177414656,-7.123852252960205,27.95407485961914,0.00019999999494757503,0.0005000000237487257,8.31010675028665e-06
175570944,0.05000000074505806,3.7496559619903564,0.16873453557491302,0.0020550191402435303,-7.126190662384033,25.046009063720703,0.00019999999494757503,0.0005000000237487257,3.2028563055064296e-06
175636480,0.05000000074505806,3.48850417137146,0.1569826900959015,0.001969852950423956,-7.125502586364746,23.035545349121094,0.00019999999494757503,0.0005000000237487257,8.34504680824466e-06
175702016,0.05000000074505806,3.4358301162719727,0.15461237728595734,0.0018558683805167675,-7.126798629760742,26.709003448486328,0.00019999999494757503,0.0005000000237487257,9.862142178462818e-06
175767552,0.05000000074505806,1.5969853401184082,0.07186433672904968,0.0021106975618749857,-7.1255879402160645,31.15655517578125,0.00019999999494757503,0.0005000000237487257,4.599374005920254e-05
175833088,0.05000000074505806,0.822441816329956,0.03700988367199898,0.0017709062667563558,-7.125872611999512,20.621261596679688,0.00019999999494757503,0.0005000000237487257,2.360102007514797e-05
175898624,0.05000000074505806,1.101813554763794,0.049581609666347504,0.002205692697316408,-7.128653049468994,27.812530517578125,0.00019999999494757503,0.0005000000237487257,8.728753527975641e-06
175964160,0.05000000074505806,1.9578107595443726,0.08810149133205414,0.0025398023426532745,-7.12636661529541,24.695520401000977,0.00019999999494757503,0.0005000000237487257,6.3898587541189045e-06
176029696,0.05000000074505806,1.6815552711486816,0.07566998898983002,0.0023112320341169834,-7.12806510925293,21.52641487121582,0.00019999999494757503,0.0005000000237487257,1.0456711606821045e-05
176095232,0.05000000074505806,1.1435060501098633,0.05145777761936188,0.0021860627457499504,-7.126755237579346,25.526119232177734,0.00019999999494757503,0.0005000000237487257,0.0003588169638533145
176160768,0.05000000074505806,1.001768708229065,0.045079588890075684,0.0016624199924990535,-7.126899719238281,22.952848434448242,0.00019999999494757503,0.0005000000237487257,0.0003823795705102384
176226304,0.05000000074505806,0.913318932056427,0.04109935462474823,0.0025570036377757788,-7.125921249389648,19.565534591674805,0.00019999999494757503,0.0005000000237487257,6.0784117522416636e-05
176291840,0.05000000074505806,1.2410686016082764,0.05584808811545372,0.002679349621757865,-7.1277642250061035,22.01891326904297,0.00019999999494757503,0.0005000000237487257,1.9131821318296716e-05
176357376,0.05000000074505806,1.1819795370101929,0.05318908393383026,0.0020255642011761665,-7.130123615264893,22.448089599609375,0.00019999999494757503,0.0005000000237487257,1.795493153622374e-05
176422912,0.05000000074505806,0.7300852537155151,0.03285384178161621,0.0022763668093830347,-7.128920078277588,25.242094039916992,0.00019999999494757503,0.0005000000237487257,0.00013551946904044598
176488448,0.05000000074505806,0.552285373210907,0.024852842092514038,0.002074750605970621,-7.125747203826904,23.35051155090332,0.00019999999494757503,0.0005000000237487257,0.0003294339985586703
176553984,0.05000000074505806,0.6083477735519409,0.02737564966082573,0.0022542523220181465,-7.122542858123779,19.365543365478516,0.00019999999494757503,0.0005000000237487257,7.567254215246066e-05
176619520,0.05000000074505806,0.6086826920509338,0.027390720322728157,0.0023172723595052958,-7.123301982879639,22.100818634033203,0.00019999999494757503,0.0005000000237487257,3.2951251341728494e-05
176685056,0.05000000074505806,0.8910859823226929,0.04009886831045151,0.0028289961628615856,-7.125600814819336,23.140106201171875,0.00019999999494757503,0.0005000000237487257,3.299136005807668e-05
176750592,0.05000000074505806,0.6840437650680542,0.030781973153352737,0.0023485217243433,-7.123326301574707,26.443273544311523,0.00019999999494757503,0.0005000000237487257,5.201478415983729e-05
176816128,0.05000000074505806,0.8240895867347717,0.037084031850099564,0.0021528960205614567,-7.12143611907959,20.12964630126953,0.00019999999494757503,0.0005000000237487257,0.00018676600302569568
176881664,0.05000000074505806,1.134251594543457,0.05104132741689682,0.002258649095892906,-7.117529392242432,19.718502044677734,0.00019999999494757503,0.0005000000237487257,8.359309867955744e-05
176947200,0.05000000074505806,0.7792943120002747,0.035068243741989136,0.002065254608169198,-7.120377063751221,19.066524505615234,0.00019999999494757503,0.0005000000237487257,2.9029804863967e-05
177012736,0.05000000074505806,0.8034855127334595,0.036156851798295975,0.001967513933777809,-7.119523048400879,22.097227096557617,0.00019999999494757503,0.0005000000237487257,0.00025172921596094966
177078272,0.05000000074505806,3.3955464363098145,0.1527996063232422,0.003890624502673745,-7.1237640380859375,34.031532287597656,0.00019999999494757503,0.0005000000237487257,2.2963631636230275e-05
177143808,0.05000000074505806,3.700486421585083,0.16652190685272217,0.0016721272841095924,-7.125916957855225,27.654949188232422,0.00019999999494757503,0.0005000000237487257,1.041644463839475e-05
177209344,0.05000000074505806,3.8153982162475586,0.17169290781021118,0.002134383888915181,-7.1250410079956055,25.895965576171875,0.00019999999494757503,0.0005000000237487257,3.413775402805186e-06
177274880,0.05000000074505806,3.5316429138183594,0.1589239537715912,0.0022720189299434423,-7.125422477722168,26.056419372558594,0.00019999999494757503,0.0005000000237487257,6.130806013970869e-06
177340416,0.05000000074505806,3.4230234622955322,0.1540360450744629,0.0017683820333331823,-7.126272201538086,23.621042251586914,0.00019999999494757503,0.0005000000237487257,9.91442175291013e-06
177405952,0.05000000074505806,1.582733392715454,0.07122299820184708,0.0019480332266539335,-7.128806114196777,30.17938804626465,0.00019999999494757503,0.0005000000237487257,5.1629453082568944e-05
177471488,0.05000000074505806,0.772243857383728,0.03475097566843033,0.0022516350727528334,-7.130412578582764,28.278160095214844,0.00019999999494757503,0.0005000000237487257,3.0014147341717035e-05
177537024,0.05000000074505806,0.9032235145568848,0.040645062923431396,0.0031666536815464497,-7.125878810882568,29.631797790527344,0.00019999999494757503,0.0005000000237487257,1.0436093361931853e-05
177602560,0.05000000074505806,1.6972416639328003,0.07637587934732437,0.002226554788649082,-7.127318382263184,24.073881149291992,0.00019999999494757503,0.0005000000237487257,6.198514256539056e-06
177668096,0.05000000074505806,1.3195712566375732,0.05938071012496948,0.0021726174745708704,-7.127089023590088,19.615428924560547,0.00019999999494757503,0.0005000000237487257,1.4266724974731915e-05
177733632,0.05000000074505806,0.9357029795646667,0.04210663586854935,0.0021161700133234262,-7.127945899963379,24.36998748779297,0.00019999999494757503,0.0005000000237487257,0.0002536492538638413
177799168,0.05000000074505806,0.7961556315422058,0.03582700341939926,0.002077290089800954,-7.127475261688232,25.680627822875977,0.00019999999494757503,0.0005000000237487257,0.0005225708591751754
177864704,0.05000000074505806,0.7636462450027466,0.03436408191919327,0.002495644148439169,-7.126992225646973,20.189523696899414,0.00019999999494757503,0.0005000000237487257,0.00012672120647039264
177930240,0.05000000074505806,1.4067509174346924,0.06330378353595734,0.001652850885875523,-7.128366470336914,24.188377380371094,0.00019999999494757503,0.0005000000237487257,3.3289492421317846e-05
177995776,0.05000000074505806,1.5218536853790283,0.06848341971635818,0.0021667589899152517,-7.124910354614258,20.69335174560547,0.00019999999494757503,0.0005000000237487257,1.1642192475846969e-05
178061312,0.05000000074505806,1.1042091846466064,0.049689412117004395,0.0020853932946920395,-7.124391555786133,19.685070037841797,0.00019999999494757503,0.0005000000237487257,4.9507183575769886e-05
178126848,0.05000000074505806,0.6872934699058533,0.03092820756137371,0.002055803779512644,-7.120711803436279,19.388240814208984,0.00019999999494757503,0.0005000000237487257,0.0001400564651703462
178192384,0.05000000074505806,0.6421384811401367,0.028896231204271317,0.0022650468163192272,-7.121463775634766,20.940786361694336,0.00019999999494757503,0.0005000000237487257,4.284492752049118e-05
178257920,0.05000000074505806,0.5727798938751221,0.02577509917318821,0.002382441656664014,-7.119096755981445,24.391014099121094,0.00019999999494757503,0.0005000000237487257,4.364307824289426e-05
178323456,0.05000000074505806,1.2896003723144531,0.05803202465176582,0.0026435800828039646,-7.124963283538818,15.640340805053711,0.00019999999494757503,0.0005000000237487257,0.00012644189700949937
178388992,0.05000000074505806,0.833977222442627,0.037528976798057556,0.0018272637389600277,-7.122872352600098,23.660783767700195,0.00019999999494757503,0.0005000000237487257,2.9506983992177993e-05
178454528,0.05000000074505806,0.8243484497070312,0.037095680832862854,0.001870509935542941,-7.125735282897949,20.046676635742188,0.00019999999494757503,0.0005000000237487257,0.00017952837515622377
178520064,0.05000000074505806,1.0673234462738037,0.04802954941987991,0.002528679557144642,-7.123508453369141,21.52906036376953,0.00019999999494757503,0.0005000000237487257,7.917758193798363e-05
178585600,0.05000000074505806,0.9536746740341187,0.04291536659002304,0.001936739543452859,-7.120421409606934,22.878767013549805,0.00019999999494757503,0.0005000000237487257,2.2528014596900903e-05
178651136,0.05000000074505806,0.7728967666625977,0.0347803570330143,0.0018869979539886117,-7.117516994476318,21.97785186767578,0.00019999999494757503,0.0005000000237487257,0.00016004768258426338
178716672,0.05000000074505806,3.4499709606170654,0.15524868667125702,0.00295451283454895,-7.1249775886535645,39.52302169799805,0.00019999999494757503,0.0005000000237487257,1.8658536646398716e-05
178782208,0.05000000074505806,3.6388161182403564,0.16374675929546356,0.0019108511041849852,-7.126644611358643,24.70499610900879,0.00019999999494757503,0.0005000000237487257,8.933755452744663e-06
178847744,0.05000000074505806,3.6570639610290527,0.16456788778305054,0.0020297719165682793,-7.127211570739746,22.95262908935547,0.00019999999494757503,0.0005000000237487257,4.1233092815673444e-06
178913280,0.05000000074505806,3.4155917167663574,0.15370164811611176,0.001893322798423469,-7.125847816467285,23.73072624206543,0.00019999999494757503,0.0005000000237487257,7.211564934550552e-06
178978816,0.05000000074505806,3.334820508956909,0.15006692707538605,0.0019102960359305143,-7.1295061111450195,24.986108779907227,0.00019999999494757503,0.0005000000237487257,1.1072136658185627e-05
179044352,0.05000000074505806,1.5383508205413818,0.06922578811645508,0.0018745381385087967,-7.128615379333496,26.853139877319336,0.00019999999494757503,0.0005000000237487257,4.6249653678387403e-05
179109888,0.05000000074505806,0.8117029070854187,0.0365266315639019,0.0019790276419371367,-7.130494117736816,23.74073028564453,0.00019999999494757503,0.0005000000237487257,2.700889490370173e-05
179175424,0.05000000074505806,1.0097312927246094,0.04543791338801384,0.0018633052241057158,-7.130514144897461,24.15083122253418,0.00019999999494757503,0.0005000000237487257,9.374660294270143e-06
179240960,0.05000000074505806,1.9703625440597534,0.08866630494594574,0.0025124128442257643,-7.127053260803223,21.151403427124023,0.00019999999494757503,0.0005000000237487257,6.901427695993334e-06
179306496,0.05000000074505806,1.5569782257080078,0.07006402313709259,0.00249120662920177,-7.127221584320068,25.862295150756836,0.00019999999494757503,0.0005000000237487257,1.1936877854168415e-05
179372032,0.05000000074505806,1.1029810905456543,0.049634143710136414,0.0021918248385190964,-7.128715515136719,25.41827964782715,0.00019999999494757503,0.0005000000237487257,0.0004653125361073762
179437568,0.05000000074505806,1.004320502281189,0.04519442468881607,0.0020415899343788624,-7.127323627471924,21.98406982421875,0.00019999999494757503,0.0005000000237487257,0.0008426101412624121
179503104,0.05000000074505806,0.8860188126564026,0.03987085074186325,0.002140447963029146,-7.131111145019531,17.306068420410156,0.00019999999494757503,0.0005000000237487257,7.539625221397728e-05
179568640,0.05000000074505806,1.278099536895752,0.057514488697052,0.0024224836379289627,-7.133447170257568,21.089527130126953,0.00019999999494757503,0.0005000000237487257,2.418384792690631e-05
179634176,0.05000000074505806,1.2355247735977173,0.05559861660003662,0.0024044369347393513,-7.133195877075195,25.726491928100586,0.00019999999494757503,0.0005000000237487257,2.2010464817867614e-05
179699712,0.05000000074505806,0.7452635765075684,0.033536866307258606,0.0019970443099737167,-7.132828712463379,18.38263511657715,0.00019999999494757503,0.0005000000237487257,0.00011756510502891615
179765248,0.05000000074505806,0.56480473279953,0.025416212156414986,0.0022582360543310642,-7.133029937744141,24.445253372192383,0.00019999999494757503,0.0005000000237487257,0.0002953175571747124
179830784,0.05000000074505806,0.6269019842147827,0.028210589662194252,0.002481666160747409,-7.130353927612305,22.363788604736328,0.00019999999494757503,0.0005000000237487257,9.305581625085324e-05
179896320,0.05000000074505806,0.6038577556610107,0.02717360109090805,0.002265038201585412,-7.130370140075684,20.42193031311035,0.00019999999494757503,0.0005000000237487257,4.900628118775785e-05
179961856,0.05000000074505806,0.7564382553100586,0.034039728343486786,0.0020513194613158703,-7.12895393371582,21.416418075561523,0.00019999999494757503,0.0005000000237487257,0.00010655540972948074
180027392,0.05000000074505806,0.7359545826911926,0.033117957413196564,0.0020954736974090338,-7.124843120574951,23.520130157470703,0.00019999999494757503,0.0005000000237487257,2.7847445380757563e-05
180092928,0.05000000074505806,0.7685288786888123,0.03458379954099655,0.00261799618601799,-7.124658584594727,21.846328735351562,0.00019999999494757503,0.0005000000237487257,9.965774370357394e-05
180158464,0.05000000074505806,1.5272215604782104,0.06872497498989105,0.0023468623403459787,-7.124094009399414,22.660791397094727,0.00019999999494757503,0.0005000000237487257,0.00013781794405076653
180224000,0.05000000074505806,1.0103861093521118,0.045467376708984375,0.002226356416940689,-7.125678539276123,21.837234497070312,0.00019999999494757503,0.0005000000237487257,2.6623307348927483e-05
180289536,0.05000000074505806,0.8796986937522888,0.039586443454027176,0.0020205271430313587,-7.121480941772461,19.785579681396484,0.00019999999494757503,0.0005000000237487257,0.00019193554180674255
180355072,0.05000000074505806,3.3672420978546143,0.15152591466903687,0.002517817309126258,-7.126152038574219,32.11560821533203,0.00019999999494757503,0.0005000000237487257,2.0155688616796397e-05
180420608,0.05000000074505806,3.547400951385498,0.15963304042816162,0.002531352685764432,-7.127863883972168,34.47183609008789,0.00019999999494757503,0.0005000000237487257,9.217517799697816e-06
180486144,0.05000000074505806,3.5940632820129395,0.16173286736011505,0.0021286041010171175,-7.1294941902160645,24.25551986694336,0.00019999999494757503,0.0005000000237487257,2.9791772249154747e-06
180551680,0.05000000074505806,3.377755880355835,0.15199902653694153,0.0016953293234109879,-7.128053188323975,22.8920955657959,0.00019999999494757503,0.0005000000237487257,1.4616068256145809e-05
180617216,0.05000000074505806,3.3797543048858643,0.1520889401435852,0.0017600338906049728,-7.131473541259766,28.282527923583984,0.00019999999494757503,0.0005000000237487257,1.134101148636546e-05
180682752,0.05000000074505806,1.5447237491607666,0.06951256841421127,0.0018423821311444044,-7.13432502746582,23.716148376464844,0.00019999999494757503,0.0005000000237487257,3.962836854043417e-05
180748288,0.05000000074505806,0.8262551426887512,0.03718148171901703,0.0021271444857120514,-7.133162975311279,26.751060485839844,0.00019999999494757503,0.0005000000237487257,2.355741526116617e-05
180813824,0.05000000074505806,0.8661012649536133,0.03897455707192421,0.002542853355407715,-7.132448196411133,26.585323333740234,0.00019999999494757503,0.0005000000237487257,1.4286710211308673e-05
180879360,0.05000000074505806,1.743261694908142,0.07844678312540054,0.002513452200219035,-7.131047248840332,27.708148956298828,0.00019999999494757503,0.0005000000237487257,8.793265806161799e-06
180944896,0.05000000074505806,1.8555116653442383,0.0834980234503746,0.0021941496524959803,-7.130523681640625,26.281766891479492,0.00019999999494757503,0.0005000000237487257,1.1121102033939678e-05
181010432,0.05000000074505806,1.218569278717041,0.054835617542266846,0.0023881117813289165,-7.129086494445801,32.27723693847656,0.00019999999494757503,0.0005000000237487257,0.0003324369608890265
181075968,0.05000000074505806,1.0735598802566528,0.04831019416451454,0.002639750251546502,-7.129237174987793,29.86634063720703,0.00019999999494757503,0.0005000000237487257,0.000673117465339601
181141504,0.05000000074505806,1.0014514923095703,0.045065321028232574,0.0023555350489914417,-7.122457027435303,18.653217315673828,0.00019999999494757503,0.0005000000237487257,0.00011874720075866207
181207040,0.05000000074505806,1.3020399808883667,0.058591797947883606,0.002198126632720232,-7.126315116882324,21.770401000976562,0.00019999999494757503,0.0005000000237487257,4.263203663867898e-05
181272576,0.05000000074505806,1.3082973957061768,0.05887337774038315,0.001926810247823596,-7.1261091232299805,20.129180908203125,0.00019999999494757503,0.0005000000237487257,1.3341353223950136e-05
181338112,0.05000000074505806,0.8090189695358276,0.036405857652425766,0.002192877233028412,-7.122693061828613,23.03076171875,0.00019999999494757503,0.0005000000237487257,0.00011408457794459537
181403648,0.05000000074505806,0.5387355089187622,0.024243097752332687,0.001926681725308299,-7.122598171234131,17.88847541809082,0.00019999999494757503,0.0005000000237487257,0.0003001708537340164
181469184,0.05000000074505806,0.7268394827842712,0.03270777687430382,0.002258903346955776,-7.1219801902771,20.53033447265625,0.00019999999494757503,0.0005000000237487257,5.610497828456573e-05
181534720,0.05000000074505806,0.578202486038208,0.026019113138318062,0.0022321161814033985,-7.120037078857422,20.503814697265625,0.00019999999494757503,0.0005000000237487257,2.3002055968390778e-05
181600256,0.05000000074505806,0.6907321810722351,0.03108294866979122,0.0022089143749326468,-7.122529983520508,20.937149047851562,0.00019999999494757503,0.0005000000237487257,5.681380571331829e-05
181665792,0.05000000074505806,0.70807284116745,0.03186327964067459,0.0020877330098301172,-7.122613906860352,21.10623550415039,0.00019999999494757503,0.0005000000237487257,3.60768026439473e-05
181731328,0.05000000074505806,0.7576590776443481,0.034094661474227905,0.0021630439441651106,-7.117471694946289,17.75078010559082,0.00019999999494757503,0.0005000000237487257,7.872210699133575e-05
181796864,0.05000000074505806,1.2375190258026123,0.05568835139274597,0.0019785927142947912,-7.118418216705322,22.229063034057617,0.00019999999494757503,0.0005000000237487257,8.399540092796087e-05
181862400,0.05000000074505806,0.8187195062637329,0.036842379719018936,0.0023672895040363073,-7.12268590927124,25.21603775024414,0.00019999999494757503,0.0005000000237487257,2.6077244910993613e-05
181927936,0.05000000074505806,0.838823139667511,0.03774704411625862,0.0018314874032512307,-7.1220903396606445,23.634544372558594,0.00019999999494757503,0.0005000000237487257,0.0002340759674552828
181993472,0.05000000074505806,3.3948357105255127,0.1527676284313202,0.0023554349318146706,-7.125790596008301,34.049217224121094,0.00019999999494757503,0.0005000000237487257,2.1131410903763026e-05
182059008,0.05000000074505806,3.5647900104522705,0.16041553020477295,0.00210985797457397,-7.127726078033447,25.238752365112305,0.00019999999494757503,0.0005000000237487257,9.516151294519659e-06
182124544,0.05000000074505806,3.5251221656799316,0.15863049030303955,0.0022340798750519753,-7.125889778137207,25.914308547973633,0.00019999999494757503,0.0005000000237487257,3.0246819733292796e-06
182190080,0.05000000074505806,3.3071794509887695,0.148823082447052,0.002121844794601202,-7.125879287719727,25.35978126525879,0.00019999999494757503,0.0005000000237487257,1.393716229358688e-05
182255616,0.05000000074505806,3.3262195587158203,0.14967989921569824,0.002081967191770673,-7.126620769500732,28.15900993347168,0.00019999999494757503,0.0005000000237487257,1.095408879336901e-05
182321152,0.05000000074505806,1.5217076539993286,0.0684768483042717,0.0020896377973258495,-7.128446102142334,28.81951904296875,0.00019999999494757503,0.0005000000237487257,4.3835527321789414e-05
182386688,0.05000000074505806,0.8969293236732483,0.04036181792616844,0.00197789678350091,-7.133111953735352,25.108657836914062,0.00019999999494757503,0.0005000000237487257,2.3119380784919485e-05
182452224,0.05000000074505806,0.9192257523536682,0.041365157812833786,0.002554647158831358,-7.132331848144531,26.876741409301758,0.00019999999494757503,0.0005000000237487257,1.5077586795086972e-05
182517760,0.05000000074505806,1.7344071865081787,0.07804833352565765,0.0021461807191371918,-7.1337409019470215,20.54017448425293,0.00019999999494757503,0.0005000000237487257,7.737442501820624e-06
182583296,0.05000000074505806,1.489328384399414,0.06701977550983429,0.002249144483357668,-7.132730007171631,18.94455337524414,0.00019999999494757503,0.0005000000237487257,1.458106271456927e-05
182648832,0.05000000074505806,1.0794730186462402,0.04857628792524338,0.0020534784998744726,-7.132763385772705,20.508602142333984,0.00019999999494757503,0.0005000000237487257,0.000409122760174796
182714368,0.05000000074505806,0.9325763583183289,0.04196593910455704,0.00197134749032557,-7.130171298980713,20.47380828857422,0.00019999999494757503,0.0005000000237487257,0.000635027012322098
182779904,0.05000000074505806,0.9247052073478699,0.04161173477768898,0.0023991975467652082,-7.132266044616699,17.718950271606445,0.00019999999494757503,0.0005000000237487257,0.0001232807117048651
182845440,0.05000000074505806,1.0500797033309937,0.04725358262658119,0.001915274653583765,-7.13371467590332,25.033864974975586,0.00019999999494757503,0.0005000000237487257,4.014985097455792e-05
182910976,0.05000000074505806,1.3313262462615967,0.05990968644618988,0.0020852661691606045,-7.133868217468262,21.015369415283203,0.00019999999494757503,0.0005000000237487257,1.2242052434885409e-05
182976512,0.05000000074505806,0.9020296931266785,0.04059133678674698,0.0023953148629516363,-7.129458427429199,25.623291015625,0.00019999999494757503,0.0005000000237487257,7.096632907632738e-05
183042048,0.05000000074505806,0.5257253646850586,0.02365764230489731,0.002191068371757865,-7.126915454864502,25.374120712280273,0.00019999999494757503,0.0005000000237487257,0.0003155553131364286
183107584,0.05000000074505806,0.5483372211456299,0.024675173684954643,0.002110088709741831,-7.12539005279541,18.754526138305664,0.00019999999494757503,0.0005000000237487257,7.58227615733631e-05
183173120,0.05000000074505806,0.5407712459564209,0.024334704503417015,0.0023112755734473467,-7.123413562774658,21.037845611572266,0.00019999999494757503,0.0005000000237487257,3.510692476993427e-05
183238656,0.05000000074505806,1.0435764789581299,0.046960946172475815,0.002431792439892888,-7.125170707702637,23.21336555480957,0.00019999999494757503,0.0005000000237487257,0.00012497884745243937
183304192,0.05000000074505806,1.1648074388504028,0.05241633951663971,0.002526587340980768,-7.1284074783325195,23.519107818603516,0.00019999999494757503,0.0005000000237487257,1.9448136299615726e-05
183369728,0.05000000074505806,0.6842000484466553,0.030789004638791084,0.0023080853279680014,-7.124667167663574,17.243671417236328,0.00019999999494757503,0.0005000000237487257,0.0001287325139855966
183435264,0.05000000074505806,0.9416563510894775,0.04237453639507294,0.0022716622333973646,-7.127044677734375,22.995010375976562,0.00019999999494757503,0.0005000000237487257,0.00021943966567050666
183500800,0.05000000074505806,0.7905510663986206,0.03557480126619339,0.0024210913106799126,-7.1278181076049805,27.296749114990234,0.00019999999494757503,0.0005000000237487257,3.0890980269759893e-05
183566336,0.05000000074505806,0.7951928377151489,0.03578367829322815,0.002061637584120035,-7.124545574188232,21.301898956298828,0.00019999999494757503,0.0005000000237487257,0.0003918033908121288
183631872,0.05000000074505806,3.3452396392822266,0.15053579211235046,0.0021089729852974415,-7.130883693695068,29.185392379760742,0.00019999999494757503,0.0005000000237487257,1.8157217709813267e-05
183697408,0.05000000074505806,3.4801783561706543,0.15660803020000458,0.0016605338314548135,-7.132418632507324,23.76666259765625,0.00019999999494757503,0.0005000000237487257,1.1639606782409828e-05
183762944,0.05000000074505806,3.4752979278564453,0.15638841688632965,0.002197085414081812,-7.129952907562256,22.776058197021484,0.00019999999494757503,0.0005000000237487257,2.9796906346746255e-06
183828480,0.05000000074505806,3.2685844898223877,0.14708629250526428,0.0018200152553617954,-7.129829406738281,20.912052154541016,0.00019999999494757503,0.0005000000237487257,1.43504375955672e-05
183894016,0.05000000074505806,3.294980049133301,0.14827409386634827,0.0020952136255800724,-7.13157844543457,29.721179962158203,0.00019999999494757503,0.0005000000237487257,8.817445632303134e-06
183959552,0.05000000074505806,1.5309031009674072,0.06889063864946365,0.0020150209311395884,-7.135435581207275,25.516223907470703,0.00019999999494757503,0.0005000000237487257,3.749544339370914e-05
184025088,0.05000000074505806,0.7410659790039062,0.0333479680120945,0.0025461132172495127,-7.136343955993652,26.500999450683594,0.00019999999494757503,0.0005000000237487257,2.5854842533590272e-05
184090624,0.05000000074505806,1.0677969455718994,0.048050861805677414,0.002424077596515417,-7.1349568367004395,24.446758270263672,0.00019999999494757503,0.0005000000237487257,1.1694329259626102e-05
184156160,0.05000000074505806,2.0053091049194336,0.09023891389369965,0.002412863541394472,-7.132925510406494,25.948287963867188,0.00019999999494757503,0.0005000000237487257,6.761605618521571e-06
184221696,0.05000000074505806,2.1013529300689697,0.09456087648868561,0.0022978545166552067,-7.1294732093811035,21.360027313232422,0.00019999999494757503,0.0005000000237487257,1.4182062841427978e-05
184287232,0.05000000074505806,1.2379324436187744,0.05570696294307709,0.0024621468037366867,-7.129427909851074,22.997039794921875,0.00019999999494757503,0.0005000000237487257,0.000375172880012542
184352768,0.05000000074505806,1.020818829536438,0.04593684896826744,0.0021494138054549694,-7.13427734375,22.71095085144043,0.00019999999494757503,0.0005000000237487257,0.0008795523317530751
184418304,0.05000000074505806,0.8449355959892273,0.03802210092544556,0.002490245969966054,-7.133079528808594,20.804874420166016,0.00019999999494757503,0.0005000000237487257,0.00010456827294547111
184483840,0.05000000074505806,1.3829460144042969,0.062232568860054016,0.002297413069754839,-7.132465839385986,27.30073356628418,0.00019999999494757503,0.0005000000237487257,2.1020041458541527e-05
184549376,0.05000000074505806,1.318220615386963,0.059319935739040375,0.002260453999042511,-7.133734703063965,21.91292953491211,0.00019999999494757503,0.0005000000237487257,1.6877820598892868e-05
184614912,0.05000000074505806,0.8170017004013062,0.036765072494745255,0.0020772560965269804,-7.131382942199707,21.883438110351562,0.00019999999494757503,0.0005000000237487257,9.067999781109393e-05
184680448,0.05000000074505806,0.5231537222862244,0.023541921749711037,0.0022801426239311695,-7.129788398742676,21.787626266479492,0.00019999999494757503,0.0005000000237487257,0.00018946790078189224
184745984,0.05000000074505806,0.5750554203987122,0.025877490639686584,0.0023063593544065952,-7.127566337585449,20.41742706298828,0.00019999999494757503,0.0005000000237487257,0.00011876768985530362
184811520,0.05000000074505806,0.5702251195907593,0.025660129263997078,0.00252293748781085,-7.124873638153076,22.955963134765625,0.00019999999494757503,0.0005000000237487257,9.350519394502044e-05
184877056,0.05000000074505806,1.4797555208206177,0.06658900529146194,0.00240918411873281,-7.127817153930664,18.274768829345703,0.00019999999494757503,0.0005000000237487257,0.00014065711002331227
184942592,0.05000000074505806,0.8443846106529236,0.03799730911850929,0.002437491901218891,-7.130368232727051,22.524856567382812,0.00019999999494757503,0.0005000000237487257,2.8986083634663373e-05
185008128,0.05000000074505806,0.8421462774276733,0.03789658099412918,0.0022522257640957832,-7.129446029663086,17.378997802734375,0.00019999999494757503,0.0005000000237487257,9.832800424192101e-05
185073664,0.05000000074505806,1.3436143398284912,0.060462646186351776,0.002460770308971405,-7.125655651092529,19.972017288208008,0.00019999999494757503,0.0005000000237487257,0.00012263641110621393
185139200,0.05000000074505806,0.9656201601028442,0.0434529110789299,0.00218986626714468,-7.1269731521606445,19.895549774169922,0.00019999999494757503,0.0005000000237487257,3.2990279578370973e-05
185204736,0.05000000074505806,0.8146076202392578,0.03665734454989433,0.0026709067169576883,-7.124277114868164,27.436325073242188,0.00019999999494757503,0.0005000000237487257,0.0003208579437341541
185270272,0.05000000074505806,3.2764172554016113,0.14743879437446594,0.002092327456921339,-7.130130290985107,28.749282836914062,0.00019999999494757503,0.0005000000237487257,1.8801705664373003e-05
185335808,0.05000000074505806,3.4170868396759033,0.15376891195774078,0.001955883577466011,-7.1305646896362305,31.33122444152832,0.00019999999494757503,0.0005000000237487257,9.603864782548044e-06
185401344,0.05000000074505806,3.3870744705200195,0.1524183750152588,0.002608712762594223,-7.13063383102417,28.63221549987793,0.00019999999494757503,0.0005000000237487257,2.926876049968996e-06
185466880,0.05000000074505806,3.137650966644287,0.14119431376457214,0.002044705441221595,-7.129926681518555,23.466415405273438,0.00019999999494757503,0.0005000000237487257,1.2479502402129583e-05
185532416,0.05000000074505806,3.1713833808898926,0.14271225035190582,0.0016509400447830558,-7.139632225036621,23.14412498474121,0.00019999999494757503,0.0005000000237487257,9.119406968238764e-06
185597952,0.05000000074505806,1.4273922443389893,0.06423266232013702,0.0021860285196453333,-7.13864803314209,28.878982543945312,0.00019999999494757503,0.0005000000237487257,3.5279677831567824e-05
185663488,0.05000000074505806,0.7765862941741943,0.03494638204574585,0.002316772472113371,-7.136631965637207,22.017736434936523,0.00019999999494757503,0.0005000000237487257,2.0906378267682157e-05
185729024,0.05000000074505806,1.0489672422409058,0.04720352217555046,0.002629267517477274,-7.134449005126953,21.722177505493164,0.00019999999494757503,0.0005000000237487257,1.1448330042185262e-05
185794560,0.05000000074505806,1.8440155982971191,0.08298070728778839,0.0025774892419576645,-7.133835315704346,26.779964447021484,0.00019999999494757503,0.0005000000237487257,7.280225418071495e-06
185860096,0.05000000074505806,2.1092240810394287,0.09491509199142456,0.0022850106470286846,-7.134466648101807,21.18691635131836,0.00019999999494757503,0.0005000000237487257,1.0169561392103788e-05
185925632,0.05000000074505806,1.140071153640747,0.0513032041490078,0.002491665305569768,-7.133540153503418,20.126127243041992,0.00019999999494757503,0.0005000000237487257,0.0004320593143347651
185991168,0.05000000074505806,1.0266326665878296,0.04619847610592842,0.00231985654681921,-7.133713245391846,27.961523056030273,0.00019999999494757503,0.0005000000237487257,0.0009832307696342468
186056704,0.05000000074505806,0.94882732629776,0.042697228491306305,0.002492685569450259,-7.134467124938965,20.316875457763672,0.00019999999494757503,0.0005000000237487257,0.00013837389997206628
186122240,0.05000000074505806,0.9246430993080139,0.04160894453525543,0.0025003000628203154,-7.134190559387207,16.848875045776367,0.00019999999494757503,0.0005000000237487257,2.2359954527928494e-05
186187776,0.05000000074505806,1.4788460731506348,0.06654807180166245,0.0031696378719061613,-7.129204750061035,24.092910766601562,0.00019999999494757503,0.0005000000237487257,1.2333971426414791e-05
186253312,0.05000000074505806,1.0807890892028809,0.048635512590408325,0.0018249691929668188,-7.127628326416016,26.992971420288086,0.00019999999494757503,0.0005000000237487257,3.563826248864643e-05
186318848,0.05000000074505806,0.5404773950576782,0.024321485310792923,0.0023387311957776546,-7.125754356384277,19.013553619384766,0.00019999999494757503,0.0005000000237487257,0.0001500850048614666
186384384,0.05000000074505806,0.7917547821998596,0.035628966987133026,0.0022573305759578943,-7.122757911682129,26.44489097595215,0.00019999999494757503,0.0005000000237487257,5.703121132683009e-05
186449920,0.05000000074505806,0.5772476196289062,0.025976141914725304,0.002226014155894518,-7.1225175857543945,22.828643798828125,0.00019999999494757503,0.0005000000237487257,2.9076236387481913e-05
186515456,0.05000000074505806,0.9758245944976807,0.04391211271286011,0.0025849926751106977,-7.119762420654297,21.311716079711914,0.00019999999494757503,0.0005000000237487257,0.00011403750977478921
186580992,0.05000000074505806,1.4264159202575684,0.06418871134519577,0.002256879350170493,-7.122037410736084,22.759828567504883,0.00019999999494757503,0.0005000000237487257,1.7533595382701606e-05
186646528,0.05000000074505806,1.161694884300232,0.05227627232670784,0.002302981447428465,-7.118905544281006,20.284059524536133,0.00019999999494757503,0.0005000000237487257,2.3427230189554393e-05
186712064,0.05000000074505806,1.1709049940109253,0.05269072949886322,0.002283989218994975,-7.122657299041748,19.708938598632812,0.00019999999494757503,0.0005000000237487257,4.219495167490095e-05
186777600,0.05000000074505806,1.1591253280639648,0.05216064304113388,0.0018531122477725148,-7.118484973907471,16.665691375732422,0.00019999999494757503,0.0005000000237487257,4.766056008520536e-05
186843136,0.05000000074505806,0.823570966720581,0.03706069663167,0.0021476258989423513,-7.119362831115723,25.40776824951172,0.00019999999494757503,0.0005000000237487257,5.017319199396297e-05
186908672,0.05000000074505806,3.368457317352295,0.1515805721282959,0.002860997337847948,-7.124255180358887,36.51224899291992,0.00019999999494757503,0.0005000000237487257,1.724758476484567e-05
186974208,0.05000000074505806,3.4104762077331543,0.153471440076828,0.0023123438004404306,-7.126214027404785,31.325164794921875,0.00019999999494757503,0.0005000000237487257,7.792640644765925e-06
187039744,0.05000000074505806,3.333507776260376,0.15000784397125244,0.0021285524126142263,-7.125438690185547,23.98217010498047,0.00019999999494757503,0.0005000000237487257,2.696112460398581e-06
187105280,0.05000000074505806,3.0647706985473633,0.13791468739509583,0.0016212178161367774,-7.1287078857421875,23.75192642211914,0.00019999999494757503,0.0005000000237487257,1.2531541869975626e-05
187170816,0.05000000074505806,3.070481538772583,0.13817167282104492,0.0020570061169564724,-7.129912376403809,24.157997131347656,0.00019999999494757503,0.0005000000237487257,7.140423804230522e-06
187236352,0.05000000074505806,1.3779932260513306,0.06200969219207764,0.0016156175406649709,-7.129234313964844,24.473907470703125,0.00019999999494757503,0.0005000000237487257,4.218346657580696e-05
187301888,0.05000000074505806,0.7330430150032043,0.03298693895339966,0.0026694312691688538,-7.129008769989014,31.625337600708008,0.00019999999494757503,0.0005000000237487257,2.6743742637336254e-05
187367424,0.05000000074505806,0.7796308398246765,0.03508338704705238,0.0028823523316532373,-7.128187656402588,20.899921417236328,0.00019999999494757503,0.0005000000237487257,1.3040560588706285e-05
187432960,0.05000000074505806,1.859706163406372,0.08368678390979767,0.0022700512781739235,-7.12581205368042,24.784391403198242,0.00019999999494757503,0.0005000000237487257,6.4828864196897484e-06
187498496,0.05000000074505806,1.413625717163086,0.063613161444664,0.0024808081798255444,-7.127126693725586,22.241046905517578,0.00019999999494757503,0.0005000000237487257,1.081800746760564e-05
187564032,0.05000000074505806,0.8453161120414734,0.038039229810237885,0.0019836719147861004,-7.124505996704102,24.351903915405273,0.00019999999494757503,0.0005000000237487257,0.0004734688263852149
187629568,0.05000000074505806,0.7483929395675659,0.033677682280540466,0.0020044390112161636,-7.125255584716797,22.349082946777344,0.00019999999494757503,0.0005000000237487257,0.0007713531376793981
187695104,0.05000000074505806,0.6865004897117615,0.030892524868249893,0.0022762662265449762,-7.123210906982422,17.54837989807129,0.00019999999494757503,0.0005000000237487257,0.00011831473966594785
187760640,0.05000000074505806,1.3770663738250732,0.061967991292476654,0.002489246893674135,-7.123061180114746,25.263275146484375,0.00019999999494757503,0.0005000000237487257,1.940870424732566e-05
187826176,0.05000000074505806,1.1702969074249268,0.05266336351633072,0.001998170046135783,-7.1244425773620605,19.055038452148438,0.00019999999494757503,0.0005000000237487257,2.49708718911279e-05
187891712,0.05000000074505806,0.67197185754776,0.03023873269557953,0.0020234871190041304,-7.1226725578308105,25.48554039001465,0.00019999999494757503,0.0005000000237487257,0.00019573059398680925
187957248,0.05000000074505806,0.5123075246810913,0.023053839802742004,0.002264779293909669,-7.123772144317627,24.046260833740234,0.00019999999494757503,0.0005000000237487257,0.0003612342698033899
188022784,0.05000000074505806,0.5495184659957886,0.024728331714868546,0.0022668757010251284,-7.123793125152588,22.702743530273438,0.00019999999494757503,0.0005000000237487257,0.00010289625788573176
188088320,0.05000000074505806,0.5587998032569885,0.025145992636680603,0.0023421747609972954,-7.122494697570801,25.092811584472656,0.00019999999494757503,0.0005000000237487257,0.00030529953073710203
188153856,0.05000000074505806,1.097517490386963,0.04938828572630882,0.002219096291810274,-7.12481164932251,18.762855529785156,0.00019999999494757503,0.0005000000237487257,0.0002777658519335091
188219392,0.05000000074505806,0.6417344808578491,0.02887805551290512,0.00207671825774014,-7.126140594482422,18.92786979675293,0.00019999999494757503,0.0005000000237487257,3.484275657683611e-05
188284928,0.05000000074505806,0.6555882096290588,0.029501469805836678,0.0023279571905732155,-7.123406410217285,21.652965545654297,0.00019999999494757503,0.0005000000237487257,0.0002624525222927332
188350464,0.05000000074505806,1.3611347675323486,0.061251066625118256,0.002188862534239888,-7.124259948730469,26.47707748413086,0.00019999999494757503,0.0005000000237487257,0.0002857296203728765
188416000,0.05000000074505806,1.0552241802215576,0.047485094517469406,0.002178010530769825,-7.125319480895996,23.452848434448242,0.00019999999494757503,0.0005000000237487257,3.534277857397683e-05
188481536,0.05000000074505806,0.7171613574028015,0.03227226063609123,0.002293557161465287,-7.124399662017822,22.410202026367188,0.00019999999494757503,0.0005000000237487257,0.00029955129139125347
188547072,0.05000000074505806,3.2991976737976074,0.1484639048576355,0.003421326633542776,-7.126280784606934,42.20096206665039,0.00019999999494757503,0.0005000000237487257,1.7208349163411185e-05
188612608,0.05000000074505806,3.402203321456909,0.1530991494655609,0.0020485632121562958,-7.126733303070068,27.619718551635742,0.00019999999494757503,0.0005000000237487257,9.650479114498012e-06
188678144,0.05000000074505806,3.3875060081481934,0.15243777632713318,0.0027263229712843895,-7.125339508056641,24.535507202148438,0.00019999999494757503,0.0005000000237487257,3.241126478314982e-06
188743680,0.05000000074505806,3.129801034927368,0.1408410668373108,0.001773268450051546,-7.123613357543945,21.919145584106445,0.00019999999494757503,0.0005000000237487257,1.605625220690854e-05
188809216,0.05000000074505806,3.190450668334961,0.14357030391693115,0.0016924075316637754,-7.122064590454102,18.62260627746582,0.00019999999494757503,0.0005000000237487257,9.075641173694748e-06
188874752,0.05000000074505806,1.4286012649536133,0.06428705155849457,0.00162879575509578,-7.1242523193359375,27.30360984802246,0.00019999999494757503,0.0005000000237487257,3.529415334924124e-05
188940288,0.05000000074505806,0.7637666463851929,0.03436949849128723,0.0021802769042551517,-7.126110076904297,22.531103134155273,0.00019999999494757503,0.0005000000237487257,1.535791852802504e-05
189005824,0.05000000074505806,0.9808009266853333,0.04413603991270065,0.0020469091832637787,-7.129074573516846,24.1721134185791,0.00019999999494757503,0.0005000000237487257,1.2850919119955506e-05
189071360,0.05000000074505806,1.9669504165649414,0.08851277083158493,0.002015720121562481,-7.1275529861450195,21.945932388305664,0.00019999999494757503,0.0005000000237487257,1.033479202305898e-05
189136896,0.05000000074505806,1.104551076889038,0.04970480129122734,0.0021748673170804977,-7.129655838012695,26.300596237182617,0.00019999999494757503,0.0005000000237487257,1.7546870367368683e-05
189202432,0.05000000074505806,0.7673038840293884,0.03452868014574051,0.002209533005952835,-7.126502990722656,28.179580688476562,0.00019999999494757503,0.0005000000237487257,0.001716202707029879
189267968,0.05000000074505806,0.72175532579422,0.03247898817062378,0.002006308641284704,-7.128180027008057,23.471351623535156,0.00019999999494757503,0.0005000000237487257,0.001792964874766767
189333504,0.05000000074505806,0.6272204518318176,0.028224922716617584,0.0022636177018284798,-7.130776405334473,16.947635650634766,0.00019999999494757503,0.0005000000237487257,0.000163132295710966
189399040,0.05000000074505806,1.4656121730804443,0.06595254689455032,0.0022007205989211798,-7.13551139831543,17.90260887145996,0.00019999999494757503,0.0005000000237487257,5.563599552260712e-05
189464576,0.05000000074505806,1.1642184257507324,0.052389830350875854,0.0015800772234797478,-7.135612487792969,22.13787078857422,0.00019999999494757503,0.0005000000237487257,1.9284459995105863e-05
189530112,0.05000000074505806,0.74036705493927,0.033316515386104584,0.002055969089269638,-7.133788108825684,26.994522094726562,0.00019999999494757503,0.0005000000237487257,0.00012711127055808902
189595648,0.05000000074505806,0.48675909638404846,0.02190415933728218,0.002271154895424843,-7.132076263427734,22.928272247314453,0.00019999999494757503,0.0005000000237487257,0.00028195162303745747
189661184,0.05000000074505806,0.5269132852554321,0.02371109649538994,0.0020929304882884026,-7.129637718200684,20.77873992919922,0.00019999999494757503,0.0005000000237487257,6.65434927213937e-05
189726720,0.05000000074505806,0.5458446741104126,0.024563010782003403,0.0020291076507419348,-7.128150939941406,20.12116050720215,0.00019999999494757503,0.0005000000237487257,0.00029259067378006876
189792256,0.05000000074505806,0.9043463468551636,0.040695589035749435,0.0028283309657126665,-7.127727508544922,18.1268310546875,0.00019999999494757503,0.0005000000237487257,0.00027343459078110754
189857792,0.05000000074505806,0.8499220013618469,0.03824649006128311,0.002045061206445098,-7.1313371658325195,17.2417049407959,0.00019999999494757503,0.0005000000237487257,1.3601658793049864e-05
189923328,0.05000000074505806,0.6335285305976868,0.028508786112070084,0.002629667054861784,-7.127243995666504,24.160913467407227,0.00019999999494757503,0.0005000000237487257,6.886327173560858e-05
189988864,0.05000000074505806,0.7345026135444641,0.03305261582136154,0.002631512936204672,-7.12296724319458,24.17926788330078,0.00019999999494757503,0.0005000000237487257,0.0001962561800610274
190054400,0.05000000074505806,0.6221535205841064,0.027996908873319626,0.002079435857012868,-7.122804641723633,20.980424880981445,0.00019999999494757503,0.0005000000237487257,2.492194289516192e-05
190119936,0.05000000074505806,0.6514683961868286,0.02931608259677887,0.00198864983394742,-7.122554779052734,18.548187255859375,0.00019999999494757503,0.0005000000237487257,0.0001124936607084237
190185472,0.05000000074505806,3.387570381164551,0.15244068205356598,0.0038791513070464134,-7.1259684562683105,43.729496002197266,0.00019999999494757503,0.0005000000237487257,1.5722125681350008e-05
190251008,0.05000000074505806,3.4441421031951904,0.1549864113330841,0.0017501504626125097,-7.129262447357178,25.404138565063477,0.00019999999494757503,0.0005000000237487257,9.605711966287345e-06
190316544,0.05000000074505806,3.436767101287842,0.15465454757213593,0.0018258362542837858,-7.1290602684021,16.829566955566406,0.00019999999494757503,0.0005000000237487257,2.8316740099398885e-06
190382080,0.05000000074505806,3.1604630947113037,0.14222083985805511,0.0019764224998652935,-7.128406047821045,25.853092193603516,0.00019999999494757503,0.0005000000237487257,2.501622657291591e-05
190447616,0.05000000074505806,3.130854606628418,0.14088846743106842,0.0017278622835874557,-7.1302642822265625,21.286788940429688,0.00019999999494757503,0.0005000000237487257,9.570909242029302e-06
190513152,0.05000000074505806,1.4102072715759277,0.06345932930707932,0.002030771691352129,-7.132693290710449,31.973285675048828,0.00019999999494757503,0.0005000000237487257,2.8217877115821466e-05
190578688,0.05000000074505806,0.8412225246429443,0.037855010479688644,0.002715792739763856,-7.133304595947266,28.808822631835938,0.00019999999494757503,0.0005000000237487257,1.165810590464389e-05
190644224,0.05000000074505806,1.0309429168701172,0.04639244079589844,0.002520279958844185,-7.13334846496582,20.012544631958008,0.00019999999494757503,0.0005000000237487257,1.53716464410536e-05
190709760,0.05000000074505806,1.5992162227630615,0.07196473330259323,0.0023953495547175407,-7.130124568939209,21.058917999267578,0.00019999999494757503,0.0005000000237487257,9.712943210615776e-06
190775296,0.05000000074505806,1.3691473007202148,0.06161162257194519,0.0021087713539600372,-7.127894878387451,20.58389663696289,0.00019999999494757503,0.0005000000237487257,2.8815124096581712e-05
190840832,0.05000000074505806,1.13090181350708,0.05089058354496956,0.0022505444940179586,-7.125298976898193,26.538501739501953,0.00019999999494757503,0.0005000000237487257,0.00039677717722952366
190906368,0.05000000074505806,1.0203721523284912,0.04591674357652664,0.0021640462800860405,-7.124450206756592,22.334569931030273,0.00019999999494757503,0.0005000000237487257,0.0004862727364525199
190971904,0.05000000074505806,0.9310973286628723,0.04189938306808472,0.00239247246645391,-7.124271869659424,24.310306549072266,0.00019999999494757503,0.0005000000237487257,8.029177115531638e-05
191037440,0.05000000074505806,1.737026333808899,0.0781661868095398,0.002393947681412101,-7.125215530395508,23.44243621826172,0.00019999999494757503,0.0005000000237487257,1.3454353393171914e-05
191102976,0.05000000074505806,1.2111948728561401,0.05450376868247986,0.001957564614713192,-7.12716007232666,22.24393081665039,0.00019999999494757503,0.0005000000237487257,2.4087403289740905e-05
191168512,0.05000000074505806,0.7403795123100281,0.03331707790493965,0.0020861197263002396,-7.124109268188477,21.285900115966797,0.00019999999494757503,0.0005000000237487257,0.0001125446506193839
191234048,0.05000000074505806,0.5689727067947388,0.025603774935007095,0.0021699315402656794,-7.126861572265625,19.775659561157227,0.00019999999494757503,0.0005000000237487257,0.00025080222985707223
191299584,0.05000000074505806,0.6076610088348389,0.02734474465250969,0.002047167392447591,-7.127723693847656,20.734458923339844,0.00019999999494757503,0.0005000000237487257,5.5193879234138876e-05
191365120,0.05000000074505806,0.5692000389099121,0.025614004582166672,0.0021790682803839445,-7.1222734451293945,19.768508911132812,0.00019999999494757503,0.0005000000237487257,6.865033356007189e-05
191430656,0.05000000074505806,1.2132991552352905,0.05459846556186676,0.0023432825691998005,-7.122865200042725,21.57537269592285,0.00019999999494757503,0.0005000000237487257,4.19962962041609e-05
191496192,0.05000000074505806,0.9939981698989868,0.044729914516210556,0.0021511048544198275,-7.123701572418213,23.183786392211914,0.00019999999494757503,0.0005000000237487257,2.0725279682665132e-05
191561728,0.05000000074505806,0.8198628425598145,0.03689383342862129,0.002182687632739544,-7.123269557952881,19.375696182250977,0.00019999999494757503,0.0005000000237487257,8.572878869017586e-05
191627264,0.05000000074505806,0.9236870408058167,0.0415659174323082,0.001969066681340337,-7.123277187347412,21.167749404907227,0.00019999999494757503,0.0005000000237487257,9.064632467925549e-05
191692800,0.05000000074505806,0.8485555648803711,0.0381850004196167,0.0023443340323865414,-7.124776840209961,22.32270050048828,0.00019999999494757503,0.0005000000237487257,1.810361209209077e-05
191758336,0.05000000074505806,0.8312431573867798,0.03740594908595085,0.001763830310665071,-7.1214799880981445,20.708406448364258,0.00019999999494757503,0.0005000000237487257,7.872515561757609e-05
191823872,0.05000000074505806,3.3662891387939453,0.15148302912712097,0.0026474324986338615,-7.127630710601807,36.00106430053711,0.00019999999494757503,0.0005000000237487257,1.4441852727031801e-05
191889408,0.05000000074505806,3.5774741172790527,0.16098633408546448,0.002136474009603262,-7.129086494445801,28.033538818359375,0.00019999999494757503,0.0005000000237487257,6.179428510222351e-06
191954944,0.05000000074505806,3.686333179473877,0.16588500142097473,0.0022153549361974,-7.127469062805176,22.190505981445312,0.00019999999494757503,0.0005000000237487257,2.6376883397460915e-06
192020480,0.05000000074505806,3.43802809715271,0.1547112762928009,0.001343880663625896,-7.130001544952393,21.816621780395508,0.00019999999494757503,0.0005000000237487257,1.0304020179319195e-05
192086016,0.05000000074505806,3.3851988315582275,0.15233394503593445,0.0021153048146516085,-7.128584384918213,26.979248046875,0.00019999999494757503,0.0005000000237487257,7.73281863075681e-06
192151552,0.05000000074505806,1.4969217777252197,0.06736148148775101,0.0017577270045876503,-7.129079341888428,26.403329849243164,0.00019999999494757503,0.0005000000237487257,3.131618723273277e-05
192217088,0.05000000074505806,0.8275219202041626,0.03723848611116409,0.0026267662178725004,-7.127640247344971,24.760656356811523,0.00019999999494757503,0.0005000000237487257,1.0049971933767665e-05
192282624,0.05000000074505806,1.0499848127365112,0.04724931716918945,0.0028003717307001352,-7.128091335296631,24.25617027282715,0.00019999999494757503,0.0005000000237487257,1.184164375445107e-05
192348160,0.05000000074505806,1.8508780002593994,0.0832895040512085,0.0021918541751801968,-7.127346992492676,21.016551971435547,0.00019999999494757503,0.0005000000237487257,7.474385711248033e-06
192413696,0.05000000074505806,2.304959535598755,0.1037231832742691,0.002332037314772606,-7.128561973571777,26.22719955444336,0.00019999999494757503,0.0005000000237487257,1.0344904694647994e-05
192479232,0.05000000074505806,1.460376501083374,0.0657169446349144,0.0024347712751477957,-7.130698204040527,22.748428344726562,0.00019999999494757503,0.0005000000237487257,7.755594560876489e-05
192544768,0.05000000074505806,1.2886265516281128,0.05798819661140442,0.0019151808228343725,-7.134984016418457,17.176855087280273,0.00019999999494757503,0.0005000000237487257,0.00024386429868172854
192610304,0.05000000074505806,1.2281863689422607,0.05526839196681976,0.0025901368353515863,-7.131076812744141,24.25171661376953,0.00019999999494757503,0.0005000000237487257,6.411816866602749e-05
192675840,0.05000000074505806,1.4334969520568848,0.0645073652267456,0.0021417844109237194,-7.129590034484863,21.159502029418945,0.00019999999494757503,0.0005000000237487257,3.190224742866121e-05
192741376,0.05000000074505806,1.4767625331878662,0.06645431369543076,0.0017415682086721063,-7.128518581390381,19.280855178833008,0.00019999999494757503,0.0005000000237487257,1.4446413842961192e-05
192806912,0.05000000074505806,0.9715867042541504,0.04372140392661095,0.0020786661189049482,-7.130924224853516,23.944580078125,0.00019999999494757503,0.0005000000237487257,4.0643040847498924e-05
192872448,0.05000000074505806,0.663615345954895,0.02986268885433674,0.0020021211821585894,-7.130386829376221,20.636085510253906,0.00019999999494757503,0.0005000000237487257,7.728710625087842e-05
192937984,0.05000000074505806,0.8356218338012695,0.0376029834151268,0.0019963723607361317,-7.128794193267822,19.6834659576416,0.00019999999494757503,0.0005000000237487257,2.1295561964507215e-05
193003520,0.05000000074505806,0.650115430355072,0.02925519272685051,0.0023317234590649605,-7.128377914428711,19.894556045532227,0.00019999999494757503,0.0005000000237487257,1.831859117373824e-05
193069056,0.05000000074505806,0.8080674409866333,0.036363035440444946,0.00222812220454216,-7.124453067779541,17.505414962768555,0.00019999999494757503,0.0005000000237487257,2.9568696845672093e-05
193134592,0.05000000074505806,0.7455461025238037,0.03354957699775696,0.002002087887376547,-7.120188236236572,21.54932975769043,0.00019999999494757503,0.0005000000237487257,2.6430998332216404e-05
193200128,0.05000000074505806,1.0992990732192993,0.04946845769882202,0.0027504314202815294,-7.122435569763184,22.07982635498047,0.00019999999494757503,0.0005000000237487257,4.368342342786491e-05
193265664,0.05000000074505806,1.6376960277557373,0.0736963227391243,0.0023303150665014982,-7.124503135681152,22.181001663208008,0.00019999999494757503,0.0005000000237487257,1.597344089532271e-05
193331200,0.05000000074505806,1.236299753189087,0.05563349276781082,0.00201470497995615,-7.126015663146973,25.352163314819336,0.00019999999494757503,0.0005000000237487257,2.479812246747315e-05
193396736,0.05000000074505806,1.0270313024520874,0.04621640592813492,0.001475869445130229,-7.1219868659973145,22.412212371826172,0.00019999999494757503,0.0005000000237487257,9.084936755243689e-05
193462272,0.05000000074505806,3.337303876876831,0.1501786857843399,0.0026931483298540115,-7.124687194824219,29.169269561767578,0.00019999999494757503,0.0005000000237487257,1.583825724082999e-05
193527808,0.05000000074505806,3.533501148223877,0.15900757908821106,0.0019570067524909973,-7.129970550537109,17.095298767089844,0.00019999999494757503,0.0005000000237487257,7.81990365794627e-06
193593344,0.05000000074505806,3.6181020736694336,0.16281460225582123,0.0021879433188587427,-7.127620697021484,20.335960388183594,0.00019999999494757503,0.0005000000237487257,2.818751454469748e-06
193658880,0.05000000074505806,3.352914810180664,0.15088115632534027,0.0014899601228535175,-7.127638816833496,19.06610107421875,0.00019999999494757503,0.0005000000237487257,1.1366746548446827e-05
193724416,0.05000000074505806,3.309480905532837,0.14892664551734924,0.0016489406116306782,-7.128782749176025,20.903549194335938,0.00019999999494757503,0.0005000000237487257,7.691289283684455e-06
193789952,0.05000000074505806,1.484715223312378,0.0668121874332428,0.0016498415498062968,-7.1284074783325195,24.594390869140625,0.00019999999494757503,0.0005000000237487257,2.885677713493351e-05
193855488,0.05000000074505806,0.8161293268203735,0.03672581911087036,0.0021869149059057236,-7.128961563110352,27.18360710144043,0.00019999999494757503,0.0005000000237487257,1.060438353306381e-05
193921024,0.05000000074505806,0.9113609194755554,0.04101124033331871,0.0027606994844973087,-7.1307692527771,19.4605712890625,0.00019999999494757503,0.0005000000237487257,1.4360368368215859e-05
193986560,0.05000000074505806,1.3942724466323853,0.06274226307868958,0.002360081300139427,-7.130666255950928,18.389602661132812,0.00019999999494757503,0.0005000000237487257,8.663487278681714e-06
194052096,0.05000000074505806,1.8158743381500244,0.08171434700489044,0.002436491195112467,-7.128632545471191,23.671363830566406,0.00019999999494757503,0.0005000000237487257,1.588900704518892e-05
194117632,0.05000000074505806,1.297692060470581,0.05839613825082779,0.0023125391453504562,-7.128352165222168,20.081520080566406,0.00019999999494757503,0.0005000000237487257,9.269200381822884e-05
194183168,0.05000000074505806,1.2151397466659546,0.054681289941072464,0.0020831148140132427,-7.129909992218018,18.401247024536133,0.00019999999494757503,0.0005000000237487257,0.0001214335352415219
194248704,0.05000000074505806,1.1783162355422974,0.05302422493696213,0.002723364857956767,-7.12576150894165,27.522960662841797,0.00019999999494757503,0.0005000000237487257,3.5165168810635805e-05
194314240,0.05000000074505806,1.3449838161468506,0.06052427738904953,0.0024448593612760305,-7.127606391906738,28.058422088623047,0.00019999999494757503,0.0005000000237487257,1.5394552974612452e-05
194379776,0.05000000074505806,1.3915252685546875,0.06261864304542542,0.0021255300380289555,-7.125831127166748,21.828369140625,0.00019999999494757503,0.0005000000237487257,1.0070487405755557e-05
194445312,0.05000000074505806,0.9229916930198669,0.041534632444381714,0.002152134431526065,-7.125100612640381,23.532981872558594,0.00019999999494757503,0.0005000000237487257,4.117749631404877e-05
194510848,0.05000000074505806,0.6452385783195496,0.029035739600658417,0.0023296892177313566,-7.12598991394043,18.212345123291016,0.00019999999494757503,0.0005000000237487257,0.00011981015995843336
194576384,0.05000000074505806,1.018113136291504,0.04581508785486221,0.0019478292670100927,-7.124135494232178,21.053730010986328,0.00019999999494757503,0.0005000000237487257,5.634600529447198e-05
194641920,0.05000000074505806,0.6149113178253174,0.02767101116478443,0.002049808157607913,-7.126155853271484,18.857084274291992,0.00019999999494757503,0.0005000000237487257,2.392834721831605e-05
194707456,0.05000000074505806,1.0106929540634155,0.04548118636012077,0.0023966068401932716,-7.129162788391113,18.914167404174805,0.00019999999494757503,0.0005000000237487257,2.527286414988339e-05
194772992,0.05000000074505806,1.0793051719665527,0.0485687330365181,0.002299294574186206,-7.129846572875977,26.20063591003418,0.00019999999494757503,0.0005000000237487257,1.9984445316367783e-05
194838528,0.05000000074505806,1.5677742958068848,0.0705498456954956,0.0025417881552129984,-7.126400947570801,22.20624351501465,0.00019999999494757503,0.0005000000237487257,2.9802893550368026e-05
194904064,0.05000000074505806,1.8706605434417725,0.08417973667383194,0.0020077258814126253,-7.125046730041504,18.711925506591797,0.00019999999494757503,0.0005000000237487257,1.850218905019574e-05
194969600,0.05000000074505806,1.4737380743026733,0.06631821393966675,0.0018993488047271967,-7.12675666809082,24.11480712890625,0.00019999999494757503,0.0005000000237487257,2.2367017663782462e-05
195035136,0.05000000074505806,1.0006208419799805,0.04502794146537781,0.0020835483446717262,-7.126202583312988,25.158321380615234,0.00019999999494757503,0.0005000000237487257,0.0001169671886600554
195100672,0.05000000074505806,3.3951611518859863,0.15278224647045135,0.00265141692943871,-7.128363609313965,31.36294937133789,0.00019999999494757503,0.0005000000237487257,1.4473623195954133e-05
195166208,0.05000000074505806,3.48445725440979,0.15680058300495148,0.0019305916503071785,-7.131735324859619,25.940704345703125,0.00019999999494757503,0.0005000000237487257,8.347728908120189e-06
195231744,0.05000000074505806,3.555284023284912,0.15998779237270355,0.002006737980991602,-7.128237724304199,22.40044593811035,0.00019999999494757503,0.0005000000237487257,2.8453657705540536e-06
195297280,0.05000000074505806,3.2862374782562256,0.1478806734085083,0.0017443251563236117,-7.128183364868164,23.66352081298828,0.00019999999494757503,0.0005000000237487257,1.5166962839430198e-05
195362816,0.05000000074505806,3.217743396759033,0.14479845762252808,0.0014851042069494724,-7.129537582397461,23.27500343322754,0.00019999999494757503,0.0005000000237487257,7.901589015091304e-06
195428352,0.05000000074505806,1.469834804534912,0.06614256650209427,0.0018869179766625166,-7.129930019378662,28.509798049926758,0.00019999999494757503,0.0005000000237487257,2.8084741643397138e-05
195493888,0.05000000074505806,0.8111419081687927,0.03650139272212982,0.0019262948771938682,-7.1277241706848145,18.83184242248535,0.00019999999494757503,0.0005000000237487257,1.0886728887271602e-05
195559424,0.05000000074505806,0.9269654750823975,0.04171344265341759,0.0031028478406369686,-7.126927375793457,25.817930221557617,0.00019999999494757503,0.0005000000237487257,1.2148563655500766e-05
195624960,0.05000000074505806,1.7374145984649658,0.07818367332220078,0.0022868711967021227,-7.12632942199707,23.005001068115234,0.00019999999494757503,0.0005000000237487257,8.967876055976376e-06
195690496,0.05000000074505806,1.5447311401367188,0.06951290369033813,0.002479598158970475,-7.1271467208862305,26.274951934814453,0.00019999999494757503,0.0005000000237487257,2.1813399143866263e-05
195756032,0.05000000074505806,1.0782983303070068,0.0485234297811985,0.002313679549843073,-7.125320911407471,24.414886474609375,0.00019999999494757503,0.0005000000237487257,0.00013236363884061575
195821568,0.05000000074505806,1.0177580118179321,0.04579911381006241,0.0018097736174240708,-7.126219749450684,21.78384780883789,0.00019999999494757503,0.0005000000237487257,0.0003116960288025439
195887104,0.05000000074505806,0.9800336360931396,0.04410151392221451,0.0018595975125208497,-7.12757682800293,20.916860580444336,0.00019999999494757503,0.0005000000237487257,6.20970968157053e-05
195952640,0.05000000074505806,1.4767632484436035,0.06645434349775314,0.0021844340953975916,-7.126135349273682,22.678897857666016,0.00019999999494757503,0.0005000000237487257,1.5723022443125956e-05
196018176,0.05000000074505806,1.37799870967865,0.06200994551181793,0.0017861025407910347,-7.127487659454346,21.3507080078125,0.00019999999494757503,0.0005000000237487257,1.67940652318066e-05
196083712,0.05000000074505806,0.86082923412323,0.03873731568455696,0.0023177650291472673,-7.12637186050415,22.529436111450195,0.00019999999494757503,0.0005000000237487257,0.00011323145008645952
196149248,0.05000000074505806,0.6056913733482361,0.027256110683083534,0.0022885010112076998,-7.122934818267822,17.79877471923828,0.00019999999494757503,0.0005000000237487257,0.0003332574269734323
196214784,0.05000000074505806,0.5682257413864136,0.025570159777998924,0.0025158938951790333,-7.123719215393066,21.197120666503906,0.00019999999494757503,0.0005000000237487257,0.0001203820647788234
196280320,0.05000000074505806,0.627129077911377,0.028220809996128082,0.0022789870854467154,-7.1211934089660645,21.755056381225586,0.00019999999494757503,0.0005000000237487257,8.207759674405679e-05
196345856,0.05000000074505806,1.472080111503601,0.06624361127614975,0.0023087235167622566,-7.121329307556152,21.058320999145508,0.00019999999494757503,0.0005000000237487257,4.563360562315211e-05
196411392,0.05000000074505806,1.04835844039917,0.04717613011598587,0.0018222448416054249,-7.124776840209961,21.143939971923828,0.00019999999494757503,0.0005000000237487257,2.662154111021664e-05
196476928,0.05000000074505806,1.2583688497543335,0.05662660300731659,0.002221510047093034,-7.122408390045166,23.03825569152832,0.00019999999494757503,0.0005000000237487257,0.00010938938066828996
196542464,0.05000000074505806,1.3521554470062256,0.060847003012895584,0.002372444374486804,-7.120946884155273,24.86258316040039,0.00019999999494757503,0.0005000000237487257,6.43013117951341e-05
196608000,0.05000000074505806,1.1274303197860718,0.05073436722159386,0.0018638495821505785,-7.126117706298828,21.464548110961914,0.00019999999494757503,0.0005000000237487257,5.021097240387462e-05
196673536,0.05000000074505806,0.9624395370483398,0.043309781700372696,0.0022435891442000866,-7.12388801574707,24.748170852661133,0.00019999999494757503,0.0005000000237487257,0.0003642961964942515
196739072,0.05000000074505806,3.339005947113037,0.15025527775287628,0.0024127569049596786,-7.127593517303467,28.911714553833008,0.00019999999494757503,0.0005000000237487257,2.0599920389940962e-05
196804608,0.05000000074505806,3.3386027812957764,0.15023714303970337,0.0024429801851511,-7.127775192260742,33.48085403442383,0.00019999999494757503,0.0005000000237487257,1.3649834727402776e-05
196870144,0.05000000074505806,3.3782684803009033,0.1520220786333084,0.002335601719096303,-7.130133628845215,22.06694793701172,0.00019999999494757503,0.0005000000237487257,5.637621597998077e-06
196935680,0.05000000074505806,2.969602346420288,0.1336321234703064,0.0014537093229591846,-7.129978656768799,18.961280822753906,0.00019999999494757503,0.0005000000237487257,4.147515937802382e-05
197001216,0.05000000074505806,2.9492878913879395,0.13271795213222504,0.0018263416131958365,-7.130030632019043,23.035497665405273,0.00019999999494757503,0.0005000000237487257,2.014002893702127e-05
197066752,0.05000000074505806,1.302924394607544,0.05863160267472267,0.00183679664041847,-7.13224983215332,22.205333709716797,0.00019999999494757503,0.0005000000237487257,3.419347922317684e-05
197132288,0.05000000074505806,0.7839153409004211,0.03527618944644928,0.002521105110645294,-7.12885046005249,24.87225914001465,0.00019999999494757503,0.0005000000237487257,2.3155182134360075e-05
197197824,0.05000000074505806,0.8106266260147095,0.0364781990647316,0.002375904470682144,-7.1326727867126465,19.269248962402344,0.00019999999494757503,0.0005000000237487257,2.3703143597231247e-05
197263360,0.05000000074505806,0.8927592039108276,0.04017416760325432,0.002218057867139578,-7.133395195007324,22.62969398498535,0.00019999999494757503,0.0005000000237487257,1.9169296137988567e-05
197328896,0.05000000074505806,1.0470373630523682,0.047116681933403015,0.0020825425162911415,-7.1316962242126465,21.173816680908203,0.00019999999494757503,0.0005000000237487257,3.978328459197655e-05
197394432,0.05000000074505806,0.9592688083648682,0.043167099356651306,0.002234385348856449,-7.129707336425781,21.752513885498047,0.00019999999494757503,0.0005000000237487257,8.446453284705058e-05
197459968,0.05000000074505806,0.8121490478515625,0.03654670715332031,0.0021407243330031633,-7.127832412719727,24.446619033813477,0.00019999999494757503,0.0005000000237487257,0.00025133960298262537
197525504,0.05000000074505806,0.8152363896369934,0.03668564185500145,0.002092525828629732,-7.125351428985596,22.012775421142578,0.00019999999494757503,0.0005000000237487257,9.582039638189599e-05
197591040,0.05000000074505806,1.5655455589294434,0.07044954597949982,0.0019791682716459036,-7.123666763305664,24.577880859375,0.00019999999494757503,0.0005000000237487257,2.410475462966133e-05
197656576,0.05000000074505806,1.3153376579284668,0.05919019877910614,0.002107344102114439,-7.12620735168457,23.09485626220703,0.00019999999494757503,0.0005000000237487257,1.722635715850629e-05
197722112,0.05000000074505806,0.789412260055542,0.03552355244755745,0.0017973682843148708,-7.128939151763916,26.286935806274414,0.00019999999494757503,0.0005000000237487257,0.000184517732122913
197787648,0.05000000074505806,0.5699586868286133,0.025648141279816628,0.002222600160166621,-7.127009391784668,24.145280838012695,0.00019999999494757503,0.0005000000237487257,0.0005305302911438048
197853184,0.05000000074505806,0.7742078900337219,0.03483935445547104,0.002357751363888383,-7.125372409820557,21.992557525634766,0.00019999999494757503,0.0005000000237487257,0.00016984726244118065
197918720,0.05000000074505806,0.6167464256286621,0.027753593400120735,0.0022991958539932966,-7.127040863037109,19.48097801208496,0.00019999999494757503,0.0005000000237487257,3.504218329908326e-05
197984256,0.05000000074505806,0.6955302953720093,0.031298864632844925,0.0021483965683728456,-7.124764442443848,28.39068031311035,0.00019999999494757503,0.0005000000237487257,7.049222767818719e-05
198049792,0.05000000074505806,0.78544020652771,0.03534480929374695,0.002097540535032749,-7.12335205078125,22.803152084350586,0.00019999999494757503,0.0005000000237487257,0.0001354535052087158
198115328,0.05000000074505806,0.704075276851654,0.03168338164687157,0.002409901935607195,-7.1161956787109375,21.28795623779297,0.00019999999494757503,0.0005000000237487257,0.0001101843809010461
198180864,0.05000000074505806,0.6117986440658569,0.027530940249562263,0.00212721130810678,-7.120556354522705,20.100582122802734,0.00019999999494757503,0.0005000000237487257,0.0001554267219034955
198246400,0.05000000074505806,0.5696588754653931,0.025634650141000748,0.002140756230801344,-7.120589256286621,20.15416145324707,0.00019999999494757503,0.0005000000237487257,0.0001507203560322523
198311936,0.05000000074505806,0.6256700754165649,0.02815515734255314,0.002303663408383727,-7.121077060699463,19.36918830871582,0.00019999999494757503,0.0005000000237487257,6.559298344654962e-05
198377472,0.05000000074505806,3.3347737789154053,0.1500648409128189,0.0017728859093040228,-7.126512050628662,26.929744720458984,0.00019999999494757503,0.0005000000237487257,1.5543453628197312e-05
198443008,0.05000000074505806,3.435598373413086,0.15460193157196045,0.0016588810831308365,-7.126191139221191,27.610719680786133,0.00019999999494757503,0.0005000000237487257,7.777985956636257e-06
198508544,0.05000000074505806,3.5251150131225586,0.15863017737865448,0.0026760981418192387,-7.1252031326293945,23.347057342529297,0.00019999999494757503,0.0005000000237487257,4.176033598923823e-06
198574080,0.05000000074505806,3.1669437885284424,0.1425124704837799,0.0018468734342604876,-7.127923965454102,24.981752395629883,0.00019999999494757503,0.0005000000237487257,1.3886364286008757e-05
198639616,0.05000000074505806,3.168130397796631,0.14256587624549866,0.0019639700185507536,-7.128141403198242,24.083297729492188,0.00019999999494757503,0.0005000000237487257,7.564997758890968e-06
198705152,0.05000000074505806,1.4036988019943237,0.06316644698381424,0.00166465959046036,-7.130709171295166,23.22427749633789,0.00019999999494757503,0.0005000000237487257,3.125185685348697e-05
198770688,0.05000000074505806,0.7838596105575562,0.035273682326078415,0.002336848294362426,-7.1327290534973145,23.440954208374023,0.00019999999494757503,0.0005000000237487257,9.596454219717998e-06
198836224,0.05000000074505806,0.8487101793289185,0.03819195553660393,0.002757383743301034,-7.129878044128418,22.76755714416504,0.00019999999494757503,0.0005000000237487257,1.204754789796425e-05
198901760,0.05000000074505806,1.488709568977356,0.06699193269014359,0.0023916377685964108,-7.132122993469238,23.031599044799805,0.00019999999494757503,0.0005000000237487257,7.284417733899318e-06
198967296,0.05000000074505806,1.9265520572662354,0.08669485151767731,0.0022013280540704727,-7.129782676696777,23.727615356445312,0.00019999999494757503,0.0005000000237487257,2.735664565989282e-05
199032832,0.05000000074505806,1.1552118062973022,0.05198454111814499,0.0024488973431289196,-7.130709648132324,20.172670364379883,0.00019999999494757503,0.0005000000237487257,8.84852561284788e-05
199098368,0.05000000074505806,1.0440831184387207,0.046983733773231506,0.0020285495556890965,-7.132471084594727,30.787324905395508,0.00019999999494757503,0.0005000000237487257,0.00015954427362885326
199163904,0.05000000074505806,1.006089687347412,0.0452740304172039,0.0022734180092811584,-7.127964496612549,21.0120849609375,0.00019999999494757503,0.0005000000237487257,4.236351014696993e-05
199229440,0.05000000074505806,1.2461309432983398,0.056075893342494965,0.0019927239045500755,-7.1278181076049805,16.989307403564453,0.00019999999494757503,0.0005000000237487257,1.8992050172528252e-05
199294976,0.05000000074505806,1.3500114679336548,0.06075052171945572,0.002088241744786501,-7.133200645446777,16.22760009765625,0.00019999999494757503,0.0005000000237487257,1.374752537230961e-05
199360512,0.05000000074505806,0.815057635307312,0.03667759150266647,0.0020063123665750027,-7.131524085998535,21.82895851135254,0.00019999999494757503,0.0005000000237487257,7.895776070654392e-05
199426048,0.05000000074505806,0.5694720149040222,0.02562624216079712,0.002387796528637409,-7.130459308624268,28.137840270996094,0.00019999999494757503,0.0005000000237487257,0.00019778904970735312
199491584,0.05000000074505806,0.5843695998191833,0.02629663422703743,0.002103963401168585,-7.131021499633789,16.46440887451172,0.00019999999494757503,0.0005000000237487257,0.00014021765673533082
199557120,0.05000000074505806,0.5259020328521729,0.023665592074394226,0.0024673198349773884,-7.128946304321289,20.148799896240234,0.00019999999494757503,0.0005000000237487257,4.1247563785873353e-05
199622656,0.05000000074505806,0.6878284811973572,0.03095228038728237,0.0018903776071965694,-7.129355430603027,20.07753562927246,0.00019999999494757503,0.0005000000237487257,2.7921685614273883e-05
199688192,0.05000000074505806,0.7031754851341248,0.03164289891719818,0.0019881022162735462,-7.127329349517822,20.61874008178711,0.00019999999494757503,0.0005000000237487257,7.877480675233528e-05
199753728,0.05000000074505806,0.8125245571136475,0.03656361252069473,0.002650737063959241,-7.125542163848877,21.75189208984375,0.00019999999494757503,0.0005000000237487257,0.00010363930778112262
199819264,0.05000000074505806,0.9908161163330078,0.044586725533008575,0.0019035974983125925,-7.125706672668457,16.83069610595703,0.00019999999494757503,0.0005000000237487257,6.138593016657978e-05
199884800,0.05000000074505806,0.880601704120636,0.0396270751953125,0.0016120865475386381,-7.126816749572754,23.167505264282227,0.00019999999494757503,0.0005000000237487257,2.2212090698303655e-05
199950336,0.05000000074505806,0.8028020262718201,0.03612609580159187,0.0020076418295502663,-7.127899169921875,23.126867294311523,0.00019999999494757503,0.0005000000237487257,0.0001942797825904563
200015872,0.05000000074505806,3.353516101837158,0.1509082317352295,0.002214952139183879,-7.13243293762207,29.857425689697266,0.00019999999494757503,0.0005000000237487257,1.6963895177468657e-05
200081408,0.05000000074505806,3.4205899238586426,0.1539265662431717,0.001989342737942934,-7.132162094116211,31.182571411132812,0.00019999999494757503,0.0005000000237487257,1.2533442713902332e-05
200146944,0.05000000074505806,3.341439723968506,0.15036478638648987,0.002132916124537587,-7.129193305969238,19.123252868652344,0.00019999999494757503,0.0005000000237487257,5.75319972995203e-06
200212480,0.05000000074505806,3.0919692516326904,0.13913863897323608,0.0018770670285448432,-7.128823757171631,28.60666275024414,0.00019999999494757503,0.0005000000237487257,1.5002255167928524e-05
200278016,0.05000000074505806,3.112809181213379,0.1400763988494873,0.0017612224910408258,-7.131502628326416,20.055835723876953,0.00019999999494757503,0.0005000000237487257,9.3915668912814e-06
200343552,0.05000000074505806,1.3753160238265991,0.061889223754405975,0.0019041330087929964,-7.132462978363037,21.387174606323242,0.00019999999494757503,0.0005000000237487257,2.740028503467329e-05
200409088,0.05000000074505806,0.7425624132156372,0.033415310084819794,0.002278613392263651,-7.132428169250488,24.673370361328125,0.00019999999494757503,0.0005000000237487257,1.149915078713093e-05
200474624,0.05000000074505806,0.8129306435585022,0.03658188134431839,0.003368364879861474,-7.1307373046875,18.722898483276367,0.00019999999494757503,0.0005000000237487257,1.7336258679279126e-05
200540160,0.05000000074505806,1.2425745725631714,0.05591585859656334,0.0021615480072796345,-7.130000114440918,19.620203018188477,0.00019999999494757503,0.0005000000237487257,8.488448656862602e-06
200605696,0.05000000074505806,1.0876997709274292,0.04894649609923363,0.0022885582875460386,-7.127707481384277,21.828392028808594,0.00019999999494757503,0.0005000000237487257,1.6832438632263802e-05
200671232,0.05000000074505806,0.876137912273407,0.039426207542419434,0.0023249329533427954,-7.125301361083984,27.055458068847656,0.00019999999494757503,0.0005000000237487257,0.0002986743056681007
200736768,0.05000000074505806,0.7509122490882874,0.03379105404019356,0.002179279923439026,-7.1239237785339355,25.50408363342285,0.00019999999494757503,0.0005000000237487257,0.0007527583511546254
200802304,0.05000000074505806,0.7304821014404297,0.03287170082330704,0.0024223702494055033,-7.123623371124268,23.289838790893555,0.00019999999494757503,0.0005000000237487257,0.00011906435247510672
200867840,0.05000000074505806,1.4160096645355225,0.06372043490409851,0.001975397113710642,-7.1244683265686035,24.46808433532715,0.00019999999494757503,0.0005000000237487257,3.054279295611195e-05
200933376,0.05000000074505806,1.3141528367996216,0.059136878699064255,0.001953852828592062,-7.124883651733398,19.759845733642578,0.00019999999494757503,0.0005000000237487257,1.4579814887838438e-05
200998912,0.05000000074505806,0.799322783946991,0.035969529300928116,0.002148326253518462,-7.122803688049316,23.97299575805664,0.00019999999494757503,0.0005000000237487257,0.00013158041110727936
201064448,0.05000000074505806,0.539296567440033,0.024268342182040215,0.0021021191496402025,-7.122608184814453,19.792444229125977,0.00019999999494757503,0.0005000000237487257,0.00046948911040090024
201129984,0.05000000074505806,0.576301634311676,0.02593357488512993,0.002241794252768159,-7.121975898742676,16.256189346313477,0.00019999999494757503,0.0005000000237487257,0.00016820419114083052
201195520,0.05000000074505806,0.5811222195625305,0.026150498539209366,0.0022184166591614485,-7.1230268478393555,19.828035354614258,0.00019999999494757503,0.0005000000237487257,3.473791730357334e-05
201261056,0.05000000074505806,0.687809407711029,0.030951425433158875,0.0019441861659288406,-7.120841979980469,20.750675201416016,0.00019999999494757503,0.0005000000237487257,2.3318974854191765e-05
201326592,0.05000000074505806,0.7273212671279907,0.032729458063840866,0.0021199777256697416,-7.120124816894531,21.540502548217773,0.00019999999494757503,0.0005000000237487257,7.007966632954776e-05
201392128,0.05000000074505806,0.8049894571304321,0.03622452914714813,0.002116426592692733,-7.118820667266846,20.470703125,0.00019999999494757503,0.0005000000237487257,0.00014409850700758398
201457664,0.05000000074505806,0.722551167011261,0.03251480311155319,0.0021047641057521105,-7.115651607513428,17.031591415405273,0.00019999999494757503,0.0005000000237487257,8.716243610251695e-05
201523200,0.05000000074505806,0.6244810223579407,0.02810164913535118,0.0016093325102701783,-7.1165771484375,18.874916076660156,0.00019999999494757503,0.0005000000237487257,8.82964814081788e-05
201588736,0.05000000074505806,0.6254600286483765,0.028145702555775642,0.0018415700178593397,-7.11764669418335,20.35080909729004,0.00019999999494757503,0.0005000000237487257,0.00045876603689976037
201654272,0.05000000074505806,3.2813611030578613,0.1476612389087677,0.002259556669741869,-7.122734069824219,23.018388748168945,0.00019999999494757503,0.0005000000237487257,1.6365826013498008e-05
201719808,0.05000000074505806,3.4129836559295654,0.1535843014717102,0.0020592552609741688,-7.12300968170166,25.671165466308594,0.00019999999494757503,0.0005000000237487257,1.1347971849318128e-05
201785344,0.05000000074505806,3.404435634613037,0.15319962799549103,0.0022586891427636147,-7.122032642364502,22.42813491821289,0.00019999999494757503,0.0005000000237487257,4.843089300266001e-06
201850880,0.05000000074505806,3.1533355712890625,0.14190010726451874,0.001724331290461123,-7.123473167419434,24.597410202026367,0.00019999999494757503,0.0005000000237487257,1.387785050610546e-05
201916416,0.05000000074505806,3.0426886081695557,0.1369209736585617,0.0016940261702984571,-7.122666835784912,18.278026580810547,0.00019999999494757503,0.0005000000237487257,8.544790944142733e-06
201981952,0.05000000074505806,1.2643378973007202,0.05689520761370659,0.001705653965473175,-7.125064849853516,22.20260238647461,0.00019999999494757503,0.0005000000237487257,3.5991601180285215e-05
202047488,0.05000000074505806,0.7134008407592773,0.0321030393242836,0.00235154340043664,-7.12777853012085,21.879514694213867,0.00019999999494757503,0.0005000000237487257,1.3170418242225423e-05
202113024,0.05000000074505806,1.0757849216461182,0.0484103225171566,0.0027591404505074024,-7.128342151641846,16.330371856689453,0.00019999999494757503,0.0005000000237487257,1.0826026482391171e-05
202178560,0.05000000074505806,1.4671218395233154,0.06602048873901367,0.002996630733832717,-7.128182411193848,24.51813316345215,0.00019999999494757503,0.0005000000237487257,7.341147920669755e-06
202244096,0.05000000074505806,1.3024593591690063,0.05861067399382591,0.0020612089429050684,-7.125208377838135,20.236848831176758,0.00019999999494757503,0.0005000000237487257,1.2332126061664894e-05
202309632,0.05000000074505806,0.93712317943573,0.04217054694890976,0.0024401142727583647,-7.1253767013549805,23.293190002441406,0.00019999999494757503,0.0005000000237487257,0.0002940506674349308
202375168,0.05000000074505806,0.728751540184021,0.03279382362961769,0.0021508606150746346,-7.124353408813477,26.918304443359375,0.00019999999494757503,0.0005000000237487257,0.0006332912016659975
202440704,0.05000000074505806,0.6915575861930847,0.031120093539357185,0.0022653290070593357,-7.124088287353516,23.741954803466797,0.00019999999494757503,0.0005000000237487257,0.00010106811532750726
202506240,0.05000000074505806,1.3272616863250732,0.0597267746925354,0.0018299684161320329,-7.122672080993652,20.065208435058594,0.00019999999494757503,0.0005000000237487257,3.146049130009487e-05
202571776,0.05000000074505806,1.2427126169204712,0.055922072380781174,0.001847469829954207,-7.128493309020996,24.37070655822754,0.00019999999494757503,0.0005000000237487257,1.4927893062122166e-05
202637312,0.05000000074505806,0.8090636730194092,0.03640786558389664,0.0023375574965029955,-7.1272501945495605,24.1383056640625,0.00019999999494757503,0.0005000000237487257,0.0001606106525287032
202702848,0.05000000074505806,0.6032084226608276,0.027144381776452065,0.002058824524283409,-7.126285552978516,17.68859100341797,0.00019999999494757503,0.0005000000237487257,0.0008815909968689084
202768384,0.05000000074505806,0.5796790719032288,0.02608555741608143,0.002033229684457183,-7.126548767089844,16.141218185424805,0.00019999999494757503,0.0005000000237487257,0.00020361949282232672
202833920,0.05000000074505806,0.7669025659561157,0.03451061621308327,0.0017673091497272253,-7.1256232261657715,17.923858642578125,0.00019999999494757503,0.0005000000237487257,4.075981632922776e-05
202899456,0.05000000074505806,0.6793543100357056,0.030570946633815765,0.0020064471755176783,-7.124729633331299,25.753080368041992,0.00019999999494757503,0.0005000000237487257,2.1517282220884226e-05
202964992,0.05000000074505806,0.8312454223632812,0.03740604221820831,0.0021950246300548315,-7.121721267700195,19.165483474731445,0.00019999999494757503,0.0005000000237487257,0.00011574051313800737
203030528,0.05000000074505806,0.8896005153656006,0.040032029151916504,0.0022848322987556458,-7.1220903396606445,21.144271850585938,0.00019999999494757503,0.0005000000237487257,9.565481741447002e-05
203096064,0.05000000074505806,0.7546834349632263,0.03396075963973999,0.0019627863075584173,-7.121893882751465,18.10457420349121,0.00019999999494757503,0.0005000000237487257,7.191853364929557e-05
203161600,0.05000000074505806,0.6722257733345032,0.03025016002357006,0.0018718023784458637,-7.118863105773926,16.830162048339844,0.00019999999494757503,0.0005000000237487257,0.00011643909965641797
203227136,0.05000000074505806,0.6922552585601807,0.031151488423347473,0.0020911532919853926,-7.122803688049316,21.843887329101562,0.00019999999494757503,0.0005000000237487257,0.00019751812214963138
203292672,0.05000000074505806,3.2538466453552246,0.1464231163263321,0.002178693888708949,-7.1265869140625,27.988521575927734,0.00019999999494757503,0.0005000000237487257,1.5921646991046146e-05
203358208,0.05000000074505806,3.407474994659424,0.15333637595176697,0.0021072295494377613,-7.126427173614502,20.829345703125,0.00019999999494757503,0.0005000000237487257,1.2660543688980397e-05
203423744,0.05000000074505806,3.382776975631714,0.15222495794296265,0.002304759342223406,-7.124599456787109,20.547582626342773,0.00019999999494757503,0.0005000000237487257,4.4385037654137705e-06
203489280,0.05000000074505806,3.1012940406799316,0.13955824077129364,0.0018179795006290078,-7.124948501586914,21.42254638671875,0.00019999999494757503,0.0005000000237487257,1.052682910085423e-05
203554816,0.05000000074505806,3.077834129333496,0.13850253820419312,0.001631302759051323,-7.124591827392578,17.780433654785156,0.00019999999494757503,0.0005000000237487257,8.698386409378145e-06
203620352,0.05000000074505806,1.374429702758789,0.061849337071180344,0.0019326418405398726,-7.126867294311523,29.56474494934082,0.00019999999494757503,0.0005000000237487257,3.2325035135727376e-05
203685888,0.05000000074505806,0.71750807762146,0.03228786587715149,0.0023296428844332695,-7.127395153045654,23.521411895751953,0.00019999999494757503,0.0005000000237487257,1.0833416126843076e-05
203751424,0.05000000074505806,0.9483718872070312,0.042676739394664764,0.0022919790353626013,-7.129077434539795,17.91554832458496,0.00019999999494757503,0.0005000000237487257,1.04350401670672e-05
203816960,0.05000000074505806,1.7371464967727661,0.07817159593105316,0.0018994994461536407,-7.131612777709961,24.948978424072266,0.00019999999494757503,0.0005000000237487257,5.879065611225087e-06
203882496,0.05000000074505806,1.754626750946045,0.07895821332931519,0.0023279536981135607,-7.128299713134766,19.29873275756836,0.00019999999494757503,0.0005000000237487257,1.2410367162374314e-05
203948032,0.05000000074505806,1.0370711088180542,0.04666820168495178,0.0025785588659346104,-7.132184982299805,22.37139892578125,0.00019999999494757503,0.0005000000237487257,0.00030475438688881695
204013568,0.05000000074505806,0.8528289794921875,0.0383772999048233,0.002012244425714016,-7.130825042724609,21.490055084228516,0.00019999999494757503,0.0005000000237487257,0.0007811083924025297
204079104,0.05000000074505806,0.7611047029495239,0.03424971178174019,0.0024766598362475634,-7.132009506225586,22.29939079284668,0.00019999999494757503,0.0005000000237487257,9.57016454776749e-05
204144640,0.05000000074505806,1.8092870712280273,0.08141791075468063,0.0017262399196624756,-7.128195762634277,19.476499557495117,0.00019999999494757503,0.0005000000237487257,2.8318103431956843e-05
204210176,0.05000000074505806,1.3177510499954224,0.0592987947165966,0.0019209771417081356,-7.126811981201172,20.590930938720703,0.00019999999494757503,0.0005000000237487257,1.6694973965059035e-05
204275712,0.05000000074505806,0.773578941822052,0.03481105715036392,0.0022067432291805744,-7.127892971038818,23.308218002319336,0.00019999999494757503,0.0005000000237487257,7.945600373204798e-05
204341248,0.05000000074505806,0.5476362705230713,0.024643633514642715,0.002141030039638281,-7.12736177444458,20.233741760253906,0.00019999999494757503,0.0005000000237487257,0.0001843297213781625
204406784,0.05000000074505806,0.5669029355049133,0.0255106333643198,0.002157442970201373,-7.128644943237305,17.10150146484375,0.00019999999494757503,0.0005000000237487257,8.754129521548748e-05
204472320,0.05000000074505806,0.5571458339691162,0.025071563199162483,0.002288232324644923,-7.127228736877441,17.361692428588867,0.00019999999494757503,0.0005000000237487257,5.8396111853653565e-05
204537856,0.05000000074505806,1.2092030048370361,0.054414134472608566,0.0028521369677037,-7.1248297691345215,19.912328720092773,0.00019999999494757503,0.0005000000237487257,0.00012879389396402985
204603392,0.05000000074505806,0.7447682619094849,0.03351457417011261,0.0020501145627349615,-7.126646518707275,20.834064483642578,0.00019999999494757503,0.0005000000237487257,4.7330704546766356e-05
204668928,0.05000000074505806,0.8110275864601135,0.03649624437093735,0.002271051285788417,-7.1247968673706055,23.91874885559082,0.00019999999494757503,0.0005000000237487257,0.00013803494221065193
204734464,0.05000000074505806,1.2144482135772705,0.05465017259120941,0.00207755365408957,-7.123342990875244,18.928194046020508,0.00019999999494757503,0.0005000000237487257,6.326840230030939e-05
204800000,0.05000000074505806,1.0826165676116943,0.048717744648456573,0.0020459387451410294,-7.122141361236572,22.361108779907227,0.00019999999494757503,0.0005000000237487257,2.0029072402394377e-05
204865536,0.05000000074505806,0.7172910571098328,0.03227809816598892,0.0020288070663809776,-7.121732234954834,18.130495071411133,0.00019999999494757503,0.0005000000237487257,0.00011143921437906101
204931072,0.05000000074505806,3.3432674407958984,0.1504470407962799,0.0028544506058096886,-7.1252007484436035,29.992626190185547,0.00019999999494757503,0.0005000000237487257,1.5767245713504963e-05
204996608,0.05000000074505806,3.508511781692505,0.15788301825523376,0.0025259836111217737,-7.127109527587891,24.495311737060547,0.00019999999494757503,0.0005000000237487257,1.0298877896275371e-05
205062144,0.05000000074505806,3.4799811840057373,0.15659914910793304,0.0025688610039651394,-7.1250529289245605,25.646495819091797,0.00019999999494757503,0.0005000000237487257,4.036502559756627e-06
205127680,0.05000000074505806,3.2131845951080322,0.14459331333637238,0.002276286482810974,-7.123844146728516,27.413904190063477,0.00019999999494757503,0.0005000000237487257,6.454387857957045e-06
205193216,0.05000000074505806,3.1123247146606445,0.1400546282529831,0.001882285694591701,-7.1241254806518555,22.148624420166016,0.00019999999494757503,0.0005000000237487257,1.060184877132997e-05
205258752,0.05000000074505806,1.3545092344284058,0.060952913016080856,0.0022082559298723936,-7.122602462768555,21.81585693359375,0.00019999999494757503,0.0005000000237487257,3.1404360925080255e-05
205324288,0.05000000074505806,0.7345455884933472,0.03305455297231674,0.0022213393822312355,-7.125506401062012,26.93751335144043,0.00019999999494757503,0.0005000000237487257,1.4457737051998265e-05
205389824,0.05000000074505806,0.9655724167823792,0.04345076158642769,0.002126867650076747,-7.126511573791504,18.380756378173828,0.00019999999494757503,0.0005000000237487257,7.245850611070637e-06
205455360,0.05000000074505806,1.7476056814193726,0.07864224910736084,0.0020628399215638638,-7.12806510925293,19.248231887817383,0.00019999999494757503,0.0005000000237487257,5.751834578404669e-06
205520896,0.05000000074505806,2.3567614555358887,0.10605426877737045,0.002268527401611209,-7.127816200256348,19.405635833740234,0.00019999999494757503,0.0005000000237487257,6.554076207976323e-06
205586432,0.05000000074505806,1.069411039352417,0.048123497515916824,0.0023490283638238907,-7.127892017364502,17.79620933532715,0.00019999999494757503,0.0005000000237487257,0.00027361305546946824
205651968,0.05000000074505806,0.8593718409538269,0.03867173567414284,0.0020635637920349836,-7.131313323974609,21.463716506958008,0.00019999999494757503,0.0005000000237487257,0.0011426875134930015
205717504,0.05000000074505806,0.7860211730003357,0.035370953381061554,0.0021895228419452906,-7.1293745040893555,22.619205474853516,0.00019999999494757503,0.0005000000237487257,0.00015637176693417132
205783040,0.05000000074505806,2.003911256790161,0.09017600864171982,0.0018192001152783632,-7.127849578857422,19.09432029724121,0.00019999999494757503,0.0005000000237487257,1.9522658476489596e-05
205848576,0.05000000074505806,1.288375735282898,0.057976916432380676,0.002184297190979123,-7.130642890930176,24.12274742126465,0.00019999999494757503,0.0005000000237487257,2.137565752491355e-05
205914112,0.05000000074505806,0.7957013249397278,0.0358065627515316,0.0022360484581440687,-7.127388954162598,21.072402954101562,0.00019999999494757503,0.0005000000237487257,9.228583803633228e-05
205979648,0.05000000074505806,0.575587272644043,0.0259014293551445,0.0025249493774026632,-7.126279830932617,23.544824600219727,0.00019999999494757503,0.0005000000237487257,0.00013897778990212828
206045184,0.05000000074505806,0.5861026644706726,0.02637461945414543,0.0025470068212598562,-7.123178005218506,18.728824615478516,0.00019999999494757503,0.0005000000237487257,8.839521615300328e-05
206110720,0.05000000074505806,0.5704643726348877,0.025670895352959633,0.002242629649117589,-7.122838020324707,22.118886947631836,0.00019999999494757503,0.0005000000237487257,7.971316517796367e-05
206176256,0.05000000074505806,0.6801851987838745,0.03060833550989628,0.002547952812165022,-7.122028827667236,22.45097541809082,0.00019999999494757503,0.0005000000237487257,0.00023858287022449076
206241792,0.05000000074505806,0.6918095946311951,0.031131433323025703,0.0018409725744277239,-7.120430946350098,19.421829223632812,0.00019999999494757503,0.0005000000237487257,4.002500281785615e-05
206307328,0.05000000074505806,0.8190328478813171,0.036856476217508316,0.001976171275600791,-7.121891021728516,19.653451919555664,0.00019999999494757503,0.0005000000237487257,6.058469443814829e-05
206372864,0.05000000074505806,1.562301754951477,0.07030358910560608,0.0021489663049578667,-7.12242317199707,20.06919288635254,0.00019999999494757503,0.0005000000237487257,6.133776332717389e-05
206438400,0.05000000074505806,1.6514978408813477,0.07431741058826447,0.001966082490980625,-7.12455415725708,20.162925720214844,0.00019999999494757503,0.0005000000237487257,1.6220403267652728e-05
206503936,0.05000000074505806,0.8367366790771484,0.03765314444899559,0.002072389703243971,-7.123668193817139,19.31664276123047,0.00019999999494757503,0.0005000000237487257,4.591430115397088e-05
206569472,0.05000000074505806,3.4348812103271484,0.15456967055797577,0.0019159031799063087,-7.128855228424072,28.574094772338867,0.00019999999494757503,0.0005000000237487257,1.3651532754010987e-05
206635008,0.05000000074505806,3.4518847465515137,0.15533483028411865,0.0020665056072175503,-7.128774642944336,20.229955673217773,0.00019999999494757503,0.0005000000237487257,1.0559739166637883e-05
206700544,0.05000000074505806,3.425611972808838,0.15415255725383759,0.002441675867885351,-7.1287689208984375,21.95140266418457,0.00019999999494757503,0.0005000000237487257,2.976147698063869e-06
206766080,0.05000000074505806,3.1692235469818115,0.14261506497859955,0.001963611226528883,-7.128157615661621,18.464447021484375,0.00019999999494757503,0.0005000000237487257,1.0992741408699658e-05
206831616,0.05000000074505806,3.0615718364715576,0.13777074217796326,0.0020545064471662045,-7.129107475280762,23.26553726196289,0.00019999999494757503,0.0005000000237487257,1.064508433046285e-05
206897152,0.05000000074505806,1.3483315706253052,0.06067492440342903,0.0018794902134686708,-7.1288228034973145,19.738719940185547,0.00019999999494757503,0.0005000000237487257,3.381871647434309e-05
206962688,0.05000000074505806,0.699005663394928,0.031455256044864655,0.0026389295235276222,-7.130938529968262,24.342700958251953,0.00019999999494757503,0.0005000000237487257,1.4656387975264806e-05
207028224,0.05000000074505806,0.975001871585846,0.043875083327293396,0.002390859182924032,-7.129250526428223,18.21352767944336,0.00019999999494757503,0.0005000000237487257,9.2810178102809e-06
207093760,0.05000000074505806,1.5465449094772339,0.06959452480077744,0.0024783506523817778,-7.132246494293213,19.08112144470215,0.00019999999494757503,0.0005000000237487257,6.56128759146668e-06
207159296,0.05000000074505806,1.1749556064605713,0.05287300795316696,0.0020213546231389046,-7.129431247711182,22.05420684814453,0.00019999999494757503,0.0005000000237487257,1.3101882359478623e-05
207224832,0.05000000074505806,0.963163435459137,0.04334235191345215,0.0021722055971622467,-7.12943172454834,24.928640365600586,0.00019999999494757503,0.0005000000237487257,0.00026525717112235725
207290368,0.05000000074505806,0.8576064109802246,0.03859229013323784,0.0020693596452474594,-7.130574703216553,24.570688247680664,0.00019999999494757503,0.0005000000237487257,0.0006394059164449573
207355904,0.05000000074505806,0.7508857250213623,0.03378985822200775,0.0020897439680993557,-7.12874174118042,20.930461883544922,0.00019999999494757503,0.0005000000237487257,6.9647234340664e-05
207421440,0.05000000074505806,1.6746047735214233,0.07535721361637115,0.002226785523816943,-7.125673770904541,18.533340454101562,0.00019999999494757503,0.0005000000237487257,1.8211469068774022e-05
207486976,0.05000000074505806,1.2757675647735596,0.05740954354405403,0.002227375516667962,-7.127254486083984,24.062908172607422,0.00019999999494757503,0.0005000000237487257,2.3521015464211814e-05
207552512,0.05000000074505806,0.7555026412010193,0.03399762511253357,0.002043351996690035,-7.125954627990723,21.30182647705078,0.00019999999494757503,0.0005000000237487257,0.0001758064900059253
207618048,0.05000000074505806,0.6074925661087036,0.027337167412042618,0.002075835829600692,-7.1252641677856445,18.93666648864746,0.00019999999494757503,0.0005000000237487257,0.00041098767542280257
207683584,0.05000000074505806,0.6218941807746887,0.027985239401459694,0.0019009740790352225,-7.123299598693848,20.568031311035156,0.00019999999494757503,0.0005000000237487257,0.00011701528273988515
207749120,0.05000000074505806,0.6021648049354553,0.027097420766949654,0.001843440579250455,-7.120738983154297,18.709760665893555,0.00019999999494757503,0.0005000000237487257,0.00019463930220808834
207814656,0.05000000074505806,1.463223934173584,0.06584508717060089,0.0023581685964018106,-7.122099876403809,15.407929420471191,0.00019999999494757503,0.0005000000237487257,8.32377772894688e-05
207880192,0.05000000074505806,1.1140192747116089,0.05013086646795273,0.002302474109455943,-7.124606132507324,25.61884117126465,0.00019999999494757503,0.0005000000237487257,1.804923522286117e-05
207945728,0.05000000074505806,1.0443719625473022,0.046996742486953735,0.00204991246573627,-7.126530170440674,18.3592586517334,0.00019999999494757503,0.0005000000237487257,9.811138443183154e-05
208011264,0.05000000074505806,1.1014587879180908,0.049565646797418594,0.002417622832581401,-7.126681804656982,21.56026840209961,0.00019999999494757503,0.0005000000237487257,0.0001606495789019391
208076800,0.05000000074505806,0.8993419408798218,0.040470391511917114,0.002006266266107559,-7.1210174560546875,19.997709274291992,0.00019999999494757503,0.0005000000237487257,3.313817433081567e-05
208142336,0.05000000074505806,0.7517348527908325,0.033828072249889374,0.002338880207389593,-7.122191429138184,21.27657127380371,0.00019999999494757503,0.0005000000237487257,0.0001247026666533202
208207872,0.05000000074505806,3.3521358966827393,0.15084612369537354,0.002075576689094305,-7.125898838043213,29.314849853515625,0.00019999999494757503,0.0005000000237487257,1.2119195162085816e-05
208273408,0.05000000074505806,3.368088960647583,0.15156403183937073,0.0024482510052621365,-7.130584239959717,33.215431213378906,0.00019999999494757503,0.0005000000237487257,9.065896847459953e-06
208338944,0.05000000074505806,3.336796760559082,0.15015585720539093,0.002419854514300823,-7.126358509063721,21.45087432861328,0.00019999999494757503,0.0005000000237487257,2.6800253181136213e-06
208404480,0.05000000074505806,3.002060890197754,0.13509275019168854,0.002170257270336151,-7.128146171569824,25.493877410888672,0.00019999999494757503,0.0005000000237487257,9.949993909685872e-06
208470016,0.05000000074505806,3.0275421142578125,0.13623939454555511,0.0017681341851130128,-7.128607749938965,21.388641357421875,0.00019999999494757503,0.0005000000237487257,9.946172212949023e-06
208535552,0.05000000074505806,1.3235639333724976,0.059560377150774,0.0019277060637250543,-7.130084037780762,26.715051651000977,0.00019999999494757503,0.0005000000237487257,2.7490712454891764e-05
208601088,0.05000000074505806,0.7623128890991211,0.03430407866835594,0.00216550356708467,-7.129723072052002,27.777372360229492,0.00019999999494757503,0.0005000000237487257,1.0038666914624628e-05
208666624,0.05000000074505806,0.8283876776695251,0.03727744519710541,0.0027218919713050127,-7.128320217132568,19.095109939575195,0.00019999999494757503,0.0005000000237487257,1.289789543079678e-05
208732160,0.05000000074505806,1.4461755752563477,0.06507790833711624,0.0022380496375262737,-7.130486488342285,23.925342559814453,0.00019999999494757503,0.0005000000237487257,7.167210242187139e-06
208797696,0.05000000074505806,2.0532233715057373,0.09239505231380463,0.001971225021407008,-7.132803916931152,21.306381225585938,0.00019999999494757503,0.0005000000237487257,1.0491088687558658e-05
208863232,0.05000000074505806,1.1165257692337036,0.05024365708231926,0.0029471544548869133,-7.133330821990967,21.03207778930664,0.00019999999494757503,0.0005000000237487257,0.00013068992120679468
208928768,0.05000000074505806,0.9096143245697021,0.04093264788389206,0.001973504666239023,-7.13652229309082,21.47871971130371,0.00019999999494757503,0.0005000000237487257,0.00043649168219417334
208994304,0.05000000074505806,0.9024050235748291,0.040608227252960205,0.0027111945673823357,-7.1344757080078125,22.484891891479492,0.00019999999494757503,0.0005000000237487257,7.633616041857749e-05
209059840,0.05000000074505806,1.7926149368286133,0.08066767454147339,0.0018900451250374317,-7.13270902633667,16.594221115112305,0.00019999999494757503,0.0005000000237487257,2.705976294237189e-05
209125376,0.05000000074505806,1.3369938135147095,0.06016472354531288,0.0018791459733620286,-7.13060998916626,22.900924682617188,0.00019999999494757503,0.0005000000237487257,1.4522762285196222e-05
209190912,0.05000000074505806,0.8700712323188782,0.03915320336818695,0.002235236344859004,-7.128617763519287,23.477514266967773,0.00019999999494757503,0.0005000000237487257,9.767353185452521e-05
209256448,0.05000000074505806,0.5717421770095825,0.02572840079665184,0.002291314536705613,-7.128165245056152,18.693195343017578,0.00019999999494757503,0.0005000000237487257,0.00038403243524953723
209321984,0.05000000074505806,0.5682907700538635,0.025573085993528366,0.0025210885796695948,-7.124672889709473,18.404937744140625,0.00019999999494757503,0.0005000000237487257,0.00018950880621559918
209387520,0.05000000074505806,0.5405275821685791,0.02432374283671379,0.00228727119974792,-7.121939659118652,21.15133285522461,0.00019999999494757503,0.0005000000237487257,3.1712719646748155e-05
209453056,0.05000000074505806,0.747239351272583,0.0336257703602314,0.0026019634678959846,-7.124192714691162,27.24430274963379,0.00019999999494757503,0.0005000000237487257,2.169451181543991e-05
209518592,0.05000000074505806,0.6831555366516113,0.030741997063159943,0.0020672485698014498,-7.123091697692871,22.36513900756836,0.00019999999494757503,0.0005000000237487257,6.136139563750476e-05
209584128,0.05000000074505806,0.8815416693687439,0.039669375866651535,0.0020031218882650137,-7.121977806091309,16.919340133666992,0.00019999999494757503,0.0005000000237487257,0.00014427938731387258
209649664,0.05000000074505806,0.9110707640647888,0.0409981794655323,0.0020804039668291807,-7.121471405029297,18.204845428466797,0.00019999999494757503,0.0005000000237487257,4.8649853852111846e-05
209715200,0.05000000074505806,0.7768369913101196,0.03495766595005989,0.0021450240164995193,-7.121640205383301,22.02597427368164,0.00019999999494757503,0.0005000000237487257,2.5600647859391756e-05
209780736,0.05000000074505806,0.6622262001037598,0.029800182208418846,0.0022151011507958174,-7.122162818908691,19.759525299072266,0.00019999999494757503,0.0005000000237487257,0.0002893315104302019
209846272,0.05000000074505806,3.295728921890259,0.14830783009529114,0.002367230597883463,-7.123370170593262,32.39726257324219,0.00019999999494757503,0.0005000000237487257,1.6358102584490553e-05
209911808,0.05000000074505806,3.380021095275879,0.15210095047950745,0.0020589716732501984,-7.124056339263916,28.650482177734375,0.00019999999494757503,0.0005000000237487257,1.227543816639809e-05
209977344,0.05000000074505806,3.260833263397217,0.14673751592636108,0.002526345895603299,-7.124536991119385,23.646894454956055,0.00019999999494757503,0.0005000000237487257,3.55015845343587e-06
210042880,0.05000000074505806,3.073946475982666,0.13832761347293854,0.0018800677498802543,-7.1237897872924805,18.363996505737305,0.00019999999494757503,0.0005000000237487257,1.2382424756651744e-05
210108416,0.05000000074505806,3.0965802669525146,0.13934612274169922,0.0015987688675522804,-7.127755165100098,20.50005340576172,0.00019999999494757503,0.0005000000237487257,9.043706086231396e-06
210173952,0.05000000074505806,1.3599603176116943,0.06119822338223457,0.002029798459261656,-7.128081321716309,25.318456649780273,0.00019999999494757503,0.0005000000237487257,3.534318966558203e-05
210239488,0.05000000074505806,0.7408840656280518,0.033339787274599075,0.002420320874080062,-7.129164218902588,29.846004486083984,0.00019999999494757503,0.0005000000237487257,1.7501077309134416e-05
210305024,0.05000000074505806,0.9716938734054565,0.043726224452257156,0.002563468413427472,-7.127923965454102,21.06238555908203,0.00019999999494757503,0.0005000000237487257,1.1455960702733137e-05
210370560,0.05000000074505806,1.5633066892623901,0.07034879922866821,0.0022170892916619778,-7.128726005554199,23.189311981201172,0.00019999999494757503,0.0005000000237487257,7.808940608811099e-06
210436096,0.05000000074505806,1.3073790073394775,0.05883205682039261,0.0023629360366612673,-7.127985000610352,25.54026222229004,0.00019999999494757503,0.0005000000237487257,1.3638407835969701e-05
210501632,0.05000000074505806,0.9389145374298096,0.04225115478038788,0.0024409908801317215,-7.127355575561523,23.259057998657227,0.00019999999494757503,0.0005000000237487257,0.00011317247117403895
210567168,0.05000000074505806,0.867590606212616,0.03904157876968384,0.001972497208043933,-7.123894691467285,22.013172149658203,0.00019999999494757503,0.0005000000237487257,0.0003391381469555199
210632704,0.05000000074505806,0.8903754949569702,0.04006689786911011,0.002618599683046341,-7.1272783279418945,23.699060440063477,0.00019999999494757503,0.0005000000237487257,4.198381066089496e-05
210698240,0.05000000074505806,1.6774755716323853,0.07548640668392181,0.0022406859789043665,-7.1282525062561035,24.314189910888672,0.00019999999494757503,0.0005000000237487257,1.945348958543036e-05
210763776,0.05000000074505806,1.312729001045227,0.05907280370593071,0.0019814062397927046,-7.132468223571777,20.94754409790039,0.00019999999494757503,0.0005000000237487257,1.6188343579415232e-05
210829312,0.05000000074505806,0.8165842294692993,0.03674629330635071,0.0019882023334503174,-7.129495143890381,21.92569923400879,0.00019999999494757503,0.0005000000237487257,8.540371345588937e-05
210894848,0.05000000074505806,0.5579943656921387,0.025109747424721718,0.0022651907056570053,-7.132016658782959,17.953763961791992,0.00019999999494757503,0.0005000000237487257,0.00023982816492207348
210960384,0.05000000074505806,0.6049385666847229,0.02722223661839962,0.002483508549630642,-7.128555774688721,19.30521583557129,0.00019999999494757503,0.0005000000237487257,8.768215775489807e-05
211025920,0.05000000074505806,0.5535212159156799,0.024908458814024925,0.0021478186827152967,-7.125932693481445,21.444215774536133,0.00019999999494757503,0.0005000000237487257,3.015057518496178e-05
211091456,0.05000000074505806,0.9951756596565247,0.04478290677070618,0.0022139716893434525,-7.1235551834106445,19.56031036376953,0.00019999999494757503,0.0005000000237487257,3.0179802706697956e-05
211156992,0.05000000074505806,0.6580615639686584,0.029612772166728973,0.0018984191119670868,-7.125572204589844,18.496028900146484,0.00019999999494757503,0.0005000000237487257,4.0116185118677095e-05
211222528,0.05000000074505806,0.6655793190002441,0.029951071366667747,0.00289136148057878,-7.123257160186768,24.037601470947266,0.00019999999494757503,0.0005000000237487257,8.043042907956988e-05
211288064,0.05000000074505806,0.9428868889808655,0.042429909110069275,0.002181540010496974,-7.121587753295898,17.005962371826172,0.00019999999494757503,0.0005000000237487257,6.266254058573395e-05
211353600,0.05000000074505806,0.7160494327545166,0.03222222626209259,0.0016959006898105145,-7.124234676361084,19.67914581298828,0.00019999999494757503,0.0005000000237487257,2.398376091150567e-05
211419136,0.05000000074505806,0.6837384700775146,0.03076823242008686,0.0018807626329362392,-7.123282432556152,22.827743530273438,0.00019999999494757503,0.0005000000237487257,0.00023166195023804903
211484672,0.05000000074505806,3.3279459476470947,0.14975757896900177,0.0026745228096842766,-7.125957489013672,38.07628631591797,0.00019999999494757503,0.0005000000237487257,1.5096599781827535e-05
211550208,0.05000000074505806,3.493273973464966,0.15719732642173767,0.0022975008469074965,-7.128007888793945,28.108613967895508,0.00019999999494757503,0.0005000000237487257,1.173017062683357e-05
211615744,0.05000000074505806,3.4650919437408447,0.15592911839485168,0.002634514356032014,-7.126321315765381,26.134830474853516,0.00019999999494757503,0.0005000000237487257,4.010003976873122e-06
211681280,0.05000000074505806,3.231632709503174,0.14542348682880402,0.002220138907432556,-7.12436580657959,22.990066528320312,0.00019999999494757503,0.0005000000237487257,6.999943252594676e-06
211746816,0.05000000074505806,3.212838649749756,0.1445777714252472,0.0018598823808133602,-7.123614311218262,20.928098678588867,0.00019999999494757503,0.0005000000237487257,8.850740414345637e-06
211812352,0.05000000074505806,1.4125397205352783,0.06356429308652878,0.001974529819563031,-7.121915340423584,26.85399055480957,0.00019999999494757503,0.0005000000237487257,3.1746705644764006e-05
211877888,0.05000000074505806,0.7757360339164734,0.034908123314380646,0.002233834471553564,-7.127010822296143,27.664485931396484,0.00019999999494757503,0.0005000000237487257,1.6700600099284202e-05
211943424,0.05000000074505806,0.8183220028877258,0.036824487149715424,0.0024899542331695557,-7.127599239349365,18.514835357666016,0.00019999999494757503,0.0005000000237487257,1.4660392480436713e-05
212008960,0.05000000074505806,1.32222580909729,0.05950016900897026,0.0023442055098712444,-7.127795696258545,23.891321182250977,0.00019999999494757503,0.0005000000237487257,6.908726390975062e-06
212074496,0.05000000074505806,1.994091510772705,0.08973412960767746,0.002966555068269372,-7.129788875579834,30.54931640625,0.00019999999494757503,0.0005000000237487257,7.90793819760438e-06
212140032,0.05000000074505806,1.099947214126587,0.04949762672185898,0.002499370137229562,-7.13045597076416,22.078567504882812,0.00019999999494757503,0.0005000000237487257,6.237495108507574e-05
212205568,0.05000000074505806,0.8525360822677612,0.03836412727832794,0.002094475319609046,-7.126411437988281,22.556377410888672,0.00019999999494757503,0.0005000000237487257,0.00023140947450883687
212271104,0.05000000074505806,0.8654225468635559,0.03894401341676712,0.0022809405345469713,-7.126238822937012,22.730579376220703,0.00019999999494757503,0.0005000000237487257,5.833981413161382e-05
212336640,0.05000000074505806,1.1758886575698853,0.05291499197483063,0.0024012411013245583,-7.125154972076416,23.369571685791016,0.00019999999494757503,0.0005000000237487257,2.6109348254976794e-05
212402176,0.05000000074505806,1.3557103872299194,0.06100697070360184,0.001961509231477976,-7.1280131340026855,19.972484588623047,0.00019999999494757503,0.0005000000237487257,1.413208792655496e-05
212467712,0.05000000074505806,0.8278544545173645,0.037253450602293015,0.0019541068468242884,-7.12973165512085,22.07894515991211,0.00019999999494757503,0.0005000000237487257,5.715640872949734e-05
212533248,0.05000000074505806,0.5449389219284058,0.02452225238084793,0.0018863666336983442,-7.129240989685059,21.287139892578125,0.00019999999494757503,0.0005000000237487257,0.00014576269313693047
212598784,0.05000000074505806,0.499286025762558,0.022467873990535736,0.0021077340934425592,-7.126842498779297,19.367382049560547,0.00019999999494757503,0.0005000000237487257,0.0001097325439332053
212664320,0.05000000074505806,0.95342618227005,0.04290418326854706,0.0020227590575814247,-7.126340866088867,19.97284698486328,0.00019999999494757503,0.0005000000237487257,2.1662031940650195e-05
212729856,0.05000000074505806,0.6436458826065063,0.02896406501531601,0.0019211950711905956,-7.12565803527832,22.678680419921875,0.00019999999494757503,0.0005000000237487257,2.3940776372910477e-05
212795392,0.05000000074505806,0.7143464684486389,0.03214558959007263,0.003275464288890362,-7.126191139221191,24.210895538330078,0.00019999999494757503,0.0005000000237487257,6.162056524772197e-05
212860928,0.05000000074505806,0.8460036516189575,0.038070160895586014,0.0024075410328805447,-7.125068187713623,21.359447479248047,0.00019999999494757503,0.0005000000237487257,5.6506025430280715e-05
212926464,0.05000000074505806,1.0308901071548462,0.04639005288481712,0.0024206088855862617,-7.125563621520996,23.254924774169922,0.00019999999494757503,0.0005000000237487257,1.6494979718117975e-05
212992000,0.05000000074505806,0.7017749547958374,0.0315798744559288,0.0021701508667320013,-7.123734474182129,22.667753219604492,0.00019999999494757503,0.0005000000237487257,3.4936390875373036e-05
213057536,0.05000000074505806,0.6437853574752808,0.028970342129468918,0.0021191358100622892,-7.1217522621154785,22.766376495361328,0.00019999999494757503,0.0005000000237487257,0.00044843749492429197
213123072,0.05000000074505806,3.2846808433532715,0.1478106528520584,0.002554877195507288,-7.128838062286377,32.836116790771484,0.00019999999494757503,0.0005000000237487257,1.6347936252714135e-05
213188608,0.05000000074505806,3.368706464767456,0.15159177780151367,0.002321130596101284,-7.129715919494629,26.145051956176758,0.00019999999494757503,0.0005000000237487257,1.604756835149601e-05
213254144,0.05000000074505806,3.1710238456726074,0.1426960825920105,0.002583669498562813,-7.127291202545166,22.76726531982422,0.00019999999494757503,0.0005000000237487257,4.7716339395265095e-06
213319680,0.05000000074505806,2.5830633640289307,0.11623785644769669,0.002245814772322774,-7.125388145446777,24.525352478027344,0.00019999999494757503,0.0005000000237487257,2.954002957267221e-05
213385216,0.05000000074505806,2.7552199363708496,0.12398489564657211,0.001963948830962181,-7.1258697509765625,20.34650421142578,0.00019999999494757503,0.0005000000237487257,1.5209940102067776e-05
213450752,0.05000000074505806,1.2487103939056396,0.05619196593761444,0.002075341995805502,-7.1281609535217285,26.49751853942871,0.00019999999494757503,0.0005000000237487257,4.15807735407725e-05
213516288,0.05000000074505806,0.6878448724746704,0.030953019857406616,0.002397257136180997,-7.127814292907715,27.476295471191406,0.00019999999494757503,0.0005000000237487257,2.259904249513056e-05
213581824,0.05000000074505806,0.9133031368255615,0.041098643094301224,0.003013581270352006,-7.130681991577148,20.077543258666992,0.00019999999494757503,0.0005000000237487257,1.3814578778692521e-05
213647360,0.05000000074505806,1.2614679336547852,0.05676605924963951,0.0023371288552880287,-7.129417896270752,21.697837829589844,0.00019999999494757503,0.0005000000237487257,1.0892773389059585e-05
213712896,0.05000000074505806,1.4648064374923706,0.0659162849187851,0.0018986586946994066,-7.126729965209961,21.83097267150879,0.00019999999494757503,0.0005000000237487257,1.2792505003744736e-05
213778432,0.05000000074505806,0.9253043532371521,0.041638702154159546,0.0025373322423547506,-7.12846040725708,22.3552188873291,0.00019999999494757503,0.0005000000237487257,0.00012048874486936256
213843968,0.05000000074505806,0.7741472125053406,0.034836623817682266,0.0019543038215488195,-7.127093315124512,22.926511764526367,0.00019999999494757503,0.0005000000237487257,0.00036993774119764566
213909504,0.05000000074505806,0.7852610945701599,0.03533674776554108,0.0019579781219363213,-7.1252007484436035,21.86703872680664,0.00019999999494757503,0.0005000000237487257,0.00010002643102779984
213975040,0.05000000074505806,1.5348663330078125,0.06906899064779282,0.0021517553832381964,-7.129917144775391,20.15107536315918,0.00019999999494757503,0.0005000000237487257,4.9419097194913775e-05
214040576,0.05000000074505806,1.2125742435455322,0.05456584692001343,0.002454434521496296,-7.128602504730225,24.148277282714844,0.00019999999494757503,0.0005000000237487257,2.409460284980014e-05
214106112,0.05000000074505806,0.7086350917816162,0.03188858553767204,0.0021427643951028585,-7.127936363220215,23.83244514465332,0.00019999999494757503,0.0005000000237487257,0.00019075402815360576
214171648,0.05000000074505806,0.5747050046920776,0.025861725211143494,0.002444776939228177,-7.120306968688965,21.106184005737305,0.00019999999494757503,0.0005000000237487257,0.0004844803479500115
214237184,0.05000000074505806,0.5785341262817383,0.02603403478860855,0.0021801611874252558,-7.121313095092773,20.871551513671875,0.00019999999494757503,0.0005000000237487257,0.00020340850460343063
214302720,0.05000000074505806,0.5332038402557373,0.023994171991944313,0.002101463731378317,-7.123861789703369,19.417953491210938,0.00019999999494757503,0.0005000000237487257,5.859380689798854e-05
214368256,0.05000000074505806,1.3651459217071533,0.06143156811594963,0.001999356085434556,-7.121372222900391,23.138551712036133,0.00019999999494757503,0.0005000000237487257,3.7609355786116794e-05
214433792,0.05000000074505806,0.8179522156715393,0.03680785000324249,0.002536378800868988,-7.1272101402282715,22.34739112854004,0.00019999999494757503,0.0005000000237487257,6.434653187170625e-05
214499328,0.05000000074505806,0.6517309546470642,0.029327895492315292,0.0029826313257217407,-7.1218085289001465,18.812673568725586,0.00019999999494757503,0.0005000000237487257,0.00017577066319063306
214564864,0.05000000074505806,0.6275522708892822,0.02823985368013382,0.002638084115460515,-7.1209235191345215,20.880258560180664,0.00019999999494757503,0.0005000000237487257,0.0002011434844462201
214630400,0.05000000074505806,0.5795646905899048,0.026080412790179253,0.0020854019094258547,-7.118690490722656,23.047460556030273,0.00019999999494757503,0.0005000000237487257,8.55870166560635e-05
214695936,0.05000000074505806,0.6153247356414795,0.027689611539244652,0.0023237564601004124,-7.120550632476807,25.905197143554688,0.00019999999494757503,0.0005000000237487257,0.0009359193500131369
214761472,0.05000000074505806,3.3485915660858154,0.15068663656711578,0.0023020158987492323,-7.125118732452393,32.27039337158203,0.00019999999494757503,0.0005000000237487257,1.165432513516862e-05
214827008,0.05000000074505806,3.4017796516418457,0.15308009088039398,0.0019062641076743603,-7.127694129943848,27.629337310791016,0.00019999999494757503,0.0005000000237487257,7.990441190486308e-06
214892544,0.05000000074505806,3.275705099105835,0.14740674197673798,0.002648567082360387,-7.129131317138672,21.799327850341797,0.00019999999494757503,0.0005000000237487257,2.7463129299576394e-06
214958080,0.05000000074505806,3.0188634395599365,0.13584886491298676,0.0018797691445797682,-7.129856586456299,18.578685760498047,0.00019999999494757503,0.0005000000237487257,1.3567052519647405e-05
215023616,0.05000000074505806,3.1134443283081055,0.1401050090789795,0.002094636205583811,-7.1290740966796875,19.247541427612305,0.00019999999494757503,0.0005000000237487257,7.488452865800355e-06
215089152,0.05000000074505806,1.3340376615524292,0.0600317046046257,0.0019191759638488293,-7.128303527832031,20.97728729248047,0.00019999999494757503,0.0005000000237487257,3.830267087323591e-05
215154688,0.05000000074505806,0.6937453746795654,0.031218543648719788,0.002212118823081255,-7.1259589195251465,22.99230194091797,0.00019999999494757503,0.0005000000237487257,1.600323594175279e-05
215220224,0.05000000074505806,0.8315900564193726,0.03742155432701111,0.0026906991843134165,-7.126925945281982,24.046146392822266,0.00019999999494757503,0.0005000000237487257,8.827885721984785e-06
215285760,0.05000000074505806,1.8087884187698364,0.0813954696059227,0.0025681043043732643,-7.124011516571045,22.89833641052246,0.00019999999494757503,0.0005000000237487257,6.136973752290942e-06
215351296,0.05000000074505806,1.3229626417160034,0.05953332036733627,0.0018861043499782681,-7.124331951141357,21.202287673950195,0.00019999999494757503,0.0005000000237487257,1.2063907888659742e-05
215416832,0.05000000074505806,0.766031801700592,0.03447143733501434,0.0024657505564391613,-7.121242523193359,19.27198028564453,0.00019999999494757503,0.0005000000237487257,0.000751740240957588
215482368,0.05000000074505806,0.5822377800941467,0.02620070055127144,0.0023900861851871014,-7.121110916137695,20.660741806030273,0.00019999999494757503,0.0005000000237487257,0.0012102965265512466
215547904,0.05000000074505806,0.502981424331665,0.022634167224168777,0.0019901839550584555,-7.12155818939209,17.659265518188477,0.00019999999494757503,0.0005000000237487257,0.00010926129471044987
215613440,0.05000000074505806,1.1623749732971191,0.0523068793118,0.001934593077749014,-7.12191915512085,15.662845611572266,0.00019999999494757503,0.0005000000237487257,2.4647722966619767e-05
215678976,0.05000000074505806,1.1236259937286377,0.05056317523121834,0.002027245471253991,-7.122697353363037,19.526655197143555,0.00019999999494757503,0.0005000000237487257,1.7644666513660923e-05
215744512,0.05000000074505806,0.6367142796516418,0.028652142733335495,0.0024254322052001953,-7.121712684631348,23.55082893371582,0.00019999999494757503,0.0005000000237487257,0.00019545338000170887
215810048,0.05000000074505806,0.5025973916053772,0.022616883739829063,0.002115266164764762,-7.120998382568359,20.920045852661133,0.00019999999494757503,0.0005000000237487257,0.0005119335255585611
215875584,0.05000000074505806,0.553856611251831,0.024923549965023994,0.0019227201119065285,-7.119787216186523,17.536392211914062,0.00019999999494757503,0.0005000000237487257,0.00014165963511914015
215941120,0.05000000074505806,0.4814628064632416,0.021665826439857483,0.0022317832335829735,-7.121691703796387,18.875560760498047,0.00019999999494757503,0.0005000000237487257,7.559444929938763e-05
216006656,0.05000000074505806,1.1179018020629883,0.05030558630824089,0.0022990573197603226,-7.1209611892700195,21.11502456665039,0.00019999999494757503,0.0005000000237487257,4.9701375246513635e-05
216072192,0.05000000074505806,0.6758421659469604,0.03041290119290352,0.002363623818382621,-7.122371673583984,26.979177474975586,0.00019999999494757503,0.0005000000237487257,4.8092977522173896e-05
216137728,0.05000000074505806,0.5324252247810364,0.02395913377404213,0.002472338266670704,-7.122028350830078,23.616535186767578,0.00019999999494757503,0.0005000000237487257,0.0002565828035585582
216203264,0.05000000074505806,0.5305836200714111,0.023876260966062546,0.0020377691835165024,-7.122403144836426,18.550382614135742,0.00019999999494757503,0.0005000000237487257,0.00010202107660006732
216268800,0.05000000074505806,0.5079593062400818,0.022858167067170143,0.002243528375402093,-7.122665882110596,19.492252349853516,0.00019999999494757503,0.0005000000237487257,1.872923894552514e-05
216334336,0.05000000074505806,0.5370543599128723,0.024167446419596672,0.0022675474174320698,-7.124539375305176,21.369768142700195,0.00019999999494757503,0.0005000000237487257,0.00039451222983188927
216399872,0.05000000074505806,3.4040257930755615,0.15318116545677185,0.002811143407598138,-7.128702163696289,37.02799987792969,0.00019999999494757503,0.0005000000237487257,1.5212072867143434e-05
216465408,0.05000000074505806,3.4295051097869873,0.15432772040367126,0.0017153447261080146,-7.13154935836792,22.841272354125977,0.00019999999494757503,0.0005000000237487257,1.076539047062397e-05
216530944,0.05000000074505806,3.3480892181396484,0.15066401660442352,0.0022875035647302866,-7.130443572998047,20.949853897094727,0.00019999999494757503,0.0005000000237487257,3.1726140150567517e-06
216596480,0.05000000074505806,3.2285423278808594,0.14528439939022064,0.0022558856289833784,-7.128555774688721,18.910785675048828,0.00019999999494757503,0.0005000000237487257,4.823866220249329e-06
216662016,0.05000000074505806,3.377715826034546,0.15199723839759827,0.0020670448429882526,-7.131533145904541,16.8101749420166,0.00019999999494757503,0.0005000000237487257,8.361310392501764e-06
216727552,0.05000000074505806,1.3614652156829834,0.06126592680811882,0.001973428763449192,-7.130075454711914,22.452159881591797,0.00019999999494757503,0.0005000000237487257,4.049530980410054e-05
216793088,0.05000000074505806,0.6283997893333435,0.028277991339564323,0.0019501468632370234,-7.130749702453613,27.890092849731445,0.00019999999494757503,0.0005000000237487257,1.839856486185454e-05
216858624,0.05000000074505806,0.6361697912216187,0.02862764336168766,0.0023534069769084454,-7.1312785148620605,20.592174530029297,0.00019999999494757503,0.0005000000237487257,9.23794141272083e-06
216924160,0.05000000074505806,1.5666970014572144,0.07050137221813202,0.0022617708891630173,-7.130351543426514,19.322467803955078,0.00019999999494757503,0.0005000000237487257,6.7811179178534076e-06
216989696,0.05000000074505806,0.9707309007644653,0.043682895600795746,0.0020243690814822912,-7.127619743347168,22.001571655273438,0.00019999999494757503,0.0005000000237487257,1.9972585505456664e-05
217055232,0.05000000074505806,0.6000800132751465,0.02700360119342804,0.002344943815842271,-7.126706600189209,25.99892234802246,0.00019999999494757503,0.0005000000237487257,0.0007314287358894944
217120768,0.05000000074505806,0.49827492237091064,0.022422373294830322,0.002423694357275963,-7.1236677169799805,19.354196548461914,0.00019999999494757503,0.0005000000237487257,0.0007887519896030426
217186304,0.05000000074505806,0.5049947500228882,0.022724762558937073,0.0027349363081157207,-7.12324333190918,21.93312644958496,0.00019999999494757503,0.0005000000237487257,9.022902668220922e-05
217251840,0.05000000074505806,1.177957534790039,0.05300809442996979,0.0020088956225663424,-7.123551368713379,17.286489486694336,0.00019999999494757503,0.0005000000237487257,1.837759009504225e-05
217317376,0.05000000074505806,1.0270493030548096,0.04621721804141998,0.0024065482430160046,-7.123748779296875,24.662120819091797,0.00019999999494757503,0.0005000000237487257,2.132974441337865e-05
217382912,0.05000000074505806,0.5547842383384705,0.02496528998017311,0.002252102131024003,-7.120451927185059,18.07972526550293,0.00019999999494757503,0.0005000000237487257,0.00025067280512303114
217448448,0.05000000074505806,0.4949071407318115,0.022270817309617996,0.0023866589181125164,-7.119142055511475,20.597105026245117,0.00019999999494757503,0.0005000000237487257,0.00034444735501892865
217513984,0.05000000074505806,0.5367764830589294,0.024154942482709885,0.002097218995913863,-7.117908000946045,16.41921615600586,0.00019999999494757503,0.0005000000237487257,0.0002167715720133856
217579520,0.05000000074505806,0.4472372233867645,0.020125675946474075,0.0022304903250187635,-7.118261814117432,17.882740020751953,0.00019999999494757503,0.0005000000237487257,9.418414265383035e-05
217645056,0.05000000074505806,1.3428757190704346,0.0604294128715992,0.0025559980422258377,-7.122501850128174,19.773344039916992,0.00019999999494757503,0.0005000000237487257,5.0028698751702905e-05
217710592,0.05000000074505806,0.6664608716964722,0.02999073825776577,0.0023978936951607466,-7.120489120483398,22.04688262939453,0.00019999999494757503,0.0005000000237487257,8.98377038538456e-05
217776128,0.05000000074505806,0.509079098701477,0.022908559069037437,0.002248335164040327,-7.12177038192749,23.855669021606445,0.00019999999494757503,0.0005000000237487257,0.0002693537389859557
217841664,0.05000000074505806,0.4985446333885193,0.02243451029062271,0.0019123037345707417,-7.120064735412598,20.783649444580078,0.00019999999494757503,0.0005000000237487257,8.09132179711014e-05
217907200,0.05000000074505806,0.6214332580566406,0.027964496985077858,0.002645796863362193,-7.1209001541137695,25.086210250854492,0.00019999999494757503,0.0005000000237487257,2.3282387701328844e-05
217972736,0.05000000074505806,0.5189282894134521,0.023351771757006645,0.0018302365206182003,-7.119386672973633,19.752424240112305,0.00019999999494757503,0.0005000000237487257,0.00010189981549046934
218038272,0.05000000074505806,3.4244399070739746,0.15409980714321136,0.0025958202313631773,-7.125234603881836,28.659387588500977,0.00019999999494757503,0.0005000000237487257,1.3879684956918936e-05
218103808,0.05000000074505806,3.412743330001831,0.15357348322868347,0.002181451767683029,-7.127832412719727,27.246349334716797,0.00019999999494757503,0.0005000000237487257,1.1042711776099168e-05
218169344,0.05000000074505806,3.3405399322509766,0.150324285030365,0.002675670199096203,-7.12468957901001,18.883787155151367,0.00019999999494757503,0.0005000000237487257,2.9331956739042653e-06
218234880,0.05000000074505806,3.0963189601898193,0.13933436572551727,0.002268870361149311,-7.124609470367432,20.3787899017334,0.00019999999494757503,0.0005000000237487257,5.119376965012634e-06
218300416,0.05000000074505806,3.2128591537475586,0.14457868039608002,0.0019832446705549955,-7.1216654777526855,17.896480560302734,0.00019999999494757503,0.0005000000237487257,1.1172879567311611e-05
218365952,0.05000000074505806,1.3163350820541382,0.05923508107662201,0.0019431253895163536,-7.1232099533081055,26.660444259643555,0.00019999999494757503,0.0005000000237487257,4.339842053013854e-05
218431488,0.05000000074505806,0.6182034611701965,0.027819158509373665,0.0023422427475452423,-7.123939037322998,20.525089263916016,0.00019999999494757503,0.0005000000237487257,2.1643856598529965e-05
218497024,0.05000000074505806,0.9927148818969727,0.044672176241874695,0.0018956426065415144,-7.126688480377197,21.959604263305664,0.00019999999494757503,0.0005000000237487257,7.401692073472077e-06
218562560,0.05000000074505806,1.7270562648773193,0.07771754264831543,0.0020439792424440384,-7.126349449157715,17.468791961669922,0.00019999999494757503,0.0005000000237487257,6.16010856901994e-06
218628096,0.05000000074505806,1.0563244819641113,0.047534599900245667,0.00264343642629683,-7.125848293304443,20.143978118896484,0.00019999999494757503,0.0005000000237487257,1.8194619769928977e-05
218693632,0.05000000074505806,0.6437395811080933,0.028968285769224167,0.00232447637245059,-7.1251091957092285,18.982656478881836,0.00019999999494757503,0.0005000000237487257,0.0010579783702269197
218759168,0.05000000074505806,0.5527556538581848,0.02487400360405445,0.0026567818131297827,-7.122598171234131,24.3352108001709,0.00019999999494757503,0.0005000000237487257,0.0011209443910047412
218824704,0.05000000074505806,0.5103063583374023,0.022963788360357285,0.0024976583663374186,-7.123055934906006,19.60697364807129,0.00019999999494757503,0.0005000000237487257,0.00011557302059372887
218890240,0.05000000074505806,1.230301856994629,0.05536359176039696,0.0026098419912159443,-7.123911380767822,20.12455940246582,0.00019999999494757503,0.0005000000237487257,2.4820436010486446e-05
218955776,0.05000000074505806,1.1547564268112183,0.051964037120342255,0.002158669987693429,-7.124825954437256,21.117328643798828,0.00019999999494757503,0.0005000000237487257,1.8159596947953105e-05
219021312,0.05000000074505806,0.6477054953575134,0.029146747663617134,0.002383981365710497,-7.123904228210449,21.066377639770508,0.00019999999494757503,0.0005000000237487257,0.00013855347060598433
219086848,0.05000000074505806,0.5010620951652527,0.02254779450595379,0.0020030676387250423,-7.128494739532471,20.01898956298828,0.00019999999494757503,0.0005000000237487257,0.00036497748806141317
219152384,0.05000000074505806,0.5408047437667847,0.02433621510863304,0.0019483787473291159,-7.125707626342773,19.785945892333984,0.00019999999494757503,0.0005000000237487257,0.00012629230332095176
219217920,0.05000000074505806,0.5073682069778442,0.022831568494439125,0.001970390323549509,-7.1251220703125,16.126026153564453,0.00019999999494757503,0.0005000000237487257,0.0001360133901471272
219283456,0.05000000074505806,1.1964244842529297,0.053839102387428284,0.002908081281930208,-7.124757766723633,16.250221252441406,0.00019999999494757503,0.0005000000237487257,7.565919077023864e-05
219348992,0.05000000074505806,0.7329627275466919,0.03298332169651985,0.0022278265096247196,-7.126492977142334,25.178199768066406,0.00019999999494757503,0.0005000000237487257,3.785284570767544e-05
219414528,0.05000000074505806,0.519159734249115,0.023362189531326294,0.002267677802592516,-7.1227545738220215,18.476778030395508,0.00019999999494757503,0.0005000000237487257,0.0002884640416596085
219480064,0.05000000074505806,0.6521530151367188,0.029346885159611702,0.002512681996449828,-7.122009754180908,23.56661033630371,0.00019999999494757503,0.0005000000237487257,8.522487769369036e-05
219545600,0.05000000074505806,0.5625612735748291,0.025315258651971817,0.0027766041457653046,-7.125405788421631,24.83089256286621,0.00019999999494757503,0.0005000000237487257,2.1608348106383346e-05
219611136,0.05000000074505806,0.49979066848754883,0.02249058149755001,0.002111936453729868,-7.122741222381592,23.69533348083496,0.00019999999494757503,0.0005000000237487257,0.00014026589633431286
219676672,0.05000000074505806,3.515929698944092,0.15821683406829834,0.0022682833950966597,-7.125133037567139,27.310617446899414,0.00019999999494757503,0.0005000000237487257,1.5475734471692704e-05
219742208,0.05000000074505806,3.53235125541687,0.15895581245422363,0.0018381678964942694,-7.1260271072387695,24.766908645629883,0.00019999999494757503,0.0005000000237487257,1.1770930541388225e-05
219807744,0.05000000074505806,3.428697347640991,0.15429137647151947,0.002509289886802435,-7.1263322830200195,23.00946807861328,0.00019999999494757503,0.0005000000237487257,3.450804115345818e-06
219873280,0.05000000074505806,3.1771273612976074,0.1429707556962967,0.0021804592106491327,-7.125761032104492,19.501686096191406,0.00019999999494757503,0.0005000000237487257,7.823414307495113e-06
219938816,0.05000000074505806,3.2724831104278564,0.14726173877716064,0.0020384695380926132,-7.123671531677246,21.619728088378906,0.00019999999494757503,0.0005000000237487257,1.0236093658022583e-05
220004352,0.05000000074505806,1.3650561571121216,0.0614275224506855,0.0026354941073805094,-7.125848293304443,31.313339233398438,0.00019999999494757503,0.0005000000237487257,3.347099482198246e-05
220069888,0.05000000074505806,0.5230406522750854,0.02353683114051819,0.0018993827980011702,-7.127262592315674,23.982492446899414,0.00019999999494757503,0.0005000000237487257,1.4009136066306382e-05
220135424,0.05000000074505806,0.6029863357543945,0.02713438682258129,0.0022940353956073523,-7.128734111785889,19.875322341918945,0.00019999999494757503,0.0005000000237487257,1.1025152161892038e-05
220200960,0.05000000074505806,1.2301132678985596,0.05535510182380676,0.002341257641091943,-7.128108978271484,21.6991024017334,0.00019999999494757503,0.0005000000237487257,6.740325716236839e-06
220266496,0.05000000074505806,1.0708180665969849,0.04818681627511978,0.00197931588627398,-7.128473281860352,22.13442611694336,0.00019999999494757503,0.0005000000237487257,1.1113066648249514e-05
220332032,0.05000000074505806,0.6905909180641174,0.031076595187187195,0.0022153635509312153,-7.126827239990234,22.938507080078125,0.00019999999494757503,0.0005000000237487257,0.00019589645671658218
220397568,0.05000000074505806,0.5646844506263733,0.02541080117225647,0.0021701985970139503,-7.129724502563477,19.8326358795166,0.00019999999494757503,0.0005000000237487257,0.00044170834007672966
220463104,0.05000000074505806,0.5578410029411316,0.025102846324443817,0.0023122476413846016,-7.129821300506592,15.822111129760742,0.00019999999494757503,0.0005000000237487257,0.0001237729738932103
220528640,0.05000000074505806,1.088150978088379,0.048966795206069946,0.002550042700022459,-7.128191947937012,20.356430053710938,0.00019999999494757503,0.0005000000237487257,2.4798859158181585e-05
220594176,0.05000000074505806,0.9488744139671326,0.04269934818148613,0.001656397944316268,-7.129964828491211,27.171649932861328,0.00019999999494757503,0.0005000000237487257,2.21119789785007e-05
220659712,0.05000000074505806,0.5670656561851501,0.025517959147691727,0.002880505518987775,-7.130809307098389,21.008338928222656,0.00019999999494757503,0.0005000000237487257,0.0002183726173825562
220725248,0.05000000074505806,0.4708735942840576,0.021189311519265175,0.002168030245229602,-7.128607749938965,16.006080627441406,0.00019999999494757503,0.0005000000237487257,0.0002981646393891424
220790784,0.05000000074505806,0.47959426045417786,0.0215817429125309,0.002050542738288641,-7.12483549118042,17.013418197631836,0.00019999999494757503,0.0005000000237487257,0.0001524091203464195
220856320,0.05000000074505806,0.4707583785057068,0.021184129640460014,0.0019044463988393545,-7.123273849487305,21.08936309814453,0.00019999999494757503,0.0005000000237487257,0.00029253296088427305
220921856,0.05000000074505806,0.6408467888832092,0.028838107362389565,0.002317308448255062,-7.123991012573242,20.811573028564453,0.00019999999494757503,0.0005000000237487257,0.00016565347323194146
220987392,0.05000000074505806,0.5999915599822998,0.026999618858098984,0.0027931691147387028,-7.123123645782471,23.17298126220703,0.00019999999494757503,0.0005000000237487257,9.00614177226089e-05
221052928,0.05000000074505806,0.5520879030227661,0.024843955412507057,0.002756900852546096,-7.120258331298828,18.465791702270508,0.00019999999494757503,0.0005000000237487257,0.00011481870751595125
221118464,0.05000000074505806,1.270332932472229,0.057164981961250305,0.0019136802293360233,-7.123086929321289,21.739046096801758,0.00019999999494757503,0.0005000000237487257,7.494066085200757e-05
221184000,0.05000000074505806,1.397638201713562,0.06289371848106384,0.0019724443554878235,-7.121542453765869,22.021724700927734,0.00019999999494757503,0.0005000000237487257,1.899241397040896e-05
221249536,0.05000000074505806,0.6965107321739197,0.03134298324584961,0.0019996934570372105,-7.12203311920166,23.236684799194336,0.00019999999494757503,0.0005000000237487257,7.370476669166237e-05
221315072,0.05000000074505806,3.3770670890808105,0.15196801722049713,0.002203434007242322,-7.1260809898376465,31.323200225830078,0.00019999999494757503,0.0005000000237487257,1.2737854376609903e-05
221380608,0.05000000074505806,3.4716928005218506,0.15622617304325104,0.001604973105713725,-7.124815940856934,20.985116958618164,0.00019999999494757503,0.0005000000237487257,1.2943079127580859e-05
221446144,0.05000000074505806,3.3704288005828857,0.15166929364204407,0.0023251730017364025,-7.126186370849609,21.409238815307617,0.00019999999494757503,0.0005000000237487257,3.7403970054583624e-06
221511680,0.05000000074505806,3.0963680744171143,0.13933655619621277,0.0019880745094269514,-7.122408866882324,18.5450439453125,0.00019999999494757503,0.0005000000237487257,7.2597099460836034e-06
221577216,0.05000000074505806,3.176784038543701,0.14295528829097748,0.0024329035077244043,-7.122622489929199,22.65296745300293,0.00019999999494757503,0.0005000000237487257,1.032380350807216e-05
221642752,0.05000000074505806,1.2947150468826294,0.0582621768116951,0.0018878374248743057,-7.120894908905029,18.508432388305664,0.00019999999494757503,0.0005000000237487257,4.0638649807078764e-05
221708288,0.05000000074505806,0.6205964088439941,0.027926838025450706,0.0025591629091650248,-7.124222755432129,27.86455535888672,0.00019999999494757503,0.0005000000237487257,1.053108735504793e-05
221773824,0.05000000074505806,0.9796544313430786,0.04408445581793785,0.0026230129878968,-7.12714958190918,22.99504852294922,0.00019999999494757503,0.0005000000237487257,7.577233191113919e-06
221839360,0.05000000074505806,1.7025338411331177,0.07661403715610504,0.0024328012950718403,-7.127537250518799,22.94439697265625,0.00019999999494757503,0.0005000000237487257,6.060314717615256e-06
221904896,0.05000000074505806,1.6817662715911865,0.07567949593067169,0.0023332994896918535,-7.127347946166992,21.232481002807617,0.00019999999494757503,0.0005000000237487257,1.0243994438496884e-05
221970432,0.05000000074505806,0.8379455208778381,0.037707552313804626,0.0029556681402027607,-7.128794193267822,23.74888038635254,0.00019999999494757503,0.0005000000237487257,0.000585716450586915
222035968,0.05000000074505806,0.6414390802383423,0.02886475995182991,0.002122830832377076,-7.128780364990234,19.254283905029297,0.00019999999494757503,0.0005000000237487257,0.0012948681833222508
222101504,0.05000000074505806,0.5998494625091553,0.026993226259946823,0.002677129115909338,-7.126537799835205,21.82724380493164,0.00019999999494757503,0.0005000000237487257,0.00011519237887114286
222167040,0.05000000074505806,1.1784712076187134,0.053031209856271744,0.0025223197881132364,-7.127918243408203,23.03744125366211,0.00019999999494757503,0.0005000000237487257,2.0152872821199708e-05
222232576,0.05000000074505806,1.2825329303741455,0.057713981717824936,0.0019258788088336587,-7.127758026123047,15.498342514038086,0.00019999999494757503,0.0005000000237487257,1.2392788448778447e-05
222298112,0.05000000074505806,0.7461927533149719,0.033578675240278244,0.0019536814652383327,-7.126267433166504,22.993925094604492,0.00019999999494757503,0.0005000000237487257,9.694699838291854e-05
222363648,0.05000000074505806,0.5153419375419617,0.023190388455986977,0.0023413943126797676,-7.124616622924805,21.5314884185791,0.00019999999494757503,0.0005000000237487257,0.0003787890891544521
222429184,0.05000000074505806,0.5273329615592957,0.02372998557984829,0.0021347510628402233,-7.126766204833984,15.59158992767334,0.00019999999494757503,0.0005000000237487257,0.00012559125025290996
222494720,0.05000000074505806,0.5168634653091431,0.023258857429027557,0.002020520158112049,-7.127903461456299,16.928495407104492,0.00019999999494757503,0.0005000000237487257,0.000107428444607649
222560256,0.05000000074505806,1.2553479671478271,0.056490663439035416,0.0022606647107750177,-7.123979091644287,17.030315399169922,0.00019999999494757503,0.0005000000237487257,0.0003968314849771559
222625792,0.05000000074505806,0.7732301354408264,0.034795358777046204,0.0026584751904010773,-7.124862194061279,21.79480743408203,0.00019999999494757503,0.0005000000237487257,3.0313409297377802e-05
222691328,0.05000000074505806,0.5581563711166382,0.025117039680480957,0.002716467482969165,-7.126130104064941,20.596769332885742,0.00019999999494757503,0.0005000000237487257,9.274853800889105e-05
222756864,0.05000000074505806,1.080912709236145,0.04864107444882393,0.0018423532601445913,-7.126832008361816,20.126224517822266,0.00019999999494757503,0.0005000000237487257,8.851679012877867e-05
222822400,0.05000000074505806,1.6521693468093872,0.07434762269258499,0.0023509939201176167,-7.126657962799072,23.853452682495117,0.00019999999494757503,0.0005000000237487257,2.0339379261713475e-05
222887936,0.05000000074505806,0.8360891342163086,0.03762400895357132,0.0026838933117687702,-7.125451564788818,18.30048370361328,0.00019999999494757503,0.0005000000237487257,6.200837378855795e-05
222953472,0.05000000074505806,3.4354894161224365,0.15459704399108887,0.0023437768686562777,-7.129978179931641,24.267871856689453,0.00019999999494757503,0.0005000000237487257,1.329295446339529e-05
223019008,0.05000000074505806,3.6374754905700684,0.16368640959262848,0.0024385442957282066,-7.133083820343018,29.05455780029297,0.00019999999494757503,0.0005000000237487257,1.0282654329785146e-05
223084544,0.05000000074505806,3.641601800918579,0.16387209296226501,0.0019166306592524052,-7.130626678466797,17.982547760009766,0.00019999999494757503,0.0005000000237487257,3.0359410629898775e-06
223150080,0.05000000074505806,3.4126288890838623,0.153568297624588,0.0017139974515885115,-7.131087303161621,22.802845001220703,0.00019999999494757503,0.0005000000237487257,3.975800154876197e-06
223215616,0.05000000074505806,3.4196338653564453,0.15388351678848267,0.0019029523245990276,-7.1324663162231445,24.877819061279297,0.00019999999494757503,0.0005000000237487257,8.621664164820686e-06
223281152,0.05000000074505806,1.3924835920333862,0.06266176700592041,0.0019396173302084208,-7.130483627319336,24.562238693237305,0.00019999999494757503,0.0005000000237487257,3.383623334229924e-05
223346688,0.05000000074505806,0.6761602163314819,0.03042720817029476,0.0021661436185240746,-7.130568027496338,27.030202865600586,0.00019999999494757503,0.0005000000237487257,1.6941698049777187e-05
223412224,0.05000000074505806,0.7404963970184326,0.03332233801484108,0.0032458200585097075,-7.1288323402404785,22.135324478149414,0.00019999999494757503,0.0005000000237487257,1.194573451357428e-05
223477760,0.05000000074505806,1.4355461597442627,0.06459957361221313,0.0021059601567685604,-7.127633094787598,17.56835174560547,0.00019999999494757503,0.0005000000237487257,6.175491762405727e-06
223543296,0.05000000074505806,1.3748425245285034,0.06186791509389877,0.0022113723680377007,-7.129144668579102,21.069095611572266,0.00019999999494757503,0.0005000000237487257,7.823048690625e-06
223608832,0.05000000074505806,0.8218342661857605,0.036982547491788864,0.0022244455758482218,-7.130980014801025,22.770503997802734,0.00019999999494757503,0.0005000000237487257,0.00019123096717521548
223674368,0.05000000074505806,0.6460385322570801,0.029071735218167305,0.001950289006344974,-7.129094123840332,23.88909149169922,0.00019999999494757503,0.0005000000237487257,0.0004762485041283071
223739904,0.05000000074505806,0.613716721534729,0.027617255225777626,0.0021429480984807014,-7.129454135894775,18.036285400390625,0.00019999999494757503,0.0005000000237487257,6.731866596965119e-05
223805440,0.05000000074505806,1.2787178754806519,0.057542309165000916,0.0019956654869019985,-7.125979423522949,22.24674415588379,0.00019999999494757503,0.0005000000237487257,1.6103556845337152e-05
223870976,0.05000000074505806,1.3831582069396973,0.06224212795495987,0.0017468591686338186,-7.127925395965576,21.03728675842285,0.00019999999494757503,0.0005000000237487257,1.544322003610432e-05
223936512,0.05000000074505806,0.7545602321624756,0.03395521640777588,0.0024979112204164267,-7.1270341873168945,25.641048431396484,0.00019999999494757503,0.0005000000237487257,6.427227344829589e-05
224002048,0.05000000074505806,0.4934197962284088,0.022203892469406128,0.0021340015809983015,-7.12569522857666,18.861892700195312,0.00019999999494757503,0.0005000000237487257,0.00011353157606208697
224067584,0.05000000074505806,0.577772319316864,0.025999754667282104,0.0021846359595656395,-7.126367092132568,20.258407592773438,0.00019999999494757503,0.0005000000237487257,3.1201263482216746e-05
224133120,0.05000000074505806,0.4789963960647583,0.021554838865995407,0.002160362433642149,-7.126111030578613,21.07024383544922,0.00019999999494757503,0.0005000000237487257,3.019783616764471e-05
224198656,0.05000000074505806,1.405086874961853,0.06322891265153885,0.0012825221056118608,-7.1249189376831055,19.801298141479492,0.00019999999494757503,0.0005000000237487257,8.501933916704729e-05
224264192,0.05000000074505806,0.945308268070221,0.042538873851299286,0.0022500320337712765,-7.123501777648926,23.643796920776367,0.00019999999494757503,0.0005000000237487257,3.4475597203709185e-05
224329728,0.05000000074505806,0.6354706287384033,0.0285961776971817,0.002583011519163847,-7.1219587326049805,17.695693969726562,0.00019999999494757503,0.0005000000237487257,9.253488678950816e-05
224395264,0.05000000074505806,0.9948974847793579,0.044770389795303345,0.0025753711815923452,-7.120654106140137,18.817127227783203,0.00019999999494757503,0.0005000000237487257,6.0986239986959845e-05
224460800,0.05000000074505806,0.7160947322845459,0.03222426772117615,0.0023449244908988476,-7.119174480438232,17.504480361938477,0.00019999999494757503,0.0005000000237487257,3.135977385682054e-05
224526336,0.05000000074505806,0.6109417080879211,0.027492377907037735,0.001995973289012909,-7.121974945068359,23.454479217529297,0.00019999999494757503,0.0005000000237487257,0.0003648425918072462
224591872,0.05000000074505806,3.4745240211486816,0.15635359287261963,0.002302304608747363,-7.126666069030762,26.467300415039062,0.00019999999494757503,0.0005000000237487257,1.3621008292830084e-05
224657408,0.05000000074505806,3.6862382888793945,0.1658807247877121,0.0019618268124759197,-7.132399559020996,22.117610931396484,0.00019999999494757503,0.0005000000237487257,1.1013346920663025e-05
224722944,0.05000000074505806,3.6605329513549805,0.16472402215003967,0.0024959552101790905,-7.128788948059082,19.6060791015625,0.00019999999494757503,0.0005000000237487257,3.02043713418243e-06
224788480,0.05000000074505806,3.478745460510254,0.1565435528755188,0.0021507968194782734,-7.128989219665527,20.272308349609375,0.00019999999494757503,0.0005000000237487257,7.129070581868291e-06
224854016,0.05000000074505806,3.4835898876190186,0.15676157176494598,0.0021167173981666565,-7.1275553703308105,24.773401260375977,0.00019999999494757503,0.0005000000237487257,1.0792103239509743e-05
224919552,0.05000000074505806,1.4512929916381836,0.06530819088220596,0.0019978515338152647,-7.126797199249268,26.448610305786133,0.00019999999494757503,0.0005000000237487257,3.304086931166239e-05
224985088,0.05000000074505806,0.593587338924408,0.02671143226325512,0.002279686974361539,-7.12687873840332,23.579605102539062,0.00019999999494757503,0.0005000000237487257,1.127071664086543e-05
225050624,0.05000000074505806,0.7778363823890686,0.03500264137983322,0.0027292417362332344,-7.128711223602295,19.963769912719727,0.00019999999494757503,0.0005000000237487257,7.1637782639299985e-06
225116160,0.05000000074505806,1.4630072116851807,0.06583532691001892,0.0023013786412775517,-7.129739284515381,19.13877296447754,0.00019999999494757503,0.0005000000237487257,7.206392638181569e-06
225181696,0.05000000074505806,1.710108995437622,0.0769549161195755,0.0020122951827943325,-7.130580902099609,20.23372459411621,0.00019999999494757503,0.0005000000237487257,1.0017685781349428e-05
225247232,0.05000000074505806,1.0431487560272217,0.046941693872213364,0.00241306284442544,-7.132608413696289,20.86627960205078,0.00019999999494757503,0.0005000000237487257,7.258448022184893e-05
225312768,0.05000000074505806,0.7067053318023682,0.0318017415702343,0.001845357590354979,-7.131822109222412,23.630020141601562,0.00019999999494757503,0.0005000000237487257,0.00020237622084096074
225378304,0.05000000074505806,0.673623263835907,0.030313048511743546,0.001818900927901268,-7.1334686279296875,21.23554229736328,0.00019999999494757503,0.0005000000237487257,3.951221879106015e-05
225443840,0.05000000074505806,1.7340539693832397,0.07803243398666382,0.0019543503876775503,-7.129565238952637,22.149423599243164,0.00019999999494757503,0.0005000000237487257,1.7638691133470275e-05
225509376,0.05000000074505806,1.277201771736145,0.057474084198474884,0.002286412985995412,-7.131285667419434,22.64797019958496,0.00019999999494757503,0.0005000000237487257,1.9313947632326744e-05
225574912,0.05000000074505806,0.7444167137145996,0.03349875658750534,0.0022034815046936274,-7.130064010620117,23.75581169128418,0.00019999999494757503,0.0005000000237487257,0.00010117796045960858
225640448,0.05000000074505806,0.5720177888870239,0.02574080415070057,0.002193324500694871,-7.122200012207031,21.275508880615234,0.00019999999494757503,0.0005000000237487257,0.00017055317584890872
225705984,0.05000000074505806,0.662743330001831,0.02982345223426819,0.0020974890794605017,-7.123607635498047,14.026418685913086,0.00019999999494757503,0.0005000000237487257,8.929821342462674e-05
225771520,0.05000000074505806,0.7282899022102356,0.03277304768562317,0.0023117850068956614,-7.123637676239014,21.17670249938965,0.00019999999494757503,0.0005000000237487257,1.8003001969191246e-05
225837056,0.05000000074505806,0.672497034072876,0.03026236593723297,0.0018609771504998207,-7.122842311859131,24.543701171875,0.00019999999494757503,0.0005000000237487257,2.5706420274218544e-05
225902592,0.05000000074505806,0.7972385883331299,0.03587573394179344,0.0023040801752358675,-7.124949932098389,17.532184600830078,0.00019999999494757503,0.0005000000237487257,5.297497409628704e-05
225968128,0.05000000074505806,0.6625893712043762,0.0298165213316679,0.0022509959526360035,-7.122338771820068,18.552907943725586,0.00019999999494757503,0.0005000000237487257,2.875364043575246e-05
226033664,0.05000000074505806,0.5346348285675049,0.024058569222688675,0.0020106809679418802,-7.119678020477295,16.38140106201172,0.00019999999494757503,0.0005000000237487257,2.206195131293498e-05
226099200,0.05000000074505806,0.5613510608673096,0.02526080049574375,0.0019099994096904993,-7.11543083190918,17.926984786987305,0.00019999999494757503,0.0005000000237487257,2.131610563083086e-05
226164736,0.05000000074505806,0.724920928478241,0.03262144327163696,0.0017390868160873652,-7.116125106811523,21.811203002929688,0.00019999999494757503,0.0005000000237487257,4.1647948819445446e-05
226230272,0.05000000074505806,3.489802360534668,0.15704111754894257,0.0022168548312038183,-7.122893810272217,26.930429458618164,0.00019999999494757503,0.0005000000237487257,1.1917151823581662e-05
226295808,0.05000000074505806,3.623276948928833,0.16304746270179749,0.002219896763563156,-7.126684188842773,24.460256576538086,0.00019999999494757503,0.0005000000237487257,8.290629921248183e-06
226361344,0.05000000074505806,3.6717495918273926,0.1652287393808365,0.002547697862610221,-7.128379821777344,26.476930618286133,0.00019999999494757503,0.0005000000237487257,2.6574225557851605e-06
226426880,0.05000000074505806,3.415881633758545,0.15371468663215637,0.0023054892662912607,-7.130134582519531,22.37487030029297,0.00019999999494757503,0.0005000000237487257,5.616859198198654e-06
226492416,0.05000000074505806,3.4376091957092285,0.1546924114227295,0.0018224013037979603,-7.1265764236450195,17.744144439697266,0.00019999999494757503,0.0005000000237487257,9.629181477066595e-06
226557952,0.05000000074505806,1.4287183284759521,0.06429233402013779,0.0016414643032476306,-7.128966331481934,21.455520629882812,0.00019999999494757503,0.0005000000237487257,2.9144690415705554e-05
226623488,0.05000000074505806,0.7444650530815125,0.033500928431749344,0.002526250435039401,-7.126865386962891,25.117612838745117,0.00019999999494757503,0.0005000000237487257,1.2148151654400863e-05
226689024,0.05000000074505806,0.9232739806175232,0.04154733568429947,0.0034435803536325693,-7.128349781036377,17.922945022583008,0.00019999999494757503,0.0005000000237487257,9.778171261132229e-06
226754560,0.05000000074505806,1.5223543643951416,0.06850595027208328,0.0023901306558400393,-7.131597995758057,18.580537796020508,0.00019999999494757503,0.0005000000237487257,6.571463472937467e-06
226820096,0.05000000074505806,1.9698460102081299,0.08864308893680573,0.0021730847656726837,-7.128473281860352,20.537677764892578,0.00019999999494757503,0.0005000000237487257,1.0491138709767256e-05
226885632,0.05000000074505806,1.283931016921997,0.05777689814567566,0.002564973197877407,-7.128701686859131,22.707183837890625,0.00019999999494757503,0.0005000000237487257,5.035713911638595e-05
226951168,0.05000000074505806,0.9966092109680176,0.04484741389751434,0.001967275282368064,-7.128835201263428,20.491870880126953,0.00019999999494757503,0.0005000000237487257,0.0001296116242883727
227016704,0.05000000074505806,0.9752939939498901,0.04388822615146637,0.002154619200155139,-7.129613876342773,19.406597137451172,0.00019999999494757503,0.0005000000237487257,4.6798060793662444e-05
227082240,0.05000000074505806,1.8309608697891235,0.08239323645830154,0.0019852344412356615,-7.125768661499023,19.80411148071289,0.00019999999494757503,0.0005000000237487257,2.0839877834077924e-05
227147776,0.05000000074505806,1.4316843748092651,0.06442578881978989,0.0016944155795499682,-7.127857208251953,16.505287170410156,0.00019999999494757503,0.0005000000237487257,1.3708556252822746e-05
227213312,0.05000000074505806,0.9609842896461487,0.043244294822216034,0.002318441867828369,-7.12896728515625,21.958677291870117,0.00019999999494757503,0.0005000000237487257,6.636075704591349e-05
227278848,0.05000000074505806,0.6788122653961182,0.030546553432941437,0.001978912390768528,-7.125973701477051,20.879032135009766,0.00019999999494757503,0.0005000000237487257,0.0002021635591518134
227344384,0.05000000074505806,0.7735278010368347,0.03480875492095947,0.0020805017556995153,-7.124577522277832,15.460023880004883,0.00019999999494757503,0.0005000000237487257,8.162183803506196e-05
227409920,0.05000000074505806,1.418217420578003,0.06381978839635849,0.0016983106033876538,-7.123028755187988,20.18177604675293,0.00019999999494757503,0.0005000000237487257,2.2545355022884905e-05
227475456,0.05000000074505806,1.0377397537231445,0.04669829085469246,0.0025958381593227386,-7.123088836669922,25.256431579589844,0.00019999999494757503,0.0005000000237487257,2.4705113901291043e-05
227540992,0.05000000074505806,0.7628055810928345,0.034326255321502686,0.002426165621727705,-7.123623371124268,21.52606201171875,0.00019999999494757503,0.0005000000237487257,5.8921636082232e-05
227606528,0.05000000074505806,0.7009429931640625,0.03154243901371956,0.002427035942673683,-7.127161979675293,19.029861450195312,0.00019999999494757503,0.0005000000237487257,3.8206886529223993e-05
227672064,0.05000000074505806,0.7043114900588989,0.03169402480125427,0.002033510711044073,-7.124946117401123,18.35750961303711,0.00019999999494757503,0.0005000000237487257,2.6370624254923314e-05
227737600,0.05000000074505806,0.816310703754425,0.03673398122191429,0.002547772601246834,-7.123310565948486,21.19710922241211,0.00019999999494757503,0.0005000000237487257,0.00036279833875596523
227803136,0.05000000074505806,0.789180338382721,0.03551311418414116,0.0025967140682041645,-7.1254425048828125,19.33980941772461,0.00019999999494757503,0.0005000000237487257,0.0003581911441870034
227868672,0.05000000074505806,3.4700865745544434,0.15615390241146088,0.0021133183035999537,-7.1280341148376465,24.162967681884766,0.00019999999494757503,0.0005000000237487257,1.2661329492402729e-05
227934208,0.05000000074505806,3.7689034938812256,0.16960065066814423,0.002135598799213767,-7.130033016204834,25.92327880859375,0.00019999999494757503,0.0005000000237487257,1.5736493878648616e-05
227999744,0.05000000074505806,3.748995065689087,0.1687047779560089,0.0024837518576532602,-7.130757808685303,23.130483627319336,0.00019999999494757503,0.0005000000237487257,3.661970367829781e-06
228065280,0.05000000074505806,3.544205665588379,0.15948925912380219,0.0019001022446900606,-7.13453483581543,18.700862884521484,0.00019999999494757503,0.0005000000237487257,1.0818793271027971e-05
228130816,0.05000000074505806,3.4497604370117188,0.15523923933506012,0.0016145127592608333,-7.134151935577393,21.114208221435547,0.00019999999494757503,0.0005000000237487257,7.441006800945615e-06
228196352,0.05000000074505806,1.3828998804092407,0.06223050132393837,0.0017993752844631672,-7.135651588439941,22.70738983154297,0.00019999999494757503,0.0005000000237487257,3.3322790841339156e-05
228261888,0.05000000074505806,0.5977845788002014,0.026900310069322586,0.0027777468785643578,-7.137699127197266,21.907730102539062,0.00019999999494757503,0.0005000000237487257,1.8011356587521732e-05
228327424,0.05000000074505806,0.916994035243988,0.04126473516225815,0.0030220337212085724,-7.13597297668457,15.825845718383789,0.00019999999494757503,0.0005000000237487257,9.596747077011969e-06
228392960,0.05000000074505806,1.4259800910949707,0.06416910886764526,0.002735836897045374,-7.131764888763428,20.095407485961914,0.00019999999494757503,0.0005000000237487257,5.798739039164502e-06
228458496,0.05000000074505806,1.5295740365982056,0.06883082538843155,0.0019603348337113857,-7.130992889404297,19.029251098632812,0.00019999999494757503,0.0005000000237487257,7.80549908085959e-06
228524032,0.05000000074505806,1.0490374565124512,0.04720668867230415,0.0021157872397452593,-7.12938117980957,24.540311813354492,0.00019999999494757503,0.0005000000237487257,7.126026321202517e-05
228589568,0.05000000074505806,0.61721271276474,0.027774574235081673,0.0019786907359957695,-7.125036716461182,21.660194396972656,0.00019999999494757503,0.0005000000237487257,0.00015687503037042916
228655104,0.05000000074505806,0.5665212273597717,0.025493454188108444,0.0020322371274232864,-7.126792907714844,18.724842071533203,0.00019999999494757503,0.0005000000237487257,5.8766916481545195e-05
228720640,0.05000000074505806,1.180191159248352,0.05310860648751259,0.0017107214080169797,-7.123394966125488,17.121295928955078,0.00019999999494757503,0.0005000000237487257,3.1436356948688626e-05
228786176,0.05000000074505806,1.4799939393997192,0.06659972667694092,0.001803374383598566,-7.1233415603637695,17.000349044799805,0.00019999999494757503,0.0005000000237487257,8.43010002427036e-06
228851712,0.05000000074505806,0.9447345733642578,0.042513057589530945,0.0021199218463152647,-7.121896743774414,21.856056213378906,0.00019999999494757503,0.0005000000237487257,4.567629366647452e-05
228917248,0.05000000074505806,0.5922486186027527,0.026651185005903244,0.001798460609279573,-7.124617576599121,22.0455322265625,0.00019999999494757503,0.0005000000237487257,0.00017180966096930206
228982784,0.05000000074505806,0.577843964099884,0.026002980768680573,0.0020714919082820415,-7.1243720054626465,19.38930320739746,0.00019999999494757503,0.0005000000237487257,4.660235208575614e-05
229048320,0.05000000074505806,0.5418086051940918,0.02438138611614704,0.0022990182042121887,-7.124535083770752,25.828235626220703,0.00019999999494757503,0.0005000000237487257,2.05643900699215e-05
229113856,0.05000000074505806,1.2213752269744873,0.05496188625693321,0.001993711804971099,-7.125987529754639,18.81134605407715,0.00019999999494757503,0.0005000000237487257,2.0070299797225744e-05
229179392,0.05000000074505806,0.7318642139434814,0.03293389081954956,0.0017184208845719695,-7.1246538162231445,22.067834854125977,0.00019999999494757503,0.0005000000237487257,2.4963625037344173e-05
229244928,0.05000000074505806,0.5974804759025574,0.026886623352766037,0.002767084864899516,-7.123307228088379,23.361148834228516,0.00019999999494757503,0.0005000000237487257,5.8458757848711684e-05
229310464,0.05000000074505806,0.6614396572113037,0.02976478822529316,0.002120113931596279,-7.122887134552002,21.61237907409668,0.00019999999494757503,0.0005000000237487257,4.362605977803469e-05
229376000,0.05000000074505806,1.2964813709259033,0.05834166333079338,0.0021869938354939222,-7.124372959136963,26.866783142089844,0.00019999999494757503,0.0005000000237487257,1.7811755242291838e-05
229441536,0.05000000074505806,0.741892397403717,0.03338515758514404,0.0021388158202171326,-7.1212544441223145,21.789628982543945,0.00019999999494757503,0.0005000000237487257,4.950902803102508e-05
229507072,0.05000000074505806,3.4717750549316406,0.1562298834323883,0.002716753166168928,-7.127218723297119,26.594097137451172,0.00019999999494757503,0.0005000000237487257,1.0830090104718693e-05
229572608,0.05000000074505806,3.7425732612609863,0.16841581463813782,0.0018964672926813364,-7.127894401550293,23.878292083740234,0.00019999999494757503,0.0005000000237487257,7.031536370050162e-06
229638144,0.05000000074505806,3.758727550506592,0.1691427379846573,0.002423559781163931,-7.128357887268066,19.317289352416992,0.00019999999494757503,0.0005000000237487257,3.0905832772987196e-06
229703680,0.05000000074505806,3.4540345668792725,0.1554315686225891,0.0018753781914710999,-7.123757362365723,18.53546142578125,0.00019999999494757503,0.0005000000237487257,4.3932986955042e-06
229769216,0.05000000074505806,3.4088852405548096,0.15339983999729156,0.0017495974898338318,-7.125611305236816,20.581573486328125,0.00019999999494757503,0.0005000000237487257,7.810279385012109e-06
229834752,0.05000000074505806,1.394594669342041,0.06275676935911179,0.0019398186122998595,-7.127102851867676,24.361434936523438,0.00019999999494757503,0.0005000000237487257,3.3744669053703547e-05
229900288,0.05000000074505806,0.6365512013435364,0.028644807636737823,0.002349131740629673,-7.127020359039307,24.966651916503906,0.00019999999494757503,0.0005000000237487257,1.2319255802140106e-05
229965824,0.05000000074505806,0.9539614915847778,0.042928267270326614,0.003122257301583886,-7.130816459655762,14.166749000549316,0.00019999999494757503,0.0005000000237487257,9.54395545704756e-06
230031360,0.05000000074505806,1.6519628763198853,0.07433833181858063,0.002170596504583955,-7.1319475173950195,16.15039825439453,0.00019999999494757503,0.0005000000237487257,5.335821697372012e-06
230096896,0.05000000074505806,2.2703208923339844,0.10216443985700607,0.002417143899947405,-7.128285884857178,22.524730682373047,0.00019999999494757503,0.0005000000237487257,6.113624294812325e-06
230162432,0.05000000074505806,1.1551158428192139,0.05198020488023758,0.0025589903816580772,-7.128275394439697,22.42530059814453,0.00019999999494757503,0.0005000000237487257,7.712453952990472e-05
230227968,0.05000000074505806,0.7093855142593384,0.0319223515689373,0.0019383805338293314,-7.130258083343506,21.550260543823242,0.00019999999494757503,0.0005000000237487257,0.00030744177638553083
230293504,0.05000000074505806,0.6744412779808044,0.030349859967827797,0.0019446159712970257,-7.126636028289795,16.711809158325195,0.00019999999494757503,0.0005000000237487257,7.36010042601265e-05
230359040,0.05000000074505806,1.8756582736968994,0.08440462499856949,0.0019866989459842443,-7.12646484375,21.26066017150879,0.00019999999494757503,0.0005000000237487257,3.627109981607646e-05
230424576,0.05000000074505806,1.1768100261688232,0.05295645445585251,0.0021266620606184006,-7.125492095947266,15.627969741821289,0.00019999999494757503,0.0005000000237487257,1.924812386278063e-05
230490112,0.05000000074505806,0.7720276117324829,0.03474124148488045,0.0020337190944701433,-7.127913951873779,27.24810028076172,0.00019999999494757503,0.0005000000237487257,0.00012650620192289352
230555648,0.05000000074505806,0.4928963780403137,0.022180337458848953,0.001754858996719122,-7.12576961517334,15.24160385131836,0.00019999999494757503,0.0005000000237487257,0.0003695264458656311
230621184,0.05000000074505806,0.6060105562210083,0.027270479127764702,0.0022951196879148483,-7.12653923034668,15.6717529296875,0.00019999999494757503,0.0005000000237487257,0.00014889653539285064
230686720,0.05000000074505806,1.1849279403686523,0.05332176759839058,0.0025097730103880167,-7.1291422843933105,20.750560760498047,0.00019999999494757503,0.0005000000237487257,1.8765411368804052e-05
230752256,0.05000000074505806,0.8044178485870361,0.03619880601763725,0.001860794727690518,-7.1261887550354,27.908979415893555,0.00019999999494757503,0.0005000000237487257,6.10450078966096e-05
230817792,0.05000000074505806,0.6500337719917297,0.029251517727971077,0.002321656094864011,-7.127674579620361,21.71646499633789,0.00019999999494757503,0.0005000000237487257,0.0003262821410316974
230883328,0.05000000074505806,0.5838043689727783,0.026271196082234383,0.002003536093980074,-7.126810550689697,17.89118194580078,0.00019999999494757503,0.0005000000237487257,8.469520980725065e-05
230948864,0.05000000074505806,0.5731044411659241,0.02578970044851303,0.002334981458261609,-7.125633716583252,19.532604217529297,0.00019999999494757503,0.0005000000237487257,3.218470010324381e-05
231014400,0.05000000074505806,0.620028555393219,0.027901288121938705,0.0020547134336084127,-7.1262898445129395,22.97068214416504,0.00019999999494757503,0.0005000000237487257,0.000562657427508384
231079936,0.05000000074505806,0.6272180676460266,0.02822481468319893,0.002101649297401309,-7.124449253082275,22.332048416137695,0.00019999999494757503,0.0005000000237487257,0.00021513777028303593
231145472,0.05000000074505806,3.292853355407715,0.14817841351032257,0.002355786506086588,-7.128305435180664,27.22095489501953,0.00019999999494757503,0.0005000000237487257,1.8317145077162422e-05
231211008,0.05000000074505806,3.4438984394073486,0.15497544407844543,0.002125378930941224,-7.12772274017334,22.240419387817383,0.00019999999494757503,0.0005000000237487257,8.978890946309548e-06
231276544,0.05000000074505806,3.30495548248291,0.14872302114963531,0.002364885527640581,-7.125953674316406,17.28548240661621,0.00019999999494757503,0.0005000000237487257,3.486104105832055e-06
231342080,0.05000000074505806,2.6695053577423096,0.12012772262096405,0.00197391165420413,-7.125790119171143,24.097639083862305,0.00019999999494757503,0.0005000000237487257,4.269751298124902e-05
231407616,0.05000000074505806,2.8200907707214355,0.12690408527851105,0.0021890918724238873,-7.128383636474609,19.087615966796875,0.00019999999494757503,0.0005000000237487257,3.065686905756593e-05
231473152,0.05000000074505806,1.1800824403762817,0.05310370773077011,0.0016707777976989746,-7.130590915679932,22.206214904785156,0.00019999999494757503,0.0005000000237487257,4.5314780436456203e-05
231538688,0.05000000074505806,0.64476478099823,0.02901441603899002,0.0023358850739896297,-7.12891960144043,27.04698371887207,0.00019999999494757503,0.0005000000237487257,3.0003431675140746e-05
231604224,0.05000000074505806,0.8044288754463196,0.03619930148124695,0.003141222056001425,-7.130683422088623,16.77535057067871,0.00019999999494757503,0.0005000000237487257,1.493157833465375e-05
231669760,0.05000000074505806,1.623948335647583,0.07307767868041992,0.002688777633011341,-7.128578186035156,18.659223556518555,0.00019999999494757503,0.0005000000237487257,7.52783262214507e-06
231735296,0.05000000074505806,1.1287389993667603,0.050793252885341644,0.001965231727808714,-7.126406669616699,16.391292572021484,0.00019999999494757503,0.0005000000237487257,1.7554602891323157e-05
231800832,0.05000000074505806,0.8333183526992798,0.0374993234872818,0.001975257182493806,-7.1258392333984375,19.774045944213867,0.00019999999494757503,0.0005000000237487257,0.00024222179490607232
231866368,0.05000000074505806,0.6367141604423523,0.028652139008045197,0.002026817761361599,-7.125767230987549,21.113391876220703,0.00019999999494757503,0.0005000000237487257,0.0002748775586951524
231931904,0.05000000074505806,0.5585249066352844,0.02513362094759941,0.002616379875689745,-7.122254371643066,22.986539840698242,0.00019999999494757503,0.0005000000237487257,9.492218669038266e-05
231997440,0.05000000074505806,1.3347193002700806,0.06006236746907234,0.002392185153439641,-7.124056816101074,26.274322509765625,0.00019999999494757503,0.0005000000237487257,3.0982380849309266e-05
232062976,0.05000000074505806,1.1301827430725098,0.05085822194814682,0.0018205747473984957,-7.123294830322266,20.470537185668945,0.00019999999494757503,0.0005000000237487257,1.8497441487852484e-05
232128512,0.05000000074505806,0.686924397945404,0.030911598354578018,0.002124201972037554,-7.125452995300293,20.191652297973633,0.00019999999494757503,0.0005000000237487257,0.00025941082276403904
232194048,0.05000000074505806,0.5495765805244446,0.024730945006012917,0.002142522018402815,-7.1264142990112305,19.455219268798828,0.00019999999494757503,0.0005000000237487257,0.000555854057893157
232259584,0.05000000074505806,0.5945590138435364,0.026755155995488167,0.0019428168889135122,-7.12762451171875,15.114097595214844,0.00019999999494757503,0.0005000000237487257,0.0001095106708817184
232325120,0.05000000074505806,0.6650416851043701,0.029926877468824387,0.0024717252235859632,-7.126096725463867,21.82345199584961,0.00019999999494757503,0.0005000000237487257,2.286831477249507e-05
232390656,0.05000000074505806,0.5918012261390686,0.026631055399775505,0.0016649167519062757,-7.126694679260254,24.745180130004883,0.00019999999494757503,0.0005000000237487257,2.3411297661368735e-05
232456192,0.05000000074505806,0.6692355275154114,0.030115600675344467,0.002528050448745489,-7.12553596496582,17.154611587524414,0.00019999999494757503,0.0005000000237487257,0.00016103040252346545
232521728,0.05000000074505806,0.5735333561897278,0.025809001177549362,0.002476561814546585,-7.124790191650391,22.933727264404297,0.00019999999494757503,0.0005000000237487257,0.00011964954319410026
232587264,0.05000000074505806,0.4894380271434784,0.022024715319275856,0.00249863276258111,-7.123902797698975,17.81427764892578,0.00019999999494757503,0.0005000000237487257,0.0001231484638992697
232652800,0.05000000074505806,0.6202940344810486,0.027913236990571022,0.001765522756613791,-7.122459411621094,15.783357620239258,0.00019999999494757503,0.0005000000237487257,4.004962829640135e-05
232718336,0.05000000074505806,0.5141461491584778,0.023136576637625694,0.002028308343142271,-7.123091697692871,23.04515838623047,0.00019999999494757503,0.0005000000237487257,3.991926496382803e-05
232783872,0.05000000074505806,3.453670024871826,0.15541516244411469,0.002775393659248948,-7.127675533294678,31.70951271057129,0.00019999999494757503,0.0005000000237487257,1.2194783266750164e-05
232849408,0.05000000074505806,3.6523709297180176,0.16435670852661133,0.0021876301616430283,-7.127058982849121,27.860538482666016,0.00019999999494757503,0.0005000000237487257,1.0078164450533222e-05
232914944,0.05000000074505806,3.600083112716675,0.162003755569458,0.002129970584064722,-7.131618499755859,19.26972770690918,0.00019999999494757503,0.0005000000237487257,4.252126927895006e-06
232980480,0.05000000074505806,3.3430709838867188,0.15043820440769196,0.002129290485754609,-7.132020950317383,18.892452239990234,0.00019999999494757503,0.0005000000237487257,3.2009411370381713e-06
233046016,0.05000000074505806,3.357668399810791,0.15109509229660034,0.002010683063417673,-7.133200168609619,20.54849624633789,0.00019999999494757503,0.0005000000237487257,7.789122719259467e-06
233111552,0.05000000074505806,1.32662832736969,0.05969827622175217,0.0017826867988333106,-7.130855560302734,20.3660831451416,0.00019999999494757503,0.0005000000237487257,3.5026379919145256e-05
233177088,0.05000000074505806,0.5713230967521667,0.025709539651870728,0.0021904800087213516,-7.131421089172363,25.979705810546875,0.00019999999494757503,0.0005000000237487257,1.5475479813176207e-05
233242624,0.05000000074505806,1.0905922651290894,0.04907665401697159,0.002706070663407445,-7.132687568664551,16.958925247192383,0.00019999999494757503,0.0005000000237487257,7.211150659713894e-06
233308160,0.05000000074505806,1.9121878147125244,0.08604846149682999,0.002186317928135395,-7.129208564758301,20.273176193237305,0.00019999999494757503,0.0005000000237487257,5.04728950545541e-06
233373696,0.05000000074505806,1.8980686664581299,0.08541309833526611,0.0023381677456200123,-7.125565528869629,20.226974487304688,0.00019999999494757503,0.0005000000237487257,7.913317858765367e-06
233439232,0.05000000074505806,0.9027386903762817,0.04062324017286301,0.0026140406262129545,-7.126049041748047,23.071094512939453,0.00019999999494757503,0.0005000000237487257,0.00041465915273875
233504768,0.05000000074505806,0.5418305397033691,0.024382375180721283,0.002045053755864501,-7.128221035003662,22.897031784057617,0.00019999999494757503,0.0005000000237487257,0.0009215612662956119
233570304,0.05000000074505806,0.4511205554008484,0.020300423726439476,0.0021319957450032234,-7.1323137283325195,15.497323989868164,0.00019999999494757503,0.0005000000237487257,8.84733599377796e-05
233635840,0.05000000074505806,1.1139817237854004,0.05012917518615723,0.002075081691145897,-7.1327924728393555,15.121270179748535,0.00019999999494757503,0.0005000000237487257,2.3582620997331105e-05
233701376,0.05000000074505806,1.0429408550262451,0.046932339668273926,0.002145427046343684,-7.1327805519104,15.632346153259277,0.00019999999494757503,0.0005000000237487257,2.2399792214855552e-05
233766912,0.05000000074505806,0.6187523603439331,0.027843857184052467,0.00230694143101573,-7.132847785949707,19.233707427978516,0.00019999999494757503,0.0005000000237487257,0.00012470592628233135
233832448,0.05000000074505806,0.4464566111564636,0.02009054832160473,0.001954243751242757,-7.1322712898254395,22.04619598388672,0.00019999999494757503,0.0005000000237487257,0.00034138705814257264
233897984,0.05000000074505806,0.5353344082832336,0.024090051651000977,0.0023178644478321075,-7.132920265197754,25.010351181030273,0.00019999999494757503,0.0005000000237487257,0.00013341176963876933
233963520,0.05000000074505806,0.8743658661842346,0.03934646397829056,0.002366085536777973,-7.131857872009277,19.7374267578125,0.00019999999494757503,0.0005000000237487257,3.646408731583506e-05
234029056,0.05000000074505806,0.6697208285331726,0.03013743832707405,0.0016359436558559537,-7.129511833190918,21.28852081298828,0.00019999999494757503,0.0005000000237487257,2.698396383493673e-05
234094592,0.05000000074505806,0.6803376078605652,0.030615193769335747,0.0023167701438069344,-7.1253461837768555,19.47537612915039,0.00019999999494757503,0.0005000000237487257,0.00013667461462318897
234160128,0.05000000074505806,0.5281692743301392,0.023767618462443352,0.002327203983440995,-7.123188018798828,19.05238914489746,0.00019999999494757503,0.0005000000237487257,0.00010352808749303222
234225664,0.05000000074505806,0.8200079202651978,0.0369003564119339,0.00216760765761137,-7.122208595275879,18.69546890258789,0.00019999999494757503,0.0005000000237487257,6.662748637609184e-05
234291200,0.05000000074505806,0.5351887345314026,0.024083493277430534,0.001748682465404272,-7.124715805053711,18.555828094482422,0.00019999999494757503,0.0005000000237487257,4.147277650190517e-05
234356736,0.05000000074505806,0.5385088324546814,0.0242328979074955,0.002060452476143837,-7.127459526062012,23.875680923461914,0.00019999999494757503,0.0005000000237487257,9.429590136278421e-05
234422272,0.05000000074505806,3.3975446224212646,0.15288951992988586,0.0027042923029512167,-7.1334614753723145,27.973665237426758,0.00019999999494757503,0.0005000000237487257,1.158532268163981e-05
234487808,0.05000000074505806,3.605604887008667,0.16225223243236542,0.0021215416491031647,-7.134771347045898,26.283763885498047,0.00019999999494757503,0.0005000000237487257,8.84172368387226e-06
234553344,0.05000000074505806,3.533912420272827,0.15902605652809143,0.0017923926934599876,-7.1324052810668945,17.318073272705078,0.00019999999494757503,0.0005000000237487257,3.5263303743704455e-06
234618880,0.05000000074505806,3.2830629348754883,0.14773781597614288,0.002199050271883607,-7.1303839683532715,19.590864181518555,0.00019999999494757503,0.0005000000237487257,5.064954166300595e-06
234684416,0.05000000074505806,3.2679858207702637,0.1470593512058258,0.002413493348285556,-7.12692403793335,22.057025909423828,0.00019999999494757503,0.0005000000237487257,7.828035450074822e-06
234749952,0.05000000074505806,1.3393300771713257,0.060269854962825775,0.002326488960534334,-7.127694606781006,26.84377670288086,0.00019999999494757503,0.0005000000237487257,3.313230990897864e-05
234815488,0.05000000074505806,0.6494256854057312,0.029224161058664322,0.002279448788613081,-7.129990577697754,20.618934631347656,0.00019999999494757503,0.0005000000237487257,1.4212071619112976e-05
234881024,0.05000000074505806,1.0425481796264648,0.04691467061638832,0.002498628105968237,-7.1293253898620605,16.156753540039062,0.00019999999494757503,0.0005000000237487257,8.765201528149191e-06
234946560,0.05000000074505806,1.8309625387191772,0.0823933333158493,0.0018581805052235723,-7.131009101867676,18.56662368774414,0.00019999999494757503,0.0005000000237487257,5.226925168244634e-06
235012096,0.05000000074505806,1.8891785144805908,0.08501303195953369,0.002070692367851734,-7.131338119506836,19.55549430847168,0.00019999999494757503,0.0005000000237487257,8.0273721323465e-06
235077632,0.05000000074505806,0.9369032382965088,0.04216064512729645,0.0029304432682693005,-7.131697177886963,18.779216766357422,0.00019999999494757503,0.0005000000237487257,0.000260242260992527
235143168,0.05000000074505806,0.6039772033691406,0.027178972959518433,0.0021133986301720142,-7.133085250854492,22.878557205200195,0.00019999999494757503,0.0005000000237487257,0.0007521234801970422
235208704,0.05000000074505806,0.5642570853233337,0.02539157122373581,0.002404158003628254,-7.129626750946045,17.927364349365234,0.00019999999494757503,0.0005000000237487257,9.611653513275087e-05
235274240,0.05000000074505806,1.3019987344741821,0.05858994647860527,0.0020012075547128916,-7.129180431365967,19.11199188232422,0.00019999999494757503,0.0005000000237487257,2.1169718820601702e-05
235339776,0.05000000074505806,1.1775685548782349,0.05299058556556702,0.0019892235286533833,-7.129868030548096,14.633438110351562,0.00019999999494757503,0.0005000000237487257,1.3645118087879382e-05
235405312,0.05000000074505806,0.7516863346099854,0.03382588177919388,0.002283271634951234,-7.127309322357178,19.02750587463379,0.00019999999494757503,0.0005000000237487257,0.00010204470891039819
235470848,0.05000000074505806,0.5109382271766663,0.022992221638560295,0.0024244324304163456,-7.127024173736572,17.710634231567383,0.00019999999494757503,0.0005000000237487257,0.00040666881250217557
235536384,0.05000000074505806,0.7038028836250305,0.031671129167079926,0.002388288266956806,-7.125443935394287,13.661197662353516,0.00019999999494757503,0.0005000000237487257,0.0001863256038632244
235601920,0.05000000074505806,0.6177799105644226,0.027800101786851883,0.0022046209778636694,-7.124963760375977,18.343379974365234,0.00019999999494757503,0.0005000000237487257,2.3373504518531263e-05
235667456,0.05000000074505806,0.5878261923789978,0.026452181860804558,0.00168142921756953,-7.122872352600098,19.93720245361328,0.00019999999494757503,0.0005000000237487257,6.536087312269956e-05
235732992,0.05000000074505806,0.6354026198387146,0.028593119233846664,0.0020410942379385233,-7.116715431213379,16.514925003051758,0.00019999999494757503,0.0005000000237487257,0.00010319906868971884
235798528,0.05000000074505806,0.5244252681732178,0.023599136620759964,0.0021547293290495872,-7.116378307342529,19.266124725341797,0.00019999999494757503,0.0005000000237487257,8.829677972244099e-05
235864064,0.05000000074505806,0.4906380772590637,0.02207871526479721,0.0020359079353511333,-7.1154022216796875,19.013578414916992,0.00019999999494757503,0.0005000000237487257,3.748593735508621e-05
235929600,0.05000000074505806,0.5242947936058044,0.023593265563249588,0.001563334371894598,-7.116268634796143,21.105487823486328,0.00019999999494757503,0.0005000000237487257,8.628005889477208e-05
235995136,0.05000000074505806,0.5867803692817688,0.02640512026846409,0.0020011216402053833,-7.117701530456543,21.831279754638672,0.00019999999494757503,0.0005000000237487257,0.0002483517164364457
236060672,0.05000000074505806,3.37774658203125,0.1519985944032669,0.0024054795503616333,-7.122816562652588,29.12267303466797,0.00019999999494757503,0.0005000000237487257,1.2338889064267278e-05
236126208,0.05000000074505806,3.5601582527160645,0.1602071225643158,0.0019194636261090636,-7.125414848327637,20.424074172973633,0.00019999999494757503,0.0005000000237487257,1.275835711567197e-05
236191744,0.05000000074505806,3.435389995574951,0.15459255874156952,0.0019523825030773878,-7.1256818771362305,23.483861923217773,0.00019999999494757503,0.0005000000237487257,3.539778617778211e-06
236257280,0.05000000074505806,3.1028621196746826,0.1396287977695465,0.001976063707843423,-7.125218868255615,23.388654708862305,0.00019999999494757503,0.0005000000237487257,1.419439104211051e-05
236322816,0.05000000074505806,3.076382637023926,0.13843724131584167,0.0021935428958386183,-7.12391996383667,19.106733322143555,0.00019999999494757503,0.0005000000237487257,1.0278842637490015e-05
236388352,0.05000000074505806,1.2743873596191406,0.05734743922948837,0.0019536353647708893,-7.124157428741455,25.906192779541016,0.00019999999494757503,0.0005000000237487257,3.267325882916339e-05
236453888,0.05000000074505806,0.7535250186920166,0.033908624202013016,0.002482675714418292,-7.1265788078308105,24.519746780395508,0.00019999999494757503,0.0005000000237487257,1.940360016305931e-05
236519424,0.05000000074505806,0.8296927213668823,0.03733617067337036,0.003445366397500038,-7.1253581047058105,19.443435668945312,0.00019999999494757503,0.0005000000237487257,1.455239635106409e-05
236584960,0.05000000074505806,1.3989830017089844,0.06295423209667206,0.002112335991114378,-7.1264567375183105,15.246180534362793,0.00019999999494757503,0.0005000000237487257,6.2626936596643645e-06
236650496,0.05000000074505806,1.1676639318466187,0.052544884383678436,0.0024395391810685396,-7.125517845153809,23.402193069458008,0.00019999999494757503,0.0005000000237487257,1.8864964658860117e-05
236716032,0.05000000074505806,0.780130922794342,0.03510589152574539,0.0022767307236790657,-7.126551628112793,22.671768188476562,0.00019999999494757503,0.0005000000237487257,0.0001619078975636512
236781568,0.05000000074505806,0.5858358144760132,0.026362614706158638,0.0026654056273400784,-7.126460075378418,27.04997444152832,0.00019999999494757503,0.0005000000237487257,0.00025337518309243023
236847104,0.05000000074505806,0.5950722694396973,0.02677825093269348,0.002796378219500184,-7.123091697692871,17.940073013305664,0.00019999999494757503,0.0005000000237487257,9.760061220731586e-05
236912640,0.05000000074505806,1.1866118907928467,0.053397536277770996,0.0020529748871922493,-7.124910354614258,19.3216552734375,0.00019999999494757503,0.0005000000237487257,5.917692033108324e-05
236978176,0.05000000074505806,1.22202730178833,0.054991234093904495,0.00238172709941864,-7.125992774963379,19.64403533935547,0.00019999999494757503,0.0005000000237487257,1.840295226429589e-05
237043712,0.05000000074505806,0.6757817268371582,0.03041018173098564,0.002245676936581731,-7.125443935394287,19.88730239868164,0.00019999999494757503,0.0005000000237487257,0.00022405313211493194
237109248,0.05000000074505806,0.6097123622894287,0.027437057346105576,0.002206670120358467,-7.12176513671875,16.54374122619629,0.00019999999494757503,0.0005000000237487257,0.0005267034866847098
237174784,0.05000000074505806,0.682546854019165,0.0307146068662405,0.002332219621166587,-7.121975421905518,17.700180053710938,0.00019999999494757503,0.0005000000237487257,0.0001409677934134379
237240320,0.05000000074505806,0.8213455080986023,0.03696054592728615,0.002221477683633566,-7.124500274658203,20.6468448638916,0.00019999999494757503,0.0005000000237487257,2.465634315740317e-05
237305856,0.05000000074505806,0.7897716164588928,0.03553972393274307,0.0022082531359046698,-7.122309684753418,18.79138946533203,0.00019999999494757503,0.0005000000237487257,2.2595146219828166e-05
237371392,0.05000000074505806,0.5303743481636047,0.023866845294833183,0.002104103099554777,-7.123219966888428,16.902217864990234,0.00019999999494757503,0.0005000000237487257,8.231391984736547e-05
237436928,0.05000000074505806,0.5271480083465576,0.023721661418676376,0.002424974227324128,-7.121545791625977,19.032398223876953,0.00019999999494757503,0.0005000000237487257,9.851502545643598e-05
237502464,0.05000000074505806,0.5501462817192078,0.02475658431649208,0.0023666787892580032,-7.124266624450684,18.046144485473633,0.00019999999494757503,0.0005000000237487257,7.178670784924179e-05
237568000,0.05000000074505806,0.5807555317878723,0.026134002953767776,0.0021541230380535126,-7.120041370391846,20.381515502929688,0.00019999999494757503,0.0005000000237487257,0.0001448735420126468
237633536,0.05000000074505806,0.616266131401062,0.02773197554051876,0.0018462828593328595,-7.119595527648926,19.072072982788086,0.00019999999494757503,0.0005000000237487257,0.00021682900842279196
237699072,0.05000000074505806,3.407296657562256,0.15332834422588348,0.002087692730128765,-7.126867771148682,28.98451805114746,0.00019999999494757503,0.0005000000237487257,1.1879831617989112e-05
237764608,0.05000000074505806,3.56610107421875,0.16047455370426178,0.001958469394594431,-7.128178596496582,24.96989631652832,0.00019999999494757503,0.0005000000237487257,1.023987351800315e-05
237830144,0.05000000074505806,3.372955560684204,0.15178300440311432,0.0017016571946442127,-7.133011817932129,18.91896629333496,0.00019999999494757503,0.0005000000237487257,3.105204768871772e-06
237895680,0.05000000074505806,3.1430208683013916,0.14143595099449158,0.0027010857593268156,-7.1269426345825195,21.109493255615234,0.00019999999494757503,0.0005000000237487257,9.116394721786492e-06
237961216,0.05000000074505806,3.1324710845947266,0.1409611999988556,0.0025990447029471397,-7.124975681304932,18.44693374633789,0.00019999999494757503,0.0005000000237487257,7.66474477131851e-06
238026752,0.05000000074505806,1.2591824531555176,0.056663211435079575,0.002040480962023139,-7.124168395996094,28.03212547302246,0.00019999999494757503,0.0005000000237487257,4.120681478525512e-05
238092288,0.05000000074505806,0.5805325508117676,0.02612396329641342,0.0023671677336096764,-7.128167152404785,20.06183433532715,0.00019999999494757503,0.0005000000237487257,2.4481458240188658e-05
238157824,0.05000000074505806,0.7969480752944946,0.03586266189813614,0.0027662997599691153,-7.127485275268555,15.335275650024414,0.00019999999494757503,0.0005000000237487257,9.12563791644061e-06
238223360,0.05000000074505806,1.8459291458129883,0.08306681364774704,0.0017052455805242062,-7.127413272857666,16.286754608154297,0.00019999999494757503,0.0005000000237487257,6.270352514547994e-06
238288896,0.05000000074505806,1.94955575466156,0.08773002028465271,0.0020640119910240173,-7.122265815734863,18.067747116088867,0.00019999999494757503,0.0005000000237487257,8.13588030723622e-06
238354432,0.05000000074505806,0.9650758504867554,0.043428417295217514,0.002574774669483304,-7.1255106925964355,27.767210006713867,0.00019999999494757503,0.0005000000237487257,0.0002632259565871209
238419968,0.05000000074505806,0.5837430357933044,0.02626843936741352,0.0020322129130363464,-7.127786159515381,22.2445068359375,0.00019999999494757503,0.0005000000237487257,0.0008190740481950343
238485504,0.05000000074505806,0.5325242877006531,0.023963594809174538,0.0026642766315490007,-7.125436782836914,16.670631408691406,0.00019999999494757503,0.0005000000237487257,0.0001305363402934745
238551040,0.05000000074505806,0.9971053004264832,0.044869743287563324,0.00231208186596632,-7.1281657218933105,17.38947105407715,0.00019999999494757503,0.0005000000237487257,2.9319113309611566e-05
238616576,0.05000000074505806,1.1617330312728882,0.05227799713611603,0.001940786954946816,-7.126546859741211,16.006546020507812,0.00019999999494757503,0.0005000000237487257,1.2801442608179059e-05
238682112,0.05000000074505806,0.7250944972038269,0.03262925520539284,0.0019728532060980797,-7.125488758087158,24.802156448364258,0.00019999999494757503,0.0005000000237487257,9.005812171380967e-05
238747648,0.05000000074505806,0.47420331835746765,0.02133915014564991,0.0021226813551038504,-7.1224822998046875,19.11737060546875,0.00019999999494757503,0.0005000000237487257,0.0004465548845473677
238813184,0.05000000074505806,0.532304048538208,0.02395368367433548,0.0020504833664745092,-7.128350257873535,19.68760108947754,0.00019999999494757503,0.0005000000237487257,0.0001542881946079433
238878720,0.05000000074505806,0.7255955934524536,0.03265180438756943,0.002158357761800289,-7.128659248352051,18.32695770263672,0.00019999999494757503,0.0005000000237487257,5.8101122704101726e-05
238944256,0.05000000074505806,0.5053169131278992,0.022739261388778687,0.002120820339769125,-7.127114295959473,19.24728775024414,0.00019999999494757503,0.0005000000237487257,0.0001364787749480456
239009792,0.05000000074505806,0.5698149800300598,0.025641676038503647,0.002448872895911336,-7.123800754547119,20.900157928466797,0.00019999999494757503,0.0005000000237487257,0.0002070927293971181
239075328,0.05000000074505806,0.4871174693107605,0.021920286118984222,0.0022039073519408703,-7.124357223510742,17.099742889404297,0.00019999999494757503,0.0005000000237487257,9.431798389414325e-05
239140864,0.05000000074505806,0.46963614225387573,0.021133625879883766,0.002072355942800641,-7.123374938964844,19.570735931396484,0.00019999999494757503,0.0005000000237487257,0.00012585506192408502
239206400,0.05000000074505806,0.508224606513977,0.022870106622576714,0.0020609404891729355,-7.123074531555176,17.884531021118164,0.00019999999494757503,0.0005000000237487257,0.00011851465387735516
239271936,0.05000000074505806,0.5001632571220398,0.022507349029183388,0.0022051511332392693,-7.123174667358398,20.97064971923828,0.00019999999494757503,0.0005000000237487257,9.068884537555277e-05
239337472,0.05000000074505806,3.3617758750915527,0.15127991139888763,0.002951553324237466,-7.1283674240112305,27.432693481445312,0.00019999999494757503,0.0005000000237487257,1.2129918104619719e-05
239403008,0.05000000074505806,3.531334638595581,0.15891008079051971,0.0019388515502214432,-7.130163669586182,20.984783172607422,0.00019999999494757503,0.0005000000237487257,1.0793428373290226e-05
239468544,0.05000000074505806,3.4144058227539062,0.1536482572555542,0.002035430632531643,-7.1335296630859375,21.369352340698242,0.00019999999494757503,0.0005000000237487257,3.0532821710949065e-06
239534080,0.05000000074505806,3.1613619327545166,0.1422612965106964,0.002489469712600112,-7.131414413452148,17.885143280029297,0.00019999999494757503,0.0005000000237487257,6.739075615769252e-06
239599616,0.05000000074505806,3.0620052814483643,0.1377902328968048,0.002075956203043461,-7.129048824310303,18.676868438720703,0.00019999999494757503,0.0005000000237487257,7.824266504030675e-06
239665152,0.05000000074505806,1.2464243173599243,0.056089095771312714,0.002301753032952547,-7.129098892211914,23.666654586791992,0.00019999999494757503,0.0005000000237487257,4.307980998419225e-05
239730688,0.05000000074505806,0.5896968245506287,0.026536360383033752,0.002253218088299036,-7.126550197601318,20.5086727142334,0.00019999999494757503,0.0005000000237487257,2.2209278540685773e-05
239796224,0.05000000074505806,0.6823393702507019,0.030705273151397705,0.002892925636842847,-7.129300117492676,18.231281280517578,0.00019999999494757503,0.0005000000237487257,9.143990610027686e-06
239861760,0.05000000074505806,1.6778963804244995,0.0755053386092186,0.0017769276164472103,-7.1299519538879395,19.471065521240234,0.00019999999494757503,0.0005000000237487257,6.059807674319018e-06
239927296,0.05000000074505806,1.5617177486419678,0.07027729600667953,0.0018776741344481707,-7.128899574279785,20.23420524597168,0.00019999999494757503,0.0005000000237487257,7.688990990573075e-06
239992832,0.05000000074505806,0.79222172498703,0.03564998134970665,0.0023548339959234,-7.129673480987549,31.26417350769043,0.00019999999494757503,0.0005000000237487257,0.0003009207721333951
240058368,0.05000000074505806,0.5988985896110535,0.026950441300868988,0.0022766413167119026,-7.130041122436523,20.62627410888672,0.00019999999494757503,0.0005000000237487257,0.0008629796793684363
240123904,0.05000000074505806,0.5816702842712402,0.026175163686275482,0.0028113953303545713,-7.131134510040283,20.09291648864746,0.00019999999494757503,0.0005000000237487257,0.00010522289085201919
240189440,0.05000000074505806,0.8947337865829468,0.04026302322745323,0.002050453331321478,-7.130975723266602,17.351917266845703,0.00019999999494757503,0.0005000000237487257,2.2554753741133027e-05
240254976,0.05000000074505806,1.2531095743179321,0.056389935314655304,0.0019580801017582417,-7.131486415863037,17.980159759521484,0.00019999999494757503,0.0005000000237487257,1.0596368156257086e-05
240320512,0.05000000074505806,0.8219833970069885,0.036989253014326096,0.0022799139842391014,-7.129785537719727,22.284767150878906,0.00019999999494757503,0.0005000000237487257,4.336862184572965e-05
240386048,0.05000000074505806,0.5319368839263916,0.0239371620118618,0.00277844094671309,-7.130198001861572,21.785377502441406,0.00019999999494757503,0.0005000000237487257,0.00026711623650044203
240451584,0.05000000074505806,0.509636402130127,0.022933637723326683,0.0025550047867000103,-7.130021095275879,16.90709114074707,0.00019999999494757503,0.0005000000237487257,6.811633647885174e-05
240517120,0.05000000074505806,0.524941086769104,0.02362234890460968,0.00218396820127964,-7.128162860870361,20.95901107788086,0.00019999999494757503,0.0005000000237487257,2.580994441814255e-05
240582656,0.05000000074505806,0.964337170124054,0.04339516907930374,0.002173022832721472,-7.128940582275391,19.863399505615234,0.00019999999494757503,0.0005000000237487257,0.0001868821564130485
240648192,0.05000000074505806,0.6755057573318481,0.03039775975048542,0.0019602857064455748,-7.129865646362305,22.85808563232422,0.00019999999494757503,0.0005000000237487257,3.1492450943915173e-05
240713728,0.05000000074505806,0.5477870106697083,0.024650417268276215,0.0024808745365589857,-7.125073432922363,20.135316848754883,0.00019999999494757503,0.0005000000237487257,9.246804984286427e-05
240779264,0.05000000074505806,1.0143799781799316,0.04564709961414337,0.0020940033718943596,-7.126645088195801,18.31782341003418,0.00019999999494757503,0.0005000000237487257,6.261630187509581e-05
240844800,0.05000000074505806,1.2446845769882202,0.05601081997156143,0.0021380260586738586,-7.127135753631592,18.775245666503906,0.00019999999494757503,0.0005000000237487257,1.8408556570648216e-05
240910336,0.05000000074505806,0.631223738193512,0.028405070304870605,0.002075443509966135,-7.126094818115234,20.440959930419922,0.00019999999494757503,0.0005000000237487257,4.779698792845011e-05
240975872,0.05000000074505806,3.4536869525909424,0.15541592240333557,0.002615691628307104,-7.129753112792969,27.759315490722656,0.00019999999494757503,0.0005000000237487257,1.0583713446976617e-05
241041408,0.05000000074505806,3.6663410663604736,0.16498537361621857,0.0019283517030999064,-7.132491588592529,23.38340950012207,0.00019999999494757503,0.0005000000237487257,9.17276611289708e-06
241106944,0.05000000074505806,3.6364450454711914,0.16364003717899323,0.0021765311248600483,-7.132356643676758,19.568418502807617,0.00019999999494757503,0.0005000000237487257,2.4849327928677667e-06
241172480,0.05000000074505806,3.4697165489196777,0.15613724291324615,0.002050745766609907,-7.12949275970459,25.441020965576172,0.00019999999494757503,0.0005000000237487257,4.736300979857333e-06
241238016,0.05000000074505806,3.3110055923461914,0.1489952653646469,0.0020482344552874565,-7.131540775299072,24.713407516479492,0.00019999999494757503,0.0005000000237487257,1.007364880933892e-05
241303552,0.05000000074505806,1.3791272640228271,0.06206073239445686,0.002067863941192627,-7.131492614746094,22.939105987548828,0.00019999999494757503,0.0005000000237487257,3.707602809299715e-05
241369088,0.05000000074505806,0.645988941192627,0.029069503769278526,0.0025867861695587635,-7.132972717285156,22.505046844482422,0.00019999999494757503,0.0005000000237487257,1.7075079085770994e-05
241434624,0.05000000074505806,0.7413932085037231,0.03336269408464432,0.004523428622633219,-7.1299238204956055,14.489330291748047,0.00019999999494757503,0.0005000000237487257,8.082950444077142e-06
241500160,0.05000000074505806,1.77016282081604,0.07965733110904694,0.0017853820463642478,-7.130622863769531,17.283798217773438,0.00019999999494757503,0.0005000000237487257,5.7626257330412045e-06
241565696,0.05000000074505806,1.5107488632202148,0.0679837018251419,0.0019734767265617847,-7.129366874694824,22.21526336669922,0.00019999999494757503,0.0005000000237487257,8.346756658283994e-06
241631232,0.05000000074505806,0.8142337203025818,0.03664051741361618,0.0023536724038422108,-7.128748893737793,18.538705825805664,0.00019999999494757503,0.0005000000237487257,0.000512452214024961
241696768,0.05000000074505806,0.6398094296455383,0.02879142388701439,0.0025514971930533648,-7.129018306732178,21.131986618041992,0.00019999999494757503,0.0005000000237487257,0.0010705277090892196
241762304,0.05000000074505806,0.6207586526870728,0.02793414145708084,0.0022740729618817568,-7.1294846534729,17.57370376586914,0.00019999999494757503,0.0005000000237487257,0.00012956306454725564
241827840,0.05000000074505806,0.8685012459754944,0.03908255696296692,0.002776077948510647,-7.125077247619629,16.135271072387695,0.00019999999494757503,0.0005000000237487257,1.5725965567980893e-05
241893376,0.05000000074505806,1.2234861850738525,0.05505687743425369,0.0022402778267860413,-7.124813079833984,18.842605590820312,0.00019999999494757503,0.0005000000237487257,1.082765720639145e-05
241958912,0.05000000074505806,0.7179312109947205,0.03230690211057663,0.0025445774663239717,-7.123555660247803,25.05352210998535,0.00019999999494757503,0.0005000000237487257,7.98433247837238e-05
242024448,0.05000000074505806,0.5035562515258789,0.022660031914711,0.002612991724163294,-7.121116638183594,21.472755432128906,0.00019999999494757503,0.0005000000237487257,0.00031619975925423205
242089984,0.05000000074505806,0.5329203605651855,0.02398141659796238,0.0022396740969270468,-7.120699882507324,17.308996200561523,0.00019999999494757503,0.0005000000237487257,0.00010548055433901027
242155520,0.05000000074505806,0.5550968050956726,0.024979358538985252,0.0019687823951244354,-7.119073867797852,19.357275009155273,0.00019999999494757503,0.0005000000237487257,5.373984822654165e-05
242221056,0.05000000074505806,0.6813487410545349,0.03066069446504116,0.004731439054012299,-7.120135307312012,15.4629545211792,0.00019999999494757503,0.0005000000237487257,0.00021467750775627792
242286592,0.05000000074505806,0.5413614511489868,0.024361267685890198,0.002205433091148734,-7.121511936187744,17.556625366210938,0.00019999999494757503,0.0005000000237487257,3.323897180962376e-05
242352128,0.05000000074505806,0.5995080471038818,0.026977863162755966,0.0022538932971656322,-7.121109962463379,20.70209503173828,0.00019999999494757503,0.0005000000237487257,8.74968827702105e-05
242417664,0.05000000074505806,1.1678454875946045,0.052553050220012665,0.0021837439853698015,-7.117846488952637,14.215164184570312,0.00019999999494757503,0.0005000000237487257,4.562794492812827e-05
242483200,0.05000000074505806,1.0745590925216675,0.048355162143707275,0.0023362741339951754,-7.1195526123046875,20.184843063354492,0.00019999999494757503,0.0005000000237487257,2.3365650122286752e-05
242548736,0.05000000074505806,0.5775662064552307,0.025990478694438934,0.002555700484663248,-7.118532180786133,15.381101608276367,0.00019999999494757503,0.0005000000237487257,6.391763599822298e-05
242614272,0.05000000074505806,3.5277259349823,0.15874767303466797,0.0026643266901373863,-7.124216556549072,23.89229965209961,0.00019999999494757503,0.0005000000237487257,9.779560059541836e-06
242679808,0.05000000074505806,3.6863515377044678,0.1658858358860016,0.001958183478564024,-7.127707481384277,21.949413299560547,0.00019999999494757503,0.0005000000237487257,7.478990482923109e-06
242745344,0.05000000074505806,3.745363712310791,0.16854137182235718,0.001974679296836257,-7.125855445861816,19.59574317932129,0.00019999999494757503,0.0005000000237487257,2.369751200603787e-06
242810880,0.05000000074505806,3.6102733612060547,0.1624622941017151,0.0018172168638557196,-7.1315531730651855,19.052165985107422,0.00019999999494757503,0.0005000000237487257,4.181650183454622e-06
242876416,0.05000000074505806,3.458780288696289,0.15564511716365814,0.0023428210988640785,-7.12886381149292,24.018386840820312,0.00019999999494757503,0.0005000000237487257,8.60732779983664e-06
242941952,0.05000000074505806,1.3529185056686401,0.06088133528828621,0.0020190486684441566,-7.128558158874512,24.95524787902832,0.00019999999494757503,0.0005000000237487257,3.1528012186754495e-05
243007488,0.05000000074505806,0.8366585373878479,0.03764963895082474,0.00253052799962461,-7.128116130828857,29.269405364990234,0.00019999999494757503,0.0005000000237487257,1.4252188520913478e-05
243073024,0.05000000074505806,1.0909647941589355,0.04909341782331467,0.0038283769972622395,-7.129284381866455,15.682422637939453,0.00019999999494757503,0.0005000000237487257,8.463561243843287e-06
243138560,0.05000000074505806,2.1199803352355957,0.09539911150932312,0.0023335383739322424,-7.130797863006592,24.584178924560547,0.00019999999494757503,0.0005000000237487257,5.266724656394217e-06
243204096,0.05000000074505806,2.2726786136627197,0.10227054357528687,0.002295187907293439,-7.128905296325684,16.553428649902344,0.00019999999494757503,0.0005000000237487257,7.0326641434803605e-06
243269632,0.05000000074505806,0.9641358852386475,0.04338611289858818,0.0032147455494850874,-7.129311561584473,21.100671768188477,0.00019999999494757503,0.0005000000237487257,0.00029029251891188323
243335168,0.05000000074505806,0.7255929112434387,0.03265168145298958,0.0033977054990828037,-7.131115436553955,21.13311004638672,0.00019999999494757503,0.0005000000237487257,0.000852790311910212
243400704,0.05000000074505806,0.6471552848815918,0.029121987521648407,0.003067607991397381,-7.128714561462402,21.51622772216797,0.00019999999494757503,0.0005000000237487257,5.6740806030575186e-05
243466240,0.05000000074505806,1.0463193655014038,0.047084372490644455,0.0022661425173282623,-7.12462854385376,20.454059600830078,0.00019999999494757503,0.0005000000237487257,2.4046024918789044e-05
243531776,0.05000000074505806,1.6422150135040283,0.07389968633651733,0.0029780128970742226,-7.123352527618408,19.410764694213867,0.00019999999494757503,0.0005000000237487257,1.0543582902755588e-05
243597312,0.05000000074505806,1.0420458316802979,0.046892065554857254,0.0027288133278489113,-7.122962474822998,24.52724838256836,0.00019999999494757503,0.0005000000237487257,3.616638423409313e-05
243662848,0.05000000074505806,0.5872274041175842,0.026425231248140335,0.0023372089490294456,-7.116405487060547,16.873485565185547,0.00019999999494757503,0.0005000000237487257,0.00016983757086563855
243728384,0.05000000074505806,0.7549126148223877,0.03397107124328613,0.0024418612010776997,-7.11886739730835,15.664374351501465,0.00019999999494757503,0.0005000000237487257,0.00017778860637918115
243793920,0.05000000074505806,0.768409788608551,0.03457844257354736,0.0028336113318800926,-7.119617462158203,19.685808181762695,0.00019999999494757503,0.0005000000237487257,4.595508653437719e-05
243859456,0.05000000074505806,0.949494481086731,0.042727258056402206,0.0025593095924705267,-7.118309497833252,14.857009887695312,0.00019999999494757503,0.0005000000237487257,6.152184505481273e-05
243924992,0.05000000074505806,0.8168259263038635,0.03675716370344162,0.0026877718046307564,-7.120368480682373,19.307592391967773,0.00019999999494757503,0.0005000000237487257,3.944630589103326e-05
243990528,0.05000000074505806,0.5417435765266418,0.0243784599006176,0.0021460275165736675,-7.11848258972168,16.75433349609375,0.00019999999494757503,0.0005000000237487257,2.0590268832165748e-05
244056064,0.05000000074505806,0.771697461605072,0.03472638502717018,0.0019462420605123043,-7.11667537689209,17.922815322875977,0.00019999999494757503,0.0005000000237487257,3.0448838515440002e-05
244121600,0.05000000074505806,1.3416311740875244,0.06037341058254242,0.0021391939371824265,-7.115618705749512,18.15110969543457,0.00019999999494757503,0.0005000000237487257,1.7695823771646246e-05
244187136,0.05000000074505806,0.6591468453407288,0.02966161072254181,0.0026043104007840157,-7.115850448608398,21.100547790527344,0.00019999999494757503,0.0005000000237487257,3.5280525480629876e-05
244252672,0.05000000074505806,3.555063486099243,0.15997788310050964,0.0027242915239185095,-7.119206428527832,27.52657699584961,0.00019999999494757503,0.0005000000237487257,1.0730456779128872e-05
244318208,0.05000000074505806,3.786281108856201,0.17038264870643616,0.0019925914239138365,-7.1247992515563965,19.09019660949707,0.00019999999494757503,0.0005000000237487257,6.085517725296086e-06
244383744,0.05000000074505806,3.783630847930908,0.1702633947134018,0.002035534707829356,-7.124905586242676,17.557537078857422,0.00019999999494757503,0.0005000000237487257,2.3940422124724137e-06
244449280,0.05000000074505806,3.5336756706237793,0.15901540219783783,0.001935995533131063,-7.127330303192139,14.45677375793457,0.00019999999494757503,0.0005000000237487257,4.377634013508214e-06
244514816,0.05000000074505806,3.3612563610076904,0.1512565314769745,0.0018135139252990484,-7.128045558929443,18.565216064453125,0.00019999999494757503,0.0005000000237487257,7.91956244938774e-06
244580352,0.05000000074505806,1.3916419744491577,0.06262389570474625,0.0021213488653302193,-7.130502700805664,23.8311767578125,0.00019999999494757503,0.0005000000237487257,2.993717134813778e-05
244645888,0.05000000074505806,0.8422172665596008,0.03789977729320526,0.0023044883273541927,-7.131341457366943,20.387664794921875,0.00019999999494757503,0.0005000000237487257,1.7105237930081785e-05
244711424,0.05000000074505806,0.863715410232544,0.038867197930812836,0.0036919519770890474,-7.12821102142334,20.03560447692871,0.00019999999494757503,0.0005000000237487257,9.504776244284585e-06
244776960,0.05000000074505806,1.9647572040557861,0.08841408044099808,0.002335048746317625,-7.124494552612305,17.440662384033203,0.00019999999494757503,0.0005000000237487257,7.068795184750343e-06
244842496,0.05000000074505806,1.9333076477050781,0.0869988426566124,0.0023696639109402895,-7.124402046203613,18.430076599121094,0.00019999999494757503,0.0005000000237487257,1.280318247154355e-05
244908032,0.05000000074505806,0.9162145256996155,0.04122965782880783,0.0024141923058778048,-7.125150680541992,20.206205368041992,0.00019999999494757503,0.0005000000237487257,0.00021781768009532243
244973568,0.05000000074505806,0.670185387134552,0.03015834093093872,0.0026293392293155193,-7.126679420471191,24.780895233154297,0.00019999999494757503,0.0005000000237487257,0.0006765585276298225
245039104,0.05000000074505806,0.6449249982833862,0.029021624475717545,0.0023499068338423967,-7.128091812133789,20.899810791015625,0.00019999999494757503,0.0005000000237487257,7.757737330393866e-05
245104640,0.05000000074505806,1.4144368171691895,0.06364966183900833,0.0022818008437752724,-7.12932014465332,19.681018829345703,0.00019999999494757503,0.0005000000237487257,3.096493674092926e-05
245170176,0.05000000074505806,1.3878474235534668,0.06245313957333565,0.0020208568312227726,-7.130243301391602,18.43316078186035,0.00019999999494757503,0.0005000000237487257,1.0270902748743538e-05
245235712,0.05000000074505806,0.8505088686943054,0.03827290236949921,0.0025258036330342293,-7.131912708282471,19.096269607543945,0.00019999999494757503,0.0005000000237487257,5.056206282461062e-05
245301248,0.05000000074505806,0.520034909248352,0.023401571437716484,0.0023680804297327995,-7.131341934204102,18.370040893554688,0.00019999999494757503,0.0005000000237487257,0.0003522185143083334
245366784,0.05000000074505806,0.5240297317504883,0.02358134090900421,0.002287892159074545,-7.12663459777832,20.663610458374023,0.00019999999494757503,0.0005000000237487257,0.00016218426753766835
245432320,0.05000000074505806,0.6628279685974121,0.029827259480953217,0.0021567295771092176,-7.124373435974121,22.437244415283203,0.00019999999494757503,0.0005000000237487257,2.919990583905019e-05
245497856,0.05000000074505806,0.8274598121643066,0.03723569214344025,0.0019770688377320766,-7.124289512634277,17.337194442749023,0.00019999999494757503,0.0005000000237487257,0.00012877327390015125
245563392,0.05000000074505806,0.55031418800354,0.02476414293050766,0.002249619457870722,-7.121945381164551,16.82804298400879,0.00019999999494757503,0.0005000000237487257,2.9854378226445988e-05
245628928,0.05000000074505806,0.4697248637676239,0.021137617528438568,0.0021740749944001436,-7.121373653411865,19.488880157470703,0.00019999999494757503,0.0005000000237487257,8.119023550534621e-05
245694464,0.05000000074505806,0.5418583154678345,0.024383623152971268,0.0021212950814515352,-7.120812892913818,19.881195068359375,0.00019999999494757503,0.0005000000237487257,3.5562217817641795e-05
245760000,0.05000000074505806,0.9845565557479858,0.044305045157670975,0.002203993732109666,-7.119888782501221,19.453346252441406,0.00019999999494757503,0.0005000000237487257,1.6842885088408366e-05
245825536,0.05000000074505806,0.504318356513977,0.02269432693719864,0.002107931300997734,-7.120253086090088,19.961795806884766,0.00019999999494757503,0.0005000000237487257,8.709540998097509e-05
245891072,0.05000000074505806,3.6114416122436523,0.16251486539840698,0.0027420888654887676,-7.123862266540527,35.46630859375,0.00019999999494757503,0.0005000000237487257,1.0008723620558158e-05
245956608,0.05000000074505806,3.760303020477295,0.16921363770961761,0.0023076930083334446,-7.124760150909424,20.189170837402344,0.00019999999494757503,0.0005000000237487257,7.799821105436422e-06
246022144,0.05000000074505806,3.7619223594665527,0.16928650438785553,0.0020699428860098124,-7.12793493270874,21.36077308654785,0.00019999999494757503,0.0005000000237487257,2.969404476971249e-06
246087680,0.05000000074505806,3.503481388092041,0.15765665471553802,0.0018254750175401568,-7.127283096313477,21.554811477661133,0.00019999999494757503,0.0005000000237487257,4.972017450199928e-06
246153216,0.05000000074505806,3.3480029106140137,0.15066012740135193,0.0022761060390621424,-7.128368377685547,23.220544815063477,0.00019999999494757503,0.0005000000237487257,8.755522685532924e-06
246218752,0.05000000074505806,1.353746771812439,0.06091860309243202,0.0021119238808751106,-7.129556655883789,28.59050750732422,0.00019999999494757503,0.0005000000237487257,2.4689883503015153e-05
246284288,0.05000000074505806,0.7307223081588745,0.032882507890462875,0.002352003240957856,-7.130678176879883,23.166851043701172,0.00019999999494757503,0.0005000000237487257,1.4073882994125597e-05
246349824,0.05000000074505806,0.8123341798782349,0.03655503690242767,0.003280250122770667,-7.132903099060059,19.50607681274414,0.00019999999494757503,0.0005000000237487257,1.0191100955125876e-05
246415360,0.05000000074505806,1.9631092548370361,0.0883399248123169,0.001998086227104068,-7.134583950042725,21.062898635864258,0.00019999999494757503,0.0005000000237487257,7.441793513862649e-06
246480896,0.05000000074505806,1.7490085363388062,0.07870538532733917,0.002145929727703333,-7.129284858703613,22.594219207763672,0.00019999999494757503,0.0005000000237487257,1.1703292329912074e-05
246546432,0.05000000074505806,0.836915135383606,0.03766118735074997,0.0029760466422885656,-7.133574485778809,17.244827270507812,0.00019999999494757503,0.0005000000237487257,0.0006893473328091204
246611968,0.05000000074505806,0.5655044317245483,0.025447702035307884,0.002101534977555275,-7.1330437660217285,25.4211483001709,0.00019999999494757503,0.0005000000237487257,0.0020278978627175093
246677504,0.05000000074505806,0.5171911716461182,0.02327360399067402,0.002521850634366274,-7.131511688232422,18.5836181640625,0.00019999999494757503,0.0005000000237487257,0.000176585468580015
246743040,0.05000000074505806,1.4982361793518066,0.06742062419652939,0.002325628651306033,-7.128449440002441,21.277597427368164,0.00019999999494757503,0.0005000000237487257,2.7464921004138887e-05
246808576,0.05000000074505806,1.427795648574829,0.06425081193447113,0.002306342124938965,-7.130614757537842,15.935866355895996,0.00019999999494757503,0.0005000000237487257,9.555136784911156e-06
246874112,0.05000000074505806,0.8759582042694092,0.03941811993718147,0.002221436006948352,-7.128713130950928,22.07590675354004,0.00019999999494757503,0.0005000000237487257,4.076037657796405e-05
246939648,0.05000000074505806,0.5347903370857239,0.024065565317869186,0.001975152874365449,-7.128649711608887,17.647186279296875,0.00019999999494757503,0.0005000000237487257,0.00029174337396398187
247005184,0.05000000074505806,0.6251610517501831,0.028132248669862747,0.0021432109642773867,-7.125537872314453,16.3469295501709,0.00019999999494757503,0.0005000000237487257,0.0001701949950074777
247070720,0.05000000074505806,0.5854782462120056,0.026346523314714432,0.0025518671609461308,-7.124612808227539,20.8514461517334,0.00019999999494757503,0.0005000000237487257,3.0939736461732537e-05
247136256,0.05000000074505806,0.6758845448493958,0.030414806678891182,0.0024477376136928797,-7.124485969543457,19.337268829345703,0.00019999999494757503,0.0005000000237487257,9.89247637335211e-05
247201792,0.05000000074505806,0.5304448008537292,0.023870019242167473,0.0021189511753618717,-7.124410152435303,19.892778396606445,0.00019999999494757503,0.0005000000237487257,3.821609425358474e-05
247267328,0.05000000074505806,0.4728003144264221,0.021276015788316727,0.002036052057519555,-7.122183799743652,18.14014434814453,0.00019999999494757503,0.0005000000237487257,5.6473916629329324e-05
247332864,0.05000000074505806,0.9285423755645752,0.04178440943360329,0.0019275997765362263,-7.122061252593994,19.278167724609375,0.00019999999494757503,0.0005000000237487257,8.020050154300407e-05
247398400,0.05000000074505806,1.280688762664795,0.057631004601716995,0.001892770640552044,-7.121441841125488,17.062334060668945,0.00019999999494757503,0.0005000000237487257,2.0313405912020244e-05
247463936,0.05000000074505806,0.603186845779419,0.027143407613039017,0.0022926852107048035,-7.121919631958008,20.583454132080078,0.00019999999494757503,0.0005000000237487257,4.713978341897018e-05
247529472,0.05000000074505806,3.4551031589508057,0.15547965466976166,0.002671632217243314,-7.129114151000977,28.262834548950195,0.00019999999494757503,0.0005000000237487257,1.3082046280032955e-05
247595008,0.05000000074505806,3.6814064979553223,0.16566328704357147,0.00220959703437984,-7.126384258270264,19.616870880126953,0.00019999999494757503,0.0005000000237487257,8.427074135397561e-06
247660544,0.05000000074505806,3.6732332706451416,0.16529549658298492,0.0020561926066875458,-7.128847599029541,17.869674682617188,0.00019999999494757503,0.0005000000237487257,3.110481884505134e-06
247726080,0.05000000074505806,3.4333114624023438,0.15449902415275574,0.002080317586660385,-7.129485607147217,17.437782287597656,0.00019999999494757503,0.0005000000237487257,7.439652108587325e-06
247791616,0.05000000074505806,3.2857956886291504,0.1478608250617981,0.0020468332804739475,-7.13152551651001,19.268190383911133,0.00019999999494757503,0.0005000000237487257,8.511697160429321e-06
247857152,0.05000000074505806,1.3258899450302124,0.059665050357580185,0.002202398143708706,-7.128448486328125,22.020971298217773,0.00019999999494757503,0.0005000000237487257,3.482716056169011e-05
247922688,0.05000000074505806,0.6264728903770447,0.028191283345222473,0.0021915300749242306,-7.130239963531494,23.063119888305664,0.00019999999494757503,0.0005000000237487257,1.8369168174103834e-05
247988224,0.05000000074505806,0.7850745916366577,0.03532835841178894,0.0030355744529515505,-7.134224891662598,19.26692008972168,0.00019999999494757503,0.0005000000237487257,8.661560968903359e-06
248053760,0.05000000074505806,1.6921617984771729,0.07614728063344955,0.002018317114561796,-7.135115146636963,18.486696243286133,0.00019999999494757503,0.0005000000237487257,8.35250011732569e-06
248119296,0.05000000074505806,1.7057054042816162,0.07675674557685852,0.0026166795287281275,-7.133927822113037,27.340316772460938,0.00019999999494757503,0.0005000000237487257,9.388537364429794e-06
248184832,0.05000000074505806,0.8356555700302124,0.03760450333356857,0.0027779648080468178,-7.135639190673828,19.668842315673828,0.00019999999494757503,0.0005000000237487257,0.0003799278929363936
248250368,0.05000000074505806,0.5563219785690308,0.02503449097275734,0.002563304267823696,-7.131072521209717,30.494951248168945,0.00019999999494757503,0.0005000000237487257,0.0009252806194126606
248315904,0.05000000074505806,0.5137605667114258,0.023119227960705757,0.003091098740696907,-7.129058837890625,20.87948989868164,0.00019999999494757503,0.0005000000237487257,0.00013137326459400356
248381440,0.05000000074505806,1.0420622825622559,0.04689280688762665,0.0020685470663011074,-7.129619121551514,17.82866668701172,0.00019999999494757503,0.0005000000237487257,3.0531169613823295e-05
248446976,0.05000000074505806,1.188878059387207,0.05349951982498169,0.002009717281907797,-7.127981185913086,17.27404022216797,0.00019999999494757503,0.0005000000237487257,8.738116775930393e-06
248512512,0.05000000074505806,0.7846750020980835,0.035310376435518265,0.002333971206098795,-7.1304121017456055,24.163307189941406,0.00019999999494757503,0.0005000000237487257,6.218136695679277e-05
248578048,0.05000000074505806,0.5017412304878235,0.02257835492491722,0.002000197069719434,-7.129690170288086,18.198692321777344,0.00019999999494757503,0.0005000000237487257,0.0003647686680778861
248643584,0.05000000074505806,0.5327811241149902,0.023975152522325516,0.0028486158698797226,-7.1316914558410645,22.504348754882812,0.00019999999494757503,0.0005000000237487257,0.0001653672952670604
248709120,0.05000000074505806,0.5371436476707458,0.024171464145183563,0.0024595879949629307,-7.126836776733398,15.719948768615723,0.00019999999494757503,0.0005000000237487257,3.992844358435832e-05
248774656,0.05000000074505806,0.8583402037620544,0.038625311106443405,0.0019066451350226998,-7.124176979064941,16.790239334106445,0.00019999999494757503,0.0005000000237487257,0.00010415574797661975
248840192,0.05000000074505806,0.6128266453742981,0.027577200904488564,0.001991875935345888,-7.122563362121582,19.047975540161133,0.00019999999494757503,0.0005000000237487257,2.9928931326139718e-05
248905728,0.05000000074505806,0.5223013758659363,0.023503560572862625,0.0026005979161709547,-7.122878551483154,19.30402183532715,0.00019999999494757503,0.0005000000237487257,0.0001052277657436207
248971264,0.05000000074505806,0.48455169796943665,0.021804826334118843,0.0018064259784296155,-7.1212663650512695,14.791980743408203,0.00019999999494757503,0.0005000000237487257,4.690991772804409e-05
249036800,0.05000000074505806,0.7121871113777161,0.03204842284321785,0.0022893091663718224,-7.125707626342773,20.0072021484375,0.00019999999494757503,0.0005000000237487257,1.7976813978748396e-05
249102336,0.05000000074505806,0.4686509072780609,0.02108929306268692,0.0018965175841003656,-7.12498664855957,21.84819221496582,0.00019999999494757503,0.0005000000237487257,0.00019971872097812593
249167872,0.05000000074505806,3.446763515472412,0.1551043689250946,0.0025313463993370533,-7.130444526672363,27.113697052001953,0.00019999999494757503,0.0005000000237487257,1.1752781574614346e-05
249233408,0.05000000074505806,3.71897029876709,0.16735367476940155,0.0022515682503581047,-7.132762908935547,20.546855926513672,0.00019999999494757503,0.0005000000237487257,7.3606515798019245e-06
249298944,0.05000000074505806,3.689159870147705,0.16601218283176422,0.0024344217963516712,-7.135861873626709,20.697505950927734,0.00019999999494757503,0.0005000000237487257,2.750398607531679e-06
249364480,0.05000000074505806,3.3775835037231445,0.15199127793312073,0.001963552786037326,-7.135442733764648,16.90713882446289,0.00019999999494757503,0.0005000000237487257,6.3586930991732515e-06
249430016,0.05000000074505806,3.2537760734558105,0.1464199274778366,0.0018760912353172898,-7.132127285003662,20.015836715698242,0.00019999999494757503,0.0005000000237487257,9.167592907033395e-06
249495552,0.05000000074505806,1.320304036140442,0.05941368639469147,0.0019647753797471523,-7.136874198913574,24.048559188842773,0.00019999999494757503,0.0005000000237487257,3.3367323339916766e-05
249561088,0.05000000074505806,0.6192264556884766,0.02786519192159176,0.002927587367594242,-7.13151216506958,18.9283504486084,0.00019999999494757503,0.0005000000237487257,1.7410175132681616e-05
249626624,0.05000000074505806,0.888370156288147,0.03997666388750076,0.0031802805606275797,-7.131028652191162,20.97772789001465,0.00019999999494757503,0.0005000000237487257,7.682984687562566e-06
249692160,0.05000000074505806,1.6153219938278198,0.0726894959807396,0.00202073622494936,-7.129659175872803,15.39516544342041,0.00019999999494757503,0.0005000000237487257,6.45640648144763e-06
249757696,0.05000000074505806,1.7130755186080933,0.07708840817213058,0.0022672517225146294,-7.128121852874756,20.365259170532227,0.00019999999494757503,0.0005000000237487257,1.3343806131160818e-05
249823232,0.05000000074505806,0.8579866290092468,0.038609400391578674,0.0028580178041011095,-7.130002021789551,20.645322799682617,0.00019999999494757503,0.0005000000237487257,0.00030497804982587695
249888768,0.05000000074505806,0.5662031769752502,0.025479143485426903,0.002400394529104233,-7.130017280578613,24.032493591308594,0.00019999999494757503,0.0005000000237487257,0.0010215562069788575
249954304,0.05000000074505806,0.5351384878158569,0.024081232026219368,0.0026507526636123657,-7.126401424407959,19.55691909790039,0.00019999999494757503,0.0005000000237487257,0.00012828325270675123
