frame,drone/policy_loss,drone/expert_kl_loss,drone/expert_action_mse,drone/effective_expert_kl_coef,drone/value_loss,drone/critic_grad_norm,drone/actor_grad_norm,drone/TP_loss,train/stats.return,eval/stats.return,train/stats.success,eval/stats.success
65536,0.0,0.0,0.0,0.4000000059604645,0.48163560032844543,1.025827169418335,0.0,0.00013067637337371707,,22.23955535888672,,0.869140625
131072,0.0,0.0,0.0,0.4000000059604645,0.348436176776886,0.6854883432388306,0.0,0.0002306431415490806,,,,
196608,0.0,0.0,0.0,0.4000000059604645,1.432385802268982,0.5749983787536621,0.0,0.0001078943969332613,,,,
262144,0.0,0.0,0.0,0.4000000059604645,0.19898636639118195,1.2250527143478394,0.0,0.00035283120814710855,,,,
327680,0.0,0.0,0.0,0.4000000059604645,0.34371018409729004,1.0024383068084717,0.0,0.0017421793891116977,,,,
393216,0.0,0.0,0.0,0.4000000059604645,0.149772509932518,1.395626425743103,0.0,0.0032199365086853504,,,,
458752,0.0,0.0,0.0,0.4000000059604645,0.106887087225914,0.42597898840904236,0.0,0.003054500324651599,,,,
524288,0.0,0.0,0.0,0.4000000059604645,0.13298633694648743,0.3785519599914551,0.0,0.009004333056509495,18.17974853515625,,0.7451550364494324,
589824,0.0,0.0,0.0,0.4000000059604645,0.11220389604568481,0.4055465757846832,0.0,0.00510558532550931,,,,
655360,0.0,0.0,0.0,0.4000000059604645,0.08161964267492294,0.7081633806228638,0.0,0.0023154960945248604,,,,
720896,0.0,0.0,0.0,0.4000000059604645,0.12877598404884338,0.7206871509552002,0.0,0.001100103254429996,,,,
786432,0.0,0.0,0.0,0.4000000059604645,0.13395030796527863,0.3182820975780487,0.0,0.002353208139538765,,,,
851968,0.0,0.0,0.0,0.4000000059604645,0.11666163802146912,0.49191153049468994,0.0,0.009757056832313538,,,,
917504,0.0,0.0,0.0,0.4000000059604645,0.11005422472953796,0.550471305847168,0.0,0.007140185683965683,,,,
983040,0.0,0.0,0.0,0.4000000059604645,0.11402347683906555,0.4221092462539673,0.0,0.0037530481349676847,,,,
1048576,0.0,0.0,0.0,0.4000000059604645,0.0977213978767395,0.6278899908065796,0.0,0.0032322958577424288,,,,
1114112,0.0,0.0,0.0,0.4000000059604645,0.09773840010166168,0.33637651801109314,0.0,0.0020142800640314817,,,,
1179648,0.0,0.0,0.0,0.4000000059604645,0.10770027339458466,0.3658360540866852,0.0,0.0011620094301179051,,,,
1245184,0.0,0.0,0.0,0.4000000059604645,0.08470923453569412,0.5801977515220642,0.0,0.0022051921114325523,,,,
1310720,0.0,0.0,0.0,0.4000000059604645,0.07744891941547394,0.8360812664031982,0.0,0.004483256489038467,-79.90126037597656,,0.014912281185388565,
1376256,0.0,0.0,0.0,0.4000000059604645,0.10935278236865997,0.5131182074546814,0.0,0.001681079505942762,,,,
1441792,0.0,0.0,0.0,0.4000000059604645,0.15073861181735992,0.36942073702812195,0.0,0.0013591338647529483,,,,
1507328,0.0,0.0,0.0,0.4000000059604645,0.15802888572216034,0.8524056077003479,0.0,0.0022090724669396877,,,,
1572864,0.0,0.0,0.0,0.4000000059604645,0.12601259350776672,0.33388155698776245,0.0,0.0009762847912497818,,,,
1638400,0.0,0.0,0.0,0.4000000059604645,0.08710145205259323,0.2662099599838257,0.0,0.001778692938387394,,,,
1703936,0.0,0.0,0.0,0.4000000059604645,0.0795227512717247,0.4925067722797394,0.0,0.00351866171695292,,18.18585968017578,,0.826171875
1769472,0.0,0.0,0.0,0.4000000059604645,0.021872106939554214,0.7813656330108643,0.0,0.000543056579772383,,,,
1835008,0.0,0.0,0.0,0.4000000059604645,1.3655133247375488,0.4195859134197235,0.0,0.0002604304172564298,2.0919532775878906,,0.6043956279754639,
1900544,0.0,0.0,0.0,0.4000000059604645,0.18106861412525177,0.3087483048439026,0.0,0.0002702828496694565,,,,
1966080,0.0,0.0,0.0,0.4000000059604645,0.41362184286117554,0.7060580253601074,0.0,0.000526858086232096,,,,
2031616,0.0,0.0,0.0,0.4000000059604645,0.18173491954803467,0.4046435058116913,0.0,0.0014649913646280766,,,,
2097152,0.0,0.0,0.0,0.4000000059604645,0.14021602272987366,0.18737660348415375,0.0,0.0020338569302111864,,,,
2162688,0.0,0.0,0.0,0.4000000059604645,0.15512239933013916,0.2119421660900116,0.0,0.0063902102410793304,,,,
2228224,0.0,0.0,0.0,0.4000000059604645,0.15833622217178345,0.5187288522720337,0.0,0.0033129206858575344,,,,
2293760,0.0,0.0,0.0,0.4000000059604645,0.09438040852546692,0.37626293301582336,0.0,0.0009654239984229207,,,,
2359296,0.0,0.0,0.0,0.4000000059604645,0.1846560835838318,1.0262330770492554,0.0,0.00044392357813194394,,,,
2424832,0.0,0.0,0.0,0.4000000059604645,0.1422058343887329,0.29168567061424255,0.0,0.0007867181557230651,,,,
2490368,0.0,0.0,0.0,0.4000000059604645,0.143320694565773,0.291959285736084,0.0,0.004788894206285477,,,,
2555904,0.0,0.0,0.0,0.4000000059604645,0.16907423734664917,0.38614368438720703,0.0,0.003917369991540909,,,,
2621440,0.0,0.0,0.0,0.4000000059604645,0.16889642179012299,0.5034268498420715,0.0,0.0019318106351420283,,,,
2686976,0.0,0.0,0.0,0.4000000059604645,0.1389136016368866,0.296207070350647,0.0,0.0018846371676772833,-64.54644012451172,,0.05383211746811867,
2752512,0.0,0.0,0.0,0.4000000059604645,0.14513199031352997,0.2621859610080719,0.0,0.0010443227365612984,,,,
2818048,0.0,0.0,0.0,0.4000000059604645,0.13714079558849335,0.32929834723472595,0.0,0.0005569445202127099,,,,
2883584,0.0,0.0,0.0,0.4000000059604645,0.08464214205741882,0.22095760703086853,0.0,0.001014892477542162,,,,
2949120,0.0,0.0,0.0,0.4000000059604645,0.06870941072702408,0.2851993143558502,0.0,0.0031639861408621073,,,,
3014656,0.0,0.0,0.0,0.4000000059604645,0.13794413208961487,0.4403538107872009,0.0,0.001285548903979361,,,,
3080192,0.0,0.0,0.0,0.4000000059604645,0.14955279231071472,0.281758576631546,0.0,0.0007851484697312117,,,,
3145728,0.0,0.0,0.0,0.4000000059604645,0.11040756106376648,0.23911814391613007,0.0,0.0009649068815633655,,,,
3211264,0.0,0.0,0.0,0.4000000059604645,0.08299091458320618,0.19809263944625854,0.0,0.0004222385468892753,,,,
3276800,0.0,0.0,0.0,0.4000000059604645,0.0979497879743576,0.6416074633598328,0.0,0.0012050975346937776,,,,
3342336,0.0,0.0,0.0,0.4000000059604645,0.07832092046737671,0.3210545778274536,0.0,0.0030375905334949493,,21.165809631347656,,0.84375
3407872,0.0,0.0,0.0,0.4000000059604645,0.032261691987514496,0.772192120552063,0.0,0.00041268719360232353,,,,
3473408,0.0,0.0,0.0,0.4000000059604645,1.4234017133712769,0.39688584208488464,0.0,0.00010753993410617113,-16.830429077148438,,0.4560716450214386,
3538944,0.0,0.0,0.0,0.4000000059604645,0.16826310753822327,0.20355124771595,0.0,0.00017966826271731406,,,,
3604480,0.0,0.0,0.0,0.4000000059604645,0.43446940183639526,0.30827221274375916,0.0,0.000480173242976889,,,,
3670016,0.0,0.0,0.0,0.4000000059604645,0.1980404555797577,0.3664451539516449,0.0,0.0009155245497822762,,,,
3735552,0.0,0.0,0.0,0.4000000059604645,0.1174495741724968,0.25498032569885254,0.0,0.001034411950968206,,,,
3801088,0.0,0.0,0.0,0.4000000059604645,0.17299184203147888,0.5118292570114136,0.0,0.0031718905083835125,,,,
3866624,0.0,0.0,0.0,0.4000000059604645,0.16130861639976501,0.8258828520774841,0.0,0.0019358249846845865,,,,
3932160,0.0,0.0,0.0,0.4000000059604645,0.11575285345315933,0.36021533608436584,0.0,0.0005251605180092156,,,,
3997696,0.0,0.0,0.0,0.4000000059604645,0.17065250873565674,0.43855422735214233,0.0,0.00030232290737330914,,,,
4063232,0.0,0.0,0.0,0.4000000059604645,0.1695006638765335,0.2841165363788605,0.0,0.00042514686356298625,,,,
4128768,0.0,0.0,0.0,0.4000000059604645,0.10737285763025284,0.24891366064548492,0.0,0.003850865876302123,,,,
4194304,0.0,0.0,0.0,0.4000000059604645,0.13491517305374146,0.5356497764587402,0.0,0.003739870386198163,,,,
4259840,0.0,0.0,0.0,0.4000000059604645,0.12337498366832733,0.31474950909614563,0.0,0.0014027594588696957,-55.87679672241211,,0.056179776787757874,
4325376,0.0,0.0,0.0,0.4000000059604645,0.10235525667667389,0.28931689262390137,0.0,0.0013002800988033414,,,,
4390912,0.0,0.0,0.0,0.4000000059604645,0.12574732303619385,0.28527167439460754,0.0,0.0007601007237099111,,,,
4456448,0.0,0.0,0.0,0.4000000059604645,0.14491082727909088,0.26257848739624023,0.0,0.0003242521488573402,,,,
4521984,0.0,0.0,0.0,0.4000000059604645,0.10489951819181442,0.1998671293258667,0.0,0.0008229545783251524,,,,
4587520,0.0,0.0,0.0,0.4000000059604645,0.09828958660364151,0.30929967761039734,0.0,0.0025781963486224413,,,,
4653056,0.0,0.0,0.0,0.4000000059604645,0.1154777854681015,0.3907650113105774,0.0,0.0008565685129724443,,,,
4718592,0.0,0.0,0.0,0.4000000059604645,0.10507363080978394,0.2588377296924591,0.0,0.0006151917623355985,,,,
4784128,0.0,0.0,0.0,0.4000000059604645,0.10916255414485931,0.3035494387149811,0.0,0.0007034341106191278,,,,
4849664,0.0,0.0,0.0,0.4000000059604645,0.12643222510814667,0.43210849165916443,0.0,0.0002807342680171132,,,,
4915200,0.0,0.0,0.0,0.4000000059604645,0.12933135032653809,0.2980232238769531,0.0,0.0008519220864400268,,,,
4980736,0.0,0.0,0.0,0.4000000059604645,0.10544262081384659,0.31772154569625854,0.0,0.002063190098851919,-69.84052276611328,23.851940155029297,0.007751937955617905,0.861328125
5046272,0.41753339767456055,0.7625887393951416,0.034316495060920715,0.4000000059604645,0.03319773077964783,0.6100209355354309,0.1701953113079071,0.00036097707925364375,,,,
5111808,0.3323432207107544,0.40522313117980957,0.018235040828585625,0.4000000059604645,1.7330361604690552,0.24042044579982758,0.2345217615365982,0.00010213431960437447,,,,
5177344,0.21352851390838623,0.33349862694740295,0.015007440000772476,0.4000000059604645,0.22053374350070953,0.22222061455249786,0.20489884912967682,0.00016100279754027724,,,,
5242880,0.22517293691635132,0.2883791923522949,0.012977064587175846,0.4000000059604645,0.35713207721710205,0.4721399247646332,0.28184974193573,0.00048049172619357705,,,,
5308416,0.16121160984039307,0.25771790742874146,0.011597306467592716,0.4000000059604645,0.20696088671684265,0.25168487429618835,0.28866106271743774,0.0007720322464592755,,,,
5373952,0.029976867139339447,0.19728951156139374,0.008878028020262718,0.4000000059604645,0.136940598487854,0.2714919149875641,57.35847091674805,0.00087345129577443,,,,
5439488,0.0203687883913517,0.17458005249500275,0.007856102660298347,0.4000000059604645,0.1516585350036621,0.23581069707870483,61.074161529541016,0.0024546533823013306,28.617738723754883,,0.8046647310256958,
5505024,0.08209645748138428,0.18680723011493683,0.008406326174736023,0.4000000059604645,0.2134871780872345,1.1071094274520874,47.74452209472656,0.0013433092972263694,,,,
5570560,0.03541211411356926,0.6311067342758179,0.02839980460703373,0.4000000059604645,0.10470518469810486,0.25062257051467896,58.87405014038086,0.00035273414687253535,,,,
5636096,0.10608968138694763,0.5331584811210632,0.023992132395505905,0.4000000059604645,0.12456344068050385,0.2769688367843628,1.5709731578826904,0.00017872128228191286,,,,
5701632,0.018892213702201843,0.28475138545036316,0.012813812121748924,0.4000000059604645,0.09079045057296753,0.16424492001533508,45.73183059692383,0.00023626578331459314,,,,
5767168,0.02155580371618271,0.22376078367233276,0.010069236159324646,0.4000000059604645,0.12266592681407928,0.22382058203220367,59.87128448486328,0.0013800743035972118,,,,
5832704,0.019840123131871223,0.15570256114006042,0.007006615400314331,0.4000000059604645,0.1859208047389984,0.40811461210250854,63.3228645324707,0.0013035066658630967,,,,
5898240,0.02679537422955036,0.18753615021705627,0.008439128287136555,0.4000000059604645,0.17087341845035553,0.3376826345920563,61.34087371826172,0.0011092108907178044,,,,
5963776,0.025257954373955727,0.9580009579658508,0.043110039085149765,0.4000000059604645,0.11971892416477203,0.291286826133728,53.62311553955078,0.0012319082161411643,,,,
6029312,0.10280728340148926,0.5374791026115417,0.02418655902147293,0.4000000059604645,0.12192976474761963,0.25451695919036865,1.5510890483856201,0.00047332499525509775,,,,
6094848,0.04657770320773125,0.3698773682117462,0.01664448156952858,0.4000000059604645,0.0800853967666626,0.17948883771896362,46.08435821533203,0.00036923098377883434,,,,
6160384,0.01902570016682148,0.23614616692066193,0.010626577772200108,0.4000000059604645,0.0995807945728302,0.2809968888759613,46.46501159667969,0.0011282578343525529,,,,
6225920,0.03722306340932846,0.21126164495944977,0.009506774134933949,0.4000000059604645,0.11536557972431183,0.21340951323509216,50.69353485107422,0.001359324436634779,-65.15084838867188,,0.01603849232196808,
6291456,0.038588739931583405,0.2198864221572876,0.00989488884806633,0.4000000059604645,0.125481978058815,0.2201177328824997,55.463043212890625,0.0005255301366560161,,,,
6356992,0.033196356147527695,0.6387139558792114,0.028742128983139992,0.4000000059604645,0.08820614218711853,0.2963317036628723,58.35008239746094,0.0005272137932479382,,,,
6422528,0.030478402972221375,0.41721880435943604,0.018774844706058502,0.4000000059604645,0.10544483363628387,0.2249516248703003,43.09078598022461,0.0002133239759132266,,,,
6488064,0.02162945829331875,0.34890684485435486,0.01570080779492855,0.4000000059604645,0.06298484653234482,0.1957281231880188,45.02119445800781,0.00021814802312292159,,,,
6553600,0.028197813779115677,0.200724259018898,0.009032591246068478,0.4000000059604645,0.11223460733890533,0.2150546759366989,47.247825622558594,0.0010953295277431607,,,,
6619136,0.026070712134242058,0.19870762526988983,0.008941843174397945,0.4000000059604645,0.11210231482982635,0.606676459312439,45.52782440185547,0.0027832170017063618,,3.79293155670166,,0.794921875
6684672,0.03833679109811783,0.7139075994491577,0.03212583810091019,0.4000000059604645,0.020042285323143005,0.6678010821342468,81.12247467041016,0.0003328068705741316,,,,
6750208,0.07045707106590271,0.31721287965774536,0.014274579472839832,0.4000000059604645,1.8184306621551514,0.6204019784927368,79.53948974609375,0.00010705085878726095,-0.8354642391204834,,0.5753323435783386,
6815744,0.013332255184650421,0.4680040180683136,0.02106018364429474,0.4000000059604645,0.1336645632982254,0.23048123717308044,43.46889114379883,0.00016698395484127104,,,,
6881280,0.019674217328429222,0.4666239619255066,0.02099807932972908,0.4000000059604645,0.19340167939662933,0.19951146841049194,65.67516326904297,0.0005578318377956748,,,,
6946816,0.023334193974733353,0.16883346438407898,0.007597506511956453,0.4000000059604645,0.14641496539115906,0.5724607706069946,64.02412414550781,0.0007955742767080665,,,,
7012352,0.041784707456827164,0.23087942600250244,0.01038957480341196,0.4000000059604645,0.12796565890312195,0.34958696365356445,51.7528076171875,0.000732571177650243,,,,
7077888,0.02484476938843727,0.17151200771331787,0.0077180415391922,0.4000000059604645,0.11707455664873123,0.20421017706394196,63.31843948364258,0.001865142723545432,,,,
7143424,0.11556342244148254,0.2021961510181427,0.009098827838897705,0.4000000059604645,0.1224498450756073,0.32179901003837585,6.163241863250732,0.0008461216930299997,,,,
7208960,0.07359985262155533,0.7294232845306396,0.03282405063509941,0.4000000059604645,0.07509847730398178,0.3911178708076477,34.84835433959961,0.00026007211999967694,,,,
7274496,0.07184697687625885,0.3910857141017914,0.01759885810315609,0.4000000059604645,0.09813719987869263,0.3848367929458618,4.8676252365112305,0.00014540718984790146,,,,
7340032,0.025621866807341576,0.2846026122570038,0.012807117775082588,0.4000000059604645,0.09627465903759003,0.15787452459335327,46.9747314453125,0.00015295272169169039,,,,
7405568,0.022524278610944748,0.19179800152778625,0.008630909956991673,0.4000000059604645,0.10310018062591553,0.15350717306137085,59.50429153442383,0.0015010189963504672,,,,
7471104,0.030808979645371437,0.15450260043144226,0.006952617317438126,0.4000000059604645,0.21814197301864624,0.5313888788223267,64.91107940673828,0.002212917897850275,-40.703243255615234,,0.05062082037329674,
7536640,0.026750164106488228,0.17254126071929932,0.0077643562108278275,0.4000000059604645,0.18369337916374207,0.39386847615242004,57.612464904785156,0.0010311692021787167,,,,
7602176,0.09578784555196762,0.2423306256532669,0.010904879309237003,0.4000000059604645,0.12784326076507568,0.2640444338321686,1.549386739730835,0.0006633774610236287,,,,
7667712,0.03224208205938339,0.8873823881149292,0.03993220627307892,0.4000000059604645,0.12790465354919434,0.43554842472076416,52.814083099365234,0.0003473284305073321,,,,
7733248,0.03624410182237625,0.46590128540992737,0.020965561270713806,0.4000000059604645,0.16794398427009583,0.40240907669067383,51.380577087402344,0.0001769434893503785,,,,
7798784,0.08345570415258408,0.1791248321533203,0.008060616441071033,0.4000000059604645,0.10135698318481445,0.1578000783920288,34.20498275756836,0.0005867906147614121,,,,
7864320,0.05305858701467514,0.2094087302684784,0.0094233937561512,0.4000000059604645,0.10120172053575516,0.19203440845012665,18.337841033935547,0.0016486367676407099,,,,
7929856,0.024308720603585243,0.20400592684745789,0.009180266410112381,0.4000000059604645,0.0844922810792923,0.2023153454065323,48.669158935546875,0.0005309558473527431,,,,
7995392,0.028110617771744728,0.44105952978134155,0.019847678020596504,0.4000000059604645,0.07467122375965118,0.20495204627513885,56.48070526123047,0.0004699588462244719,,,,
8060928,0.029339157044887543,0.42562735080718994,0.019153233617544174,0.4000000059604645,0.10094155371189117,0.18711191415786743,45.319976806640625,0.0004184725694358349,,,,
8126464,0.01422830205410719,0.17974606156349182,0.008088572882115841,0.4000000059604645,0.07648787647485733,0.20880812406539917,52.528419494628906,0.000278427847661078,-65.05070495605469,,0.014299333095550537,
8192000,0.019978079944849014,0.1809699535369873,0.008143647573888302,0.4000000059604645,0.06760384142398834,0.25621020793914795,41.31028747558594,0.0009481025044806302,,,,
8257536,0.0658799558877945,0.20903727412223816,0.009406678378582,0.4000000059604645,0.09236528724431992,0.45630577206611633,12.900094985961914,0.0009127859375439584,,12.446965217590332,,0.7822265625
8323072,0.051428042352199554,0.6472423076629639,0.02912590280175209,0.4000000059604645,0.03506173938512802,0.7340969443321228,85.6776123046875,0.00030803930712863803,,,,
8388608,0.20222407579421997,0.3056384325027466,0.013753728941082954,0.4000000059604645,1.78578519821167,0.8353668451309204,0.24386489391326904,8.509782492183149e-05,,,,
8454144,0.10770320892333984,0.42613956332206726,0.01917628012597561,0.4000000059604645,0.132222518324852,0.301387220621109,0.2249102145433426,0.00016862079792190343,,,,
8519680,0.03862699493765831,0.26602575182914734,0.011971160769462585,0.4000000059604645,0.22489118576049805,0.8732219934463501,70.65569305419922,0.0006022473098710179,,,,
8585216,0.02461482584476471,0.18109183013439178,0.008149133063852787,0.4000000059604645,0.17494897544384003,1.3060585260391235,61.837890625,0.0007911019492894411,,,,
8650752,0.020297296345233917,0.24450720846652985,0.011002824641764164,0.4000000059604645,0.1608000546693802,0.7109240293502808,62.26373291015625,0.0006115026189945638,27.131105422973633,,0.7916666865348816,
8716288,0.10504867881536484,0.16965660452842712,0.0076345475390553474,0.4000000059604645,0.12981802225112915,0.29700252413749695,23.887195587158203,0.002732968656346202,,,,
8781824,0.1305619776248932,0.1516602635383606,0.006824711803346872,0.4000000059604645,0.1400742530822754,0.2575598955154419,0.28964900970458984,0.001163490116596222,,,,
8847360,0.12951475381851196,0.6240544319152832,0.028082450851798058,0.4000000059604645,0.11709623038768768,0.3533588647842407,1.3080077171325684,0.0003211037255823612,,,,
8912896,0.06651810556650162,0.40849435329437256,0.018382249400019646,0.4000000059604645,0.11644111573696136,0.4098614454269409,27.663658142089844,0.00013268107431940734,,,,
8978432,0.02007189765572548,0.318206250667572,0.0143192820250988,0.4000000059604645,0.10280480980873108,0.445376455783844,41.98798370361328,0.00015209120465442538,,,,
9043968,0.10003070533275604,0.21753764152526855,0.009789194911718369,0.4000000059604645,0.0740940049290657,0.3685723841190338,14.437271118164062,0.0009639675845392048,,,,
9109504,0.026038464158773422,0.16944794356822968,0.007625157944858074,0.4000000059604645,0.1470761001110077,0.541252613067627,62.189430236816406,0.0010051493300125003,,,,
9175040,0.03337597846984863,0.1711755394935608,0.007702899165451527,0.4000000059604645,0.16528356075286865,0.2819848954677582,61.70884323120117,0.0006686158594675362,-53.172645568847656,,0.01043643243610859,
9240576,0.04174536466598511,0.36853066086769104,0.0165838822722435,0.4000000059604645,0.11487814038991928,0.5390857458114624,40.1735725402832,0.0008227777434512973,,,,
9306112,0.027235547080636024,0.5848276615142822,0.02631724812090397,0.4000000059604645,0.13784775137901306,0.3985068202018738,44.511104583740234,0.0003477420541457832,,,,
9371648,0.19426508247852325,0.41314437985420227,0.0185915008187294,0.4000000059604645,0.12150553613901138,0.22121074795722961,0.17785222828388214,0.00020184676395729184,,,,
9437184,0.1445520669221878,0.21596062183380127,0.009718228131532669,0.4000000059604645,0.10288766026496887,0.2703101933002472,0.20486317574977875,0.0009261150844395161,,,,
9502720,0.1838693469762802,0.20002338290214539,0.009001052938401699,0.4000000059604645,0.10430710762739182,0.4295046925544739,0.21095390617847443,0.002108159940689802,,,,
9568256,0.1793823391199112,0.20244160294532776,0.009109873324632645,0.4000000059604645,0.09151436388492584,0.1894751489162445,0.17947712540626526,0.000528218224644661,,,,
9633792,0.1433352828025818,0.183571457862854,0.008260715752840042,0.4000000059604645,0.07451950013637543,0.15368761122226715,0.1273527890443802,0.0004800381720997393,,,,
9699328,0.11119165271520615,0.6201947927474976,0.02790876477956772,0.4000000059604645,0.10045638680458069,0.5553416013717651,0.18068388104438782,0.00044500574585981667,,,,
9764864,0.12996068596839905,0.25908365845680237,0.011658765375614166,0.4000000059604645,0.12102958559989929,0.4022946357727051,0.18483081459999084,0.00012878671986982226,,,,
9830400,0.1578240692615509,0.15018562972545624,0.0067583536729216576,0.4000000059604645,0.13894551992416382,0.2424938678741455,0.17963092029094696,0.00042123915045522153,-58.41572570800781,,0.00659133680164814,
9895936,0.13283109664916992,0.41703295707702637,0.018766483291983604,0.4000000059604645,0.10137568414211273,0.25979435443878174,0.19116368889808655,0.0015882749576121569,,16.656452178955078,,0.732421875
9961472,0.1454494744539261,0.7461094856262207,0.03357492759823799,0.39971327781677246,0.02880144864320755,0.5428603291511536,12.462258338928223,0.00028742433642037213,,,,
10027008,0.18753615021705627,0.3151959180831909,0.01418381743133068,0.39942654967308044,1.797202229499817,1.0440521240234375,2.478151798248291,7.716486288700253e-05,,,,
10092544,0.13115181028842926,0.3334541618824005,0.015005438588559628,0.3991398513317108,0.07062037289142609,0.22520440816879272,3.103240966796875,0.00013707483594771475,,,,
10158080,0.03802502527832985,0.448369562625885,0.020176630467176437,0.3988531231880188,0.18924985826015472,0.6131197810173035,72.5937728881836,0.0004428148386068642,,,,
10223616,0.10872900485992432,0.25012072920799255,0.011255433782935143,0.3985663950443268,0.13202819228172302,1.0161412954330444,1.5155521631240845,0.0006338141392916441,,,,
10289152,0.066374272108078,0.29335445165634155,0.013200953602790833,0.39827966690063477,0.13107040524482727,0.7096343040466309,33.43648147583008,0.000602955580689013,,,,
10354688,0.026547830551862717,0.38586610555648804,0.017363974824547768,0.39799296855926514,0.11419668793678284,0.47455498576164246,55.14936828613281,0.0029521326068788767,,,,
10420224,0.13972613215446472,0.23224946856498718,0.010451226495206356,0.3977062404155731,0.1017913818359375,0.23169730603694916,1.9817274808883667,0.0008662756881676614,11.384651184082031,,0.6031631827354431,
10485760,0.13698044419288635,0.6378618478775024,0.028703782707452774,0.3974195122718811,0.10339978337287903,0.5463090538978577,8.584830284118652,0.00026415992761030793,,,,
10551296,0.09038286656141281,0.9664208889007568,0.043488942086696625,0.3971328139305115,0.11052059382200241,0.812813401222229,14.213773727416992,0.00012253565364517272,,,,
10616832,0.038911059498786926,0.32473403215408325,0.014613030478358269,0.39684608578681946,0.09214139729738235,0.32059165835380554,38.690826416015625,0.00011626037303358316,,,,
10682368,0.06842948496341705,0.3345347046852112,0.015054063871502876,0.39655935764312744,0.07061292231082916,0.20314772427082062,28.203018188476562,0.00041252613300457597,,,,
10747904,0.07182766497135162,0.4292025566101074,0.01931411772966385,0.3962726294994354,0.11050179600715637,0.20613089203834534,44.59735870361328,0.0019285485614091158,,,,
10813440,0.18010291457176208,0.26999199390411377,0.012149638496339321,0.3959859311580658,0.2117278277873993,0.2729131579399109,0.35939091444015503,0.000795027066487819,,,,
10878976,0.1494329869747162,0.6280505061149597,0.028262274339795113,0.3956992030143738,0.191919207572937,0.2961084246635437,0.1924344152212143,0.00031630383455194533,,,,
10944512,0.17204686999320984,0.8497002124786377,0.038236506283283234,0.39541247487068176,0.16369573771953583,0.3350955545902252,0.30490657687187195,0.00018999142048414797,,,,
11010048,0.22737520933151245,0.39784130454063416,0.017902858555316925,0.39512574672698975,0.1467549204826355,0.46366679668426514,0.20992834866046906,0.00013322732411324978,,,,
11075584,0.2199822962284088,0.26097819209098816,0.011744019575417042,0.3948390483856201,0.1190938949584961,0.3279942274093628,0.1993010938167572,0.0006473836838267744,,,,
11141120,0.28242364525794983,0.20619288086891174,0.009278679266571999,0.3945523202419281,0.1431061327457428,0.3557722568511963,0.13192006945610046,0.0011861969251185656,,,,
11206656,0.3752262592315674,0.21982410550117493,0.009892086498439312,0.3942655920982361,0.12160586565732956,0.2994399666786194,0.22931577265262604,0.00042885285802185535,-53.053043365478516,,0.014164306223392487,
11272192,0.23100416362285614,0.18238678574562073,0.008207404986023903,0.39397889375686646,0.11284667253494263,0.21657021343708038,0.1825144737958908,0.0003521959879435599,,,,
11337728,0.19500893354415894,0.7007907032966614,0.03153558075428009,0.39369216561317444,0.12065384536981583,0.8852269649505615,0.1568201780319214,0.000330910348566249,,,,
11403264,0.15595099329948425,0.2871992588043213,0.012923967093229294,0.3934054374694824,0.1731959879398346,0.252199649810791,0.19783994555473328,9.189503907691687e-05,,,,
11468800,0.20148257911205292,0.22921402752399445,0.010314632207155228,0.3931187093257904,0.16570806503295898,0.2715870141983032,0.17237631976604462,0.00038579662214033306,,,,
11534336,0.25178587436676025,0.232468843460083,0.01046109851449728,0.3928320109844208,0.21771351993083954,0.4068119525909424,0.21700681746006012,0.0022893326822668314,,-2.0746023654937744,,0.5888671875
11599872,0.14867544174194336,0.7704846262931824,0.03467181324958801,0.39254528284072876,0.03763038292527199,1.0803589820861816,12.430704116821289,0.00023981780395843089,,,,
11665408,0.07176798582077026,0.3416200876235962,0.015372904017567635,0.39225855469703674,1.994908332824707,1.0723059177398682,85.05364990234375,7.505025860155001e-05,0.2433486431837082,,0.5957607626914978,
11730944,0.03642582893371582,0.46047523617744446,0.02072138711810112,0.3919718265533447,0.20267358422279358,0.3144044280052185,49.728858947753906,0.00017611993825994432,,,,
11796480,0.020275715738534927,0.424008846282959,0.019080400466918945,0.3916851282119751,0.4104636013507843,1.0690348148345947,63.281558990478516,0.0005580631550401449,,,,
11862016,0.06974775344133377,0.24130716919898987,0.010858822613954544,0.3913984000682831,0.2766909599304199,0.941806972026825,29.289836883544922,0.0008822974632494152,,,,
11927552,0.15308819711208344,0.1495625525712967,0.006730315741151571,0.39111167192459106,0.1403704732656479,0.4900835156440735,0.1865978240966797,0.0009104962227866054,,,,
11993088,0.13004286587238312,0.15859465301036835,0.00713675981387496,0.39082497358322144,0.1051727756857872,0.5240744948387146,1.5841774940490723,0.002408177126199007,,,,
12058624,0.0788268968462944,0.16072431206703186,0.00723259337246418,0.3905382454395294,0.23465487360954285,0.9598632454872131,53.69140625,0.0007243503932841122,,,,
12124160,0.06826793402433395,0.7447177767753601,0.03351229801774025,0.3902515172958374,0.20822568237781525,0.37556785345077515,57.04164505004883,0.00027477130061015487,,,,
12189696,0.13196277618408203,0.5553144216537476,0.02498915046453476,0.3899647891521454,0.2708236277103424,0.6275511980056763,1.3311715126037598,0.00011449393059592694,,,,
12255232,0.039438944309949875,0.4856541156768799,0.02185443602502346,0.38967809081077576,0.17616432905197144,0.4928848147392273,32.50288391113281,0.0001272624940611422,,,,
12320768,0.10970907658338547,0.2795126140117645,0.012578067369759083,0.38939136266708374,0.12598344683647156,0.33009815216064453,1.5477755069732666,0.0005452060140669346,,,,
12386304,0.09812065213918686,0.23554515838623047,0.010599532164633274,0.3891046345233917,0.15647557377815247,0.26481711864471436,1.4953235387802124,0.0007431462872773409,,,,
12451840,0.0663941279053688,0.1814848780632019,0.00816681981086731,0.3888179063796997,0.2576301693916321,0.8763654232025146,36.45500183105469,0.00042462971759960055,-60.75577926635742,,0.06666667014360428,
12517376,0.14256326854228973,0.6098306775093079,0.027442380785942078,0.3885312080383301,0.19666576385498047,0.36964598298072815,0.1823795884847641,0.0005257005104795098,,,,
12582912,0.13073495030403137,0.8905860185623169,0.040076375007629395,0.38824447989463806,0.20569796860218048,0.3145338296890259,1.0317254066467285,0.00022624274424742907,,,,
12648448,0.11226414889097214,0.5279555916786194,0.023758001625537872,0.38795775175094604,0.14515861868858337,0.387939989566803,1.996142864227295,0.00013371430395636708,,,,
12713984,0.16303186118602753,0.30505242943763733,0.013727359473705292,0.3876710534095764,0.09293322265148163,0.1562277376651764,0.2440633773803711,0.0003425560425966978,,,,
12779520,0.18153434991836548,0.2507329285144806,0.011282981373369694,0.3873843252658844,0.13323038816452026,0.2183472365140915,0.1552756279706955,0.001162240281701088,,,,
12845056,0.10058984160423279,0.21185079216957092,0.009533286094665527,0.3870975971221924,0.10840953141450882,0.3896065056324005,0.18224945664405823,0.00045536475954577327,,,,
12910592,0.12114349752664566,0.1968158632516861,0.008856713771820068,0.38681086897850037,0.09802471846342087,0.29033875465393066,1.3371756076812744,0.00029647446353919804,,,,
12976128,0.13179032504558563,0.7392691373825073,0.03326711058616638,0.38652417063713074,0.15146534144878387,0.4830833077430725,3.6985058784484863,0.0002166543563362211,,,,
13041664,0.05731930583715439,0.46817681193351746,0.02106795832514763,0.3862374424934387,0.1645849645137787,0.3111518919467926,40.38187789916992,8.112905925372615e-05,,,,
13107200,0.1467539519071579,0.2490372657775879,0.011206679046154022,0.3859507143497467,0.09196101129055023,0.18459036946296692,4.1172895431518555,0.00022642065596301109,,,,
13172736,0.09556537866592407,0.4963339567184448,0.022335030138492584,0.3856639862060547,0.061627767980098724,0.15605449676513672,0.21008896827697754,0.0013667484745383263,-77.20216369628906,11.521356582641602,0.008628955110907555,0.7001953125
13238272,0.18478140234947205,0.6739827394485474,0.030329225584864616,0.38537728786468506,0.08630923926830292,0.9120892882347107,19.94940757751465,0.00019117360352538526,,,,
13303808,0.1923324018716812,0.29990166425704956,0.01349557749927044,0.38509055972099304,1.4279537200927734,0.8085554242134094,5.160070896148682,6.0093898355262354e-05,,,,
13369344,0.040513522922992706,0.6116549968719482,0.027524475008249283,0.384803831577301,0.2770529091358185,0.6840373277664185,65.67190551757812,0.000136329690576531,,,,
13434880,0.11317282170057297,0.3975982964038849,0.01789192482829094,0.3845171332359314,0.21665239334106445,0.3374845087528229,34.63594436645508,0.0005088428733870387,,,,
13500416,0.08210001140832901,0.24427050352096558,0.010992174036800861,0.3842304050922394,0.15525296330451965,0.2907680869102478,0.1714911311864853,0.0006624688394367695,,,,
13565952,0.11994119733572006,0.37185463309288025,0.016733458265662193,0.38394367694854736,0.18518033623695374,1.078177571296692,10.575156211853027,0.0004493427986744791,,,,
13631488,0.1397714912891388,0.24175526201725006,0.010878987610340118,0.38365694880485535,0.1608128696680069,0.3769528269767761,24.216270446777344,0.000812424928881228,,,,
13697024,0.17869645357131958,0.3035939633846283,0.013661729171872139,0.3833702504634857,0.24600690603256226,0.6816384196281433,0.25658631324768066,0.0007528713322244585,5.404603958129883,,0.6063492298126221,
13762560,0.11592698842287064,1.1749297380447388,0.052871838212013245,0.3830835223197937,0.18705621361732483,0.317706823348999,14.332235336303711,0.000376254873117432,,,,
13828096,0.03571294620633125,0.5579593181610107,0.02510816976428032,0.3827967941761017,0.2273026704788208,0.7428280115127563,45.360191345214844,0.0001029598934110254,,,,
13893632,0.0686250627040863,0.4830807149410248,0.021738633513450623,0.38251006603240967,0.12919984757900238,0.16122205555438995,21.309356689453125,0.00017338628822471946,,,,
13959168,0.03993742913007736,0.4322167932987213,0.019449755549430847,0.38222336769104004,0.1005367636680603,0.33688387274742126,48.827735900878906,0.001294401939958334,,,,
14024704,0.07303737848997116,0.35667282342910767,0.016050275415182114,0.381936639547348,0.09415531158447266,0.6128032803535461,20.802291870117188,0.0008904538117349148,,,,
14090240,0.09685676544904709,0.2873357832431793,0.012930110096931458,0.381649911403656,0.11078329384326935,0.22965167462825775,14.131930351257324,0.00030918134143576026,,,,
14155776,0.0849413275718689,0.6214986443519592,0.027967441827058792,0.3813632130622864,0.09918003529310226,0.2985987365245819,11.107399940490723,0.0004958905046805739,,,,
14221312,0.09754343330860138,0.7185204029083252,0.03233342245221138,0.38107648491859436,0.20264944434165955,0.48886215686798096,21.06824493408203,0.00023814031737856567,,,,
14286848,0.04406473785638809,0.577242910861969,0.02597593329846859,0.38078975677490234,0.10484721511602402,0.18382510542869568,41.55021667480469,0.0001066994882421568,,,,
14352384,0.0524563267827034,0.3682871162891388,0.016572920605540276,0.3805030286312103,0.05840171501040459,0.13746312260627747,39.904319763183594,0.00023110548499971628,,,,
14417920,0.09496256709098816,0.3536157011985779,0.015912707895040512,0.3802163302898407,0.07229826599359512,0.1877213567495346,11.821094512939453,0.001016169786453247,,,,
14483456,0.09573671221733093,0.2451624870300293,0.01103231217712164,0.3799296021461487,0.05666360631585121,0.16899468004703522,3.525808095932007,0.0003962684131693095,,,,
14548992,0.13459186255931854,0.20722843706607819,0.009325280785560608,0.37964287400245667,0.07149302959442139,0.2306433618068695,1.4199000597000122,0.00028865464264526963,-74.75762176513672,,0.005479452200233936,
14614528,0.10567299276590347,0.9315162301063538,0.041918233036994934,0.37935614585876465,0.09902174025774002,0.1893073320388794,16.56662940979004,0.000248948868829757,,,,
14680064,0.08717858791351318,0.5433475375175476,0.024450641125440598,0.379069447517395,0.10633091628551483,0.14862222969532013,7.977686405181885,7.900635682744905e-05,,,,
14745600,0.14532890915870667,0.31141623854637146,0.014013729989528656,0.378782719373703,0.05861067399382591,0.44173508882522583,0.21269890666007996,0.00018122539040632546,,,,
14811136,0.13550876080989838,0.270225465297699,0.012160146608948708,0.378495991230011,0.05269576609134674,0.18633675575256348,0.1426842361688614,0.0009214342571794987,,15.001111030578613,,0.62890625
14876672,0.1262560486793518,0.6250922679901123,0.028129152953624725,0.37820929288864136,0.05750906467437744,0.7717851996421814,12.024202346801758,0.00018569169333204627,,,,
14942208,0.053102146834135056,0.24432747066020966,0.010994737036526203,0.37792256474494934,1.2920876741409302,1.0095406770706177,77.69281005859375,6.10829665674828e-05,,,,
15007744,0.03243353217840195,0.5573676228523254,0.025081541389226913,0.3776358366012573,0.2675301432609558,1.1289395093917847,69.17989349365234,0.0001103846516343765,,,,
15073280,0.03456651791930199,0.2689800560474396,0.012104104273021221,0.3773491084575653,0.273097962141037,0.6031761765480042,75.458251953125,0.0003771599440369755,,,,
15138816,0.16189917922019958,0.24301883578300476,0.010935848578810692,0.3770624101161957,0.15318655967712402,0.5044177174568176,3.9575448036193848,0.0004972247406840324,,,,
15204352,0.09564078599214554,0.16925674676895142,0.007616553455591202,0.37677568197250366,0.12191373109817505,0.24383415281772614,11.6997709274292,0.00038821296766400337,6.098069190979004,,0.5835567712783813,
15269888,0.08772513270378113,0.19558383524417877,0.008801272138953209,0.37648895382881165,0.08733226358890533,0.5566149950027466,43.015159606933594,0.0021400984842330217,,,,
15335424,0.10906466841697693,0.2375776320695877,0.010690994560718536,0.37620222568511963,0.13971352577209473,0.25643301010131836,11.673271179199219,0.0005102860159240663,,,,
15400960,0.13327589631080627,0.6911418437957764,0.03110138326883316,0.37591552734375,0.1193980723619461,0.23574191331863403,11.623945236206055,0.00015612386050634086,,,,
15466496,0.03891078010201454,0.4373947083950043,0.019682761281728745,0.375628799200058,0.11573751270771027,0.4118542969226837,26.209726333618164,7.231620111269876e-05,,,,
15532032,0.02895132638514042,0.3249300718307495,0.014621851965785027,0.37534207105636597,0.07963155210018158,0.1610228419303894,43.551334381103516,0.00016652990598231554,,,,
15597568,0.06344722211360931,0.2815292179584503,0.01266881637275219,0.37505537271499634,0.08832213282585144,0.31106826663017273,28.173721313476562,0.00067231833236292,,,,
15663104,0.0266912579536438,0.22174319624900818,0.009978444315493107,0.3747686445713043,0.15657904744148254,0.39143824577331543,54.48340606689453,0.0005317596369422972,,,,
15728640,0.09531321376562119,0.16158394515514374,0.007271277718245983,0.3744819164276123,0.1490878015756607,0.23939120769500732,25.456945419311523,0.00046405347529798746,,,,
15794176,0.055542945861816406,0.6387316584587097,0.028742926195263863,0.3741951882839203,0.14193031191825867,0.2149347960948944,42.388771057128906,0.0005345960962586105,,,,
15859712,0.032964400947093964,0.4737817645072937,0.021320179104804993,0.37390848994255066,0.1434607207775116,0.43721458315849304,51.505043029785156,0.00011675611312966794,,,,
15925248,0.030411746352910995,0.36917999386787415,0.016613099724054337,0.37362176179885864,0.10392861068248749,0.2212999165058136,47.22748565673828,0.00012014844105578959,-58.527740478515625,,0.008122744038701057,
15990784,0.094256192445755,0.20972365140914917,0.009437563829123974,0.3733350336551666,0.12805315852165222,0.26997631788253784,1.0771732330322266,0.0009426144533790648,,,,
16056320,0.04029054939746857,0.20737652480602264,0.009331944398581982,0.3730483055114746,0.11658161133527756,0.22553575038909912,39.459022521972656,0.0008667115471325815,,,,
16121856,0.02955530770123005,0.1486567109823227,0.006689552217721939,0.372761607170105,0.10050651431083679,0.544356107711792,43.134483337402344,0.00016298893024213612,,,,
16187392,0.04487798362970352,0.4879939556121826,0.021959729492664337,0.37247487902641296,0.09013046324253082,0.19665053486824036,50.652137756347656,0.00039616780122742057,,,,
16252928,0.03507092222571373,0.4287511706352234,0.019293805584311485,0.37218815088272095,0.10738690197467804,0.1844019889831543,51.177913665771484,0.00011705639190040529,,,,
16318464,0.04277520626783371,0.3653765916824341,0.016441944986581802,0.3719014525413513,0.10291996598243713,0.234287291765213,39.28935623168945,7.822902989573777e-05,,,,
16384000,0.0641799196600914,0.18616677820682526,0.008377505466341972,0.3716147243976593,0.10771674662828445,0.4086887240409851,24.790590286254883,0.0005817713099531829,,,,
16449536,0.06950671970844269,0.17356768250465393,0.007810546085238457,0.3713279962539673,0.09250317513942719,0.38753604888916016,9.819567680358887,0.0012520892778411508,,-2.3754429817199707,,0.5390625
16515072,0.12676408886909485,0.7418368458747864,0.033382657915353775,0.37104126811027527,0.0524369478225708,0.7779240012168884,37.58131408691406,0.00017938626115210354,,,,
16580608,0.19873666763305664,0.23975352942943573,0.010788909159600735,0.37075456976890564,1.4246582984924316,1.0415124893188477,2.237542152404785,6.481988384621218e-05,-17.53723907470703,,0.41527003049850464,
16646144,0.03786568343639374,0.46260687708854675,0.020817309617996216,0.3704678416252136,0.1640123426914215,0.505326509475708,67.82251739501953,0.00010727705375757068,,,,
16711680,0.04834405705332756,0.22453664243221283,0.010104150511324406,0.3701811134815216,0.29834961891174316,1.701717495918274,75.25653839111328,0.00036515871761366725,,,,
16777216,0.1729622781276703,0.22809015214443207,0.010264057666063309,0.3698943853378296,0.14583386480808258,0.39425086975097656,0.2150779515504837,0.0006102710030972958,,,,
16842752,0.13620762526988983,0.16488894820213318,0.007420002948492765,0.36960768699645996,0.14401230216026306,0.3134671449661255,0.09783568978309631,0.00038291391683742404,,,,
16908288,0.15401847660541534,0.20579686760902405,0.009260859340429306,0.36932095885276794,0.12311212718486786,0.41302797198295593,0.17618125677108765,0.0013121499214321375,,,,
16973824,0.13392823934555054,0.2229103446006775,0.010030965320765972,0.3690342307090759,0.14078986644744873,0.8425164818763733,0.2841596305370331,0.0002869142626877874,,,,
17039360,0.1280394047498703,0.49904578924179077,0.0224570594727993,0.3687475323677063,0.1554429680109024,0.24022579193115234,0.1557561308145523,9.528553346171975e-05,,,,
17104896,0.04395584017038345,0.4190349280834198,0.018856573849916458,0.3684608042240143,0.16510650515556335,0.23670324683189392,45.12409973144531,5.857660653418861e-05,,,,
17170432,0.02516922913491726,0.21820876002311707,0.009819394908845425,0.36817407608032227,0.10324189066886902,0.17098039388656616,47.47817611694336,0.00016907509416341782,,,,
17235968,0.019627850502729416,0.21507638692855835,0.009678438305854797,0.36788734793663025,0.11344274878501892,0.2517286241054535,55.64950942993164,0.0005776946782134473,,,,
17301504,0.017101407051086426,0.1425534188747406,0.0064149037934839725,0.3676006495952606,0.21351709961891174,0.2088194489479065,56.27671813964844,0.00023633067030459642,,,,
17367040,0.1504596471786499,0.14725856482982635,0.0066266353242099285,0.3673139214515686,0.18544134497642517,0.6498796939849854,5.230565071105957,0.0003577872412279248,-59.93231964111328,,0.027633851394057274,
17432576,0.15499015152454376,0.6648452281951904,0.029918037354946136,0.3670271933078766,0.1695275604724884,0.6082966923713684,1.86527419090271,0.0003666332340799272,,,,
17498112,0.03880683332681656,0.476862370967865,0.021458810195326805,0.36674046516418457,0.15495434403419495,0.6492164731025696,44.74787521362305,9.364011202706024e-05,,,,
17563648,0.03086640127003193,0.37212705612182617,0.01674572005867958,0.36645376682281494,0.10579568147659302,0.17386090755462646,48.279361724853516,9.983844211092219e-05,,,,
17629184,0.09787942469120026,0.28090909123420715,0.012640908360481262,0.3661670386791229,0.11464489251375198,0.19498002529144287,1.1443649530410767,0.0007883151993155479,,,,
17694720,0.08512604236602783,0.2258639931678772,0.01016388088464737,0.3658803105354309,0.10616861283779144,0.1905728578567505,4.755390167236328,0.0006411210051737726,,,,
17760256,0.04153697192668915,0.15065117180347443,0.006779302842915058,0.3655936121940613,0.0964592769742012,0.2547021806240082,41.091041564941406,0.00012630280980374664,,,,
17825792,0.14236381649971008,0.6307724714279175,0.02838476002216339,0.36530688405036926,0.07501649856567383,0.18693864345550537,1.508354663848877,0.0002583869791124016,,,,
17891328,0.035939112305641174,0.4707466959953308,0.021183602511882782,0.36502015590667725,0.11880578100681305,0.17040866613388062,40.75166702270508,8.266847726190463e-05,,,,
17956864,0.03624626621603966,0.31488481163978577,0.014169815927743912,0.36473342776298523,0.09607584774494171,0.11437737196683884,39.59894561767578,9.456628322368488e-05,,,,
18022400,0.022388609126210213,0.1561841368675232,0.007028286810964346,0.3644467294216156,0.07995331287384033,0.18550366163253784,36.25303649902344,0.0008591228979639709,,,,
18087936,0.036114368587732315,0.21118202805519104,0.009503191336989403,0.3641600012779236,0.0624411404132843,0.5114722847938538,30.705671310424805,0.0009186239331029356,,-6.659809589385986,,0.458984375
18153472,0.05340799316763878,0.8197195529937744,0.036887381225824356,0.36387327313423157,0.15044407546520233,1.6373182535171509,84.22625732421875,0.00018190134142059833,,,,
18219008,0.044419802725315094,0.22946661710739136,0.010325998067855835,0.36358657479286194,1.0303089618682861,0.5133443474769592,75.16868591308594,5.7791978179011494e-05,-21.904630661010742,,0.40707436203956604,
18284544,0.02785632200539112,0.4937203824520111,0.022217418998479843,0.3632998466491699,0.1824473738670349,0.36373260617256165,52.707069396972656,9.704664989840239e-05,,,,
18350080,0.12680745124816895,0.3892727196216583,0.017517272382974625,0.3630131185054779,0.3511362671852112,0.6697750687599182,25.79068374633789,0.0002981567522510886,,,,
18415616,0.10404998809099197,0.2291756570339203,0.010312904603779316,0.3627263903617859,0.1974366009235382,0.31615957617759705,21.80539321899414,0.000540106266271323,,,,
18481152,0.1562177985906601,0.1595863401889801,0.007181385066360235,0.36243969202041626,0.12723799049854279,0.1866326928138733,1.203442096710205,0.0005701443878933787,,,,
18546688,0.13238409161567688,0.20055055618286133,0.00902477465569973,0.36215296387672424,0.08903133124113083,0.16248424351215363,4.420102119445801,0.0021755362395197153,,,,
18612224,0.04609754681587219,0.1543496549129486,0.006945735774934292,0.3618662357330322,0.09969305247068405,0.4831816554069519,50.0867805480957,0.00033377643558196723,,,,
18677760,0.0336393304169178,0.6578666567802429,0.029603999108076096,0.3615795075893402,0.0767233744263649,0.17058785259723663,40.920265197753906,0.0001004950754577294,,,,
18743296,0.0841648131608963,0.35952457785606384,0.01617860607802868,0.3612928092479706,0.12206145375967026,0.22087819874286652,8.027750968933105,4.68580074084457e-05,,,,
18808832,0.13096213340759277,0.21031346917152405,0.009464106522500515,0.36100608110427856,0.07769514620304108,0.14206840097904205,8.894123077392578,0.000209362871828489,,,,
18874368,0.01880597323179245,0.21987929940223694,0.009894568473100662,0.36071935296058655,0.09410727024078369,0.4154672920703888,45.39973831176758,0.0011406990233808756,,,,
18939904,0.027716638520359993,0.16854463517665863,0.007584508042782545,0.3604326546192169,0.1470748782157898,0.17614732682704926,54.49102783203125,0.00029239460127428174,,,,
19005440,0.12085135281085968,0.22473135590553284,0.010112909600138664,0.3601459264755249,0.13836389780044556,0.23798859119415283,0.21310919523239136,0.0002650224487297237,-57.2049560546875,,0.03240324184298515,
19070976,0.14536267518997192,0.5355707406997681,0.024100681766867638,0.3598591983318329,0.17121101915836334,0.21623310446739197,0.21912524104118347,0.00033576006535440683,,,,
19136512,0.10334356129169464,0.5071194767951965,0.022820375859737396,0.35957247018814087,0.17740225791931152,0.2028864324092865,1.2984340190887451,6.46842599962838e-05,,,,
19202048,0.10585212707519531,0.47540485858917236,0.021393220871686935,0.35928577184677124,0.08900661766529083,0.16485729813575745,1.2525410652160645,9.054325346369296e-05,,,,
19267584,0.04374454542994499,0.40197861194610596,0.018089039251208305,0.3589990437030792,0.06752224266529083,0.18508502840995789,39.90751647949219,0.0005970750353299081,,,,
19333120,0.022448569536209106,0.26880788803100586,0.012096353806555271,0.3587123155593872,0.0945284366607666,0.19408386945724487,41.352455139160156,0.000478569942060858,,,,
19398656,0.030974211171269417,0.22869309782981873,0.010291189886629581,0.3584255874156952,0.08980488032102585,0.4342133402824402,37.41618728637695,0.0001294191461056471,,,,
19464192,0.05157680809497833,0.520561695098877,0.023425277322530746,0.35813888907432556,0.06882429122924805,0.1830349862575531,26.802913665771484,0.00015135326248127967,,,,
19529728,0.03537626937031746,0.38055333495140076,0.017124900594353676,0.35785216093063354,0.11456596851348877,0.18643087148666382,32.57138442993164,6.148467946331948e-05,,,,
19595264,0.12118711322546005,0.29186195135116577,0.013133788481354713,0.35756543278694153,0.06159180402755737,0.15363702178001404,1.4499433040618896,0.000258291547652334,,,,
19660800,0.05179554224014282,0.26891836524009705,0.012101326137781143,0.3572787344455719,0.07047045230865479,0.6487235426902771,32.68573760986328,0.0014790263958275318,,,,
19726336,0.1081305593252182,0.20972475409507751,0.009437614120543003,0.3569920063018799,0.05925396829843521,0.1868080049753189,1.0064465999603271,0.0009388452162966132,,-3.6781771183013916,,0.42578125
19791872,0.1809988170862198,0.858330488204956,0.038624875247478485,0.35670527815818787,0.0938245952129364,0.7409000992774963,10.017241477966309,0.00017502496484667063,,,,
19857408,0.03919656202197075,0.3268410265445709,0.014707845635712147,0.35641855001449585,1.075727939605713,0.5428311228752136,57.7777214050293,4.732458182843402e-05,-14.624173164367676,,0.4288288354873657,
19922944,0.02453085221350193,0.3981620669364929,0.017917294055223465,0.3561318516731262,0.13258865475654602,0.492913156747818,62.60319519042969,0.00012381773558445275,,,,
19988480,0.027546139433979988,0.5125055313110352,0.023062750697135925,0.3558451235294342,0.1709170788526535,0.8472505211830139,61.56180191040039,0.00032541248947381973,,,,
20054016,0.10772550106048584,0.3521559536457062,0.015847019851207733,0.3555583953857422,0.09745839238166809,0.30737435817718506,1.3235375881195068,0.0006223252275958657,,,,
20119552,0.017850201576948166,0.20723068714141846,0.009325382299721241,0.35527166724205017,0.08352197706699371,0.22295035421848297,43.493194580078125,0.0008794890018180013,,,,
20185088,0.0185202956199646,0.20787324011325836,0.009354296140372753,0.35498496890068054,0.061955567449331284,0.24456560611724854,43.29019546508789,0.004185614176094532,,,,
20250624,0.02910476364195347,0.16469058394432068,0.007411076687276363,0.3546982407569885,0.047128885984420776,0.14027613401412964,44.98219299316406,0.0005321225617080927,,,,
20316160,0.021847136318683624,0.7050439119338989,0.03172697871923447,0.3544115126132965,0.03189525008201599,0.2844671607017517,39.4205322265625,0.00010584685514913872,,,,
20381696,0.08488643169403076,0.43056195974349976,0.019375286996364594,0.3541248142719269,0.05319435894489288,0.5781957507133484,10.427955627441406,5.3531995945377275e-05,,,,
20447232,0.029412638396024704,0.19288231432437897,0.008679705671966076,0.35383808612823486,0.04165942966938019,0.18907500803470612,46.978050231933594,0.00032537191873416305,,,,
20512768,0.014780276454985142,0.20951685309410095,0.009428258053958416,0.35355135798454285,0.03435073047876358,0.1636781096458435,34.02613830566406,0.0020129894837737083,,,,
20578304,0.02535264939069748,0.16012108325958252,0.007205449044704437,0.35326462984085083,0.04518352448940277,0.4338492751121521,43.178436279296875,0.0005323543446138501,-41.46995162963867,,0.030461270362138748,
20643840,0.017744963988661766,0.13225485384464264,0.005951467901468277,0.3529779314994812,0.04082701727747917,0.2487601488828659,45.29500198364258,0.0004196464142296463,,,,
20709376,0.029729479923844337,0.6173809766769409,0.027782142162322998,0.3526912033557892,0.02752738818526268,0.12186262011528015,50.969810485839844,0.0006194927846081555,,,,
20774912,0.01854211650788784,0.3726508617401123,0.01676928997039795,0.35240447521209717,0.058245718479156494,0.1792927384376526,31.22509765625,5.5721622629789636e-05,,,,
20840448,0.07631824165582657,0.26060250401496887,0.011727113276720047,0.35211774706840515,0.046440839767456055,0.4083803594112396,25.192840576171875,0.00013805291382595897,,,,
20905984,0.01842312701046467,0.20188353955745697,0.009084760211408138,0.3518310487270355,0.06034081056714058,0.23399023711681366,30.64385414123535,0.0012550626415759325,,,,
20971520,0.020681411027908325,0.17453333735466003,0.007854001596570015,0.3515443205833435,0.0655624121427536,0.24776045978069305,32.8105354309082,0.0006264156545512378,,,,
21037056,0.025896642357110977,0.1543414294719696,0.006945364642888308,0.3512575924396515,0.05709973722696304,0.7730715870857239,37.70027160644531,0.0001558278308948502,,,,
21102592,0.12006136775016785,0.7381471395492554,0.03321662172675133,0.35097089409828186,0.04721079394221306,0.16773933172225952,1.1527585983276367,0.000325874105328694,,,,
21168128,0.023090122267603874,0.48664289712905884,0.02189892902970314,0.35068416595458984,0.05893630534410477,0.22454987466335297,39.65843200683594,6.497046706499532e-05,,,,
21233664,0.02392246015369892,0.3019219934940338,0.013586489483714104,0.3503974378108978,0.046386588364839554,0.12481649219989777,48.534915924072266,0.00015684394747950137,,,,
21299200,0.04006951302289963,0.2205289602279663,0.009923802688717842,0.3501107096672058,0.04841633886098862,0.1380418837070465,18.228178024291992,0.0016913877334445715,,,,
21364736,0.03784339502453804,0.20837801694869995,0.0093770120292902,0.3498240113258362,0.04741732403635979,0.22923675179481506,31.451332092285156,0.0012609700206667185,-42.133602142333984,2.985269784927368,0.013346044346690178,0.412109375
21430272,0.15735703706741333,0.9809197187423706,0.044141389429569244,0.34953728318214417,0.125796377658844,1.3826167583465576,24.29190444946289,0.00016388692893087864,,,,
21495808,0.027570318430662155,0.32426461577415466,0.014591909013688564,0.34925055503845215,0.740960955619812,0.37373852729797363,51.487701416015625,4.264382005203515e-05,,,,
21561344,0.018179597333073616,0.4690020978450775,0.021105095744132996,0.34896382689476013,0.07032942771911621,0.3999026417732239,46.4372673034668,9.383832366438583e-05,,,,
21626880,0.03034893050789833,0.5174764394760132,0.02328643947839737,0.3486771285533905,0.11762060970067978,0.31179720163345337,43.69375991821289,0.00029691745294258,,,,
21692416,0.025796672329306602,0.4283077120780945,0.019273847341537476,0.3483904004096985,0.10465367138385773,0.6304712295532227,41.030662536621094,0.0006151177803985775,,,,
21757952,0.02615358866751194,0.22937273979187012,0.010321772657334805,0.34810367226600647,0.029399830847978592,0.14464594423770905,52.31577682495117,0.0011928119929507375,,,,
21823488,0.016595758497714996,0.22323007881641388,0.010045354254543781,0.34781697392463684,0.01278984546661377,0.10251319408416748,47.32540512084961,0.005951280239969492,,,,
21889024,0.03293580934405327,0.1600639522075653,0.007202878128737211,0.3475302457809448,0.035574495792388916,0.12400872260332108,41.68804931640625,0.0006511782412417233,3.9589035511016846,,0.4834156632423401,
21954560,0.024358415976166725,0.772871732711792,0.03477923199534416,0.3472435176372528,0.029069464653730392,0.1373395323753357,37.123756408691406,0.00013481517089530826,,,,
22020096,0.02236943133175373,0.3745029866695404,0.016852635890245438,0.3469567894935608,0.050121888518333435,0.15952810645103455,31.903608322143555,4.999679731554352e-05,,,,
22085632,0.021293360739946365,0.2354104071855545,0.010593469254672527,0.34667009115219116,0.037200212478637695,0.1478952169418335,52.49546813964844,0.00020915892673656344,,,,
22151168,0.0161197017878294,0.29593145847320557,0.013316914439201355,0.34638336300849915,0.026028767228126526,0.1665342003107071,36.161991119384766,0.0014405731344595551,,,,
22216704,0.011464644223451614,0.20355157554149628,0.009159821085631847,0.34609663486480713,0.06806163489818573,0.8947945833206177,35.7705192565918,0.0003349272010382265,,,,
22282240,0.018036309629678726,0.1640850454568863,0.007383828051388264,0.3458099067211151,0.07808764278888702,0.26698076725006104,44.717079162597656,0.00032952390029095113,,,,
22347776,0.014892617240548134,0.40774863958358765,0.018348688259720802,0.3455232083797455,0.05205303058028221,0.22079256176948547,36.932682037353516,0.0008598370477557182,,,,
22413312,0.011742142960429192,0.49418357014656067,0.022238261997699738,0.34523648023605347,0.06093226373195648,0.13553547859191895,29.857017517089844,7.732395897619426e-05,,,,
22478848,0.10964386910200119,0.3405633270740509,0.015325350686907768,0.34494975209236145,0.06027919054031372,0.2129286229610443,1.3587720394134521,7.128620927687734e-05,,,,
22544384,0.012432842515408993,0.2278626561164856,0.010253820568323135,0.3446630537509918,0.0439470075070858,0.8006033897399902,35.89090347290039,0.000616489676758647,,,,
22609920,0.020871639251708984,0.17349936068058014,0.007807470858097076,0.3443763256072998,0.042684197425842285,0.1697576344013214,40.91685104370117,0.001006514299660921,,,,
22675456,0.030807897448539734,0.15750131011009216,0.007087559439241886,0.3440895974636078,0.041385896503925323,0.28226983547210693,48.00237274169922,0.00017525255680084229,-38.68450164794922,,0.021276596933603287,
22740992,0.026984142139554024,0.3470792770385742,0.015618566423654556,0.34380286931991577,0.033331356942653656,0.18204033374786377,34.379066467285156,0.0003205220273230225,,,,
22806528,0.032267142087221146,0.5542974472045898,0.024943385273218155,0.34351617097854614,0.055460914969444275,0.18481454253196716,30.43621253967285,0.00010399511666037142,,,,
22872064,0.03150161728262901,0.5066409111022949,0.022798843681812286,0.3432294428348541,0.0715220719575882,0.2851305603981018,30.50438117980957,5.878087904420681e-05,,,,
22937600,0.013036222197115421,0.2107715755701065,0.009484721347689629,0.3429427146911621,0.03890041261911392,0.2577138841152191,39.85699462890625,0.0007880855118855834,,,,
23003136,0.01674816943705082,0.19410069286823273,0.008734531700611115,0.3426559865474701,0.044043589383363724,0.1512725055217743,29.340103149414062,0.0024543260224163532,,-8.513710975646973,,0.267578125
23068672,0.19080831110477448,1.4108840227127075,0.06348977982997894,0.34236928820610046,0.1918046623468399,1.0694085359573364,4.27584981918335,0.00015108160732779652,,,,
23134208,0.05107196792960167,0.36523038148880005,0.016435367986559868,0.34208256006240845,0.5557574033737183,0.494667649269104,50.99187088012695,4.1152441554004326e-05,,,,
23199744,0.01988828554749489,0.3844691216945648,0.017301110550761223,0.34179583191871643,0.1084802895784378,0.3931780457496643,43.434913635253906,0.000129298452520743,,,,
23265280,0.01792771741747856,0.6954197287559509,0.03129388764500618,0.3415091335773468,0.07789552211761475,0.185336634516716,31.69942283630371,0.00039622318581677973,11.896734237670898,,0.5735151171684265,
23330816,0.013769751414656639,0.5784906148910522,0.02603207714855671,0.3412224054336548,0.08022867143154144,0.15071167051792145,29.547256469726562,0.0008783391094766557,,,,
23396352,0.010336325503885746,0.178729847073555,0.008042844012379646,0.34093567728996277,0.0735783576965332,0.20141132175922394,35.45795440673828,0.001283340505324304,,,,
23461888,0.008810142986476421,0.15694180130958557,0.007062382064759731,0.34064894914627075,0.02969251200556755,0.20813825726509094,37.73468017578125,0.006119256839156151,,,,
23527424,0.015968814492225647,0.14125896990299225,0.00635665375739336,0.3403622508049011,0.03115641511976719,0.13860160112380981,45.28670883178711,0.0007243896252475679,,,,
23592960,0.011930923908948898,0.9315916895866394,0.04192163050174713,0.3400755226612091,0.018808934837579727,0.10762742161750793,27.994245529174805,0.00012819451512768865,,,,
23658496,0.019880106672644615,0.45549455285072327,0.020497256889939308,0.3397887945175171,0.0418245792388916,0.1986672580242157,34.729331970214844,6.0369158745743334e-05,,,,
23724032,0.013999998569488525,0.20167045295238495,0.009075170382857323,0.3395020663738251,0.04003721475601196,0.1273893564939499,33.196205139160156,0.0002352325536776334,,,,
23789568,0.00935817789286375,0.2078748494386673,0.009354367852210999,0.33921536803245544,0.03672007471323013,0.4795006513595581,34.10081100463867,0.0013490195851773024,-30.53936767578125,,0.0361216738820076,
23855104,0.010474545881152153,0.14378201961517334,0.006470190826803446,0.3389286398887634,0.04294690489768982,0.12190209329128265,30.356300354003906,0.000355779193341732,,,,
23920640,0.008615940809249878,0.13193386793136597,0.00593702495098114,0.3386419117450714,0.04377451911568642,0.37151896953582764,32.93586730957031,0.0003863043966703117,,,,
23986176,0.02287508174777031,0.6035114526748657,0.027158016338944435,0.3383552134037018,0.03503527492284775,0.15681737661361694,35.86836624145508,0.0012139254249632359,,,,
24051712,0.024451613426208496,0.494732528924942,0.02226296253502369,0.33806848526000977,0.06474539637565613,0.22946755588054657,39.22998046875,9.441541624255478e-05,,,,
24117248,0.02177489548921585,0.27102020382881165,0.012195908464491367,0.33778175711631775,0.06520914286375046,0.21339258551597595,37.405784606933594,8.100343256955966e-05,,,,
24182784,0.02636689692735672,0.18457765877246857,0.008305994793772697,0.33749502897262573,0.08521026372909546,0.38277631998062134,36.98673629760742,0.0006262931856326759,,,,
24248320,0.009795106947422028,0.17446380853652954,0.007850871421396732,0.3372083306312561,0.07235846668481827,0.3211188018321991,31.64829444885254,0.0004899690975435078,,,,
24313856,0.009781569242477417,0.15099979937076569,0.006794990971684456,0.3369216024875641,0.10886531323194504,0.9112274050712585,31.29876708984375,9.865071478998289e-05,,,,
24379392,0.022576086223125458,0.49629300832748413,0.022333186119794846,0.33663487434387207,0.08628132939338684,0.3323884904384613,35.722068786621094,0.000498255540151149,,,,
24444928,0.02079649828374386,0.4847930073738098,0.02181568741798401,0.33634814620018005,0.0814807116985321,0.22709010541439056,38.15507888793945,0.0002054896904155612,,,,
24510464,0.017261872068047523,0.2988303303718567,0.01344736572355032,0.3360614478588104,0.03559707850217819,0.12424279004335403,37.29206466674805,6.056042911950499e-05,,,,
24576000,0.01288863830268383,0.19863498210906982,0.008938574232161045,0.3357747197151184,0.06715774536132812,0.13275322318077087,33.60384750366211,0.00036559702130034566,,,,
24641536,0.01538081280887127,0.1925324946641922,0.008663962595164776,0.3354879915714264,0.055077310651540756,0.25124186277389526,26.693599700927734,0.0012233186280354857,,-13.868417739868164,,0.20703125
24707072,0.1978154480457306,1.6627508401870728,0.0748237892985344,0.33520129323005676,0.14774049818515778,1.1466151475906372,4.259350299835205,0.00015005102613940835,,,,
24772608,0.050350602716207504,0.49382856488227844,0.022222284227609634,0.33491456508636475,0.5025381445884705,0.34131112694740295,52.67813491821289,4.504519893089309e-05,-12.11137866973877,,0.3326626420021057,
24838144,0.021571287885308266,0.35181522369384766,0.015831684693694115,0.33462783694267273,0.12535572052001953,0.5321156978607178,48.09705352783203,0.00014920326066203415,,,,
24903680,0.010498663410544395,0.6552562713623047,0.029486531391739845,0.3343411087989807,0.046370021998882294,0.16242048144340515,32.42303466796875,0.0004169515159446746,,,,
24969216,0.008826574310660362,0.4855206608772278,0.02184843271970749,0.3340544104576111,0.05613132566213608,0.22867654263973236,26.27899932861328,0.0009364075376652181,,,,
25034752,0.011206062510609627,0.15064609050750732,0.006779073737561703,0.33376768231391907,0.10456450283527374,0.17835469543933868,39.76618576049805,0.001226774649694562,,,,
25100288,0.015405518934130669,0.16202953457832336,0.007291329558938742,0.33348095417022705,0.027803655713796616,0.14980609714984894,44.75572967529297,0.004850237630307674,,,,
25165824,0.015592915937304497,0.14565160870552063,0.006554322317242622,0.33319422602653503,0.03319820761680603,0.14054541289806366,29.62650489807129,0.0005694018909707665,,,,
25231360,0.014301367104053497,0.9670071005821228,0.04351532459259033,0.3329075276851654,0.01808350533246994,0.14826896786689758,30.013364791870117,0.0001177477024612017,,,,
25296896,0.008394512347877026,0.47431761026382446,0.021344294771552086,0.3326207995414734,0.0487065464258194,0.13316836953163147,24.685955047607422,5.1122849981766194e-05,,,,
25362432,0.011530362069606781,0.2141459733247757,0.009636569768190384,0.33233407139778137,0.046187885105609894,0.14956159889698029,36.60896301269531,0.0001673066581133753,-28.056259155273438,,0.05576208233833313,
25427968,0.014652352780103683,0.1774212121963501,0.00798395462334156,0.33204737305641174,0.04546535760164261,0.13420116901397705,31.71909523010254,0.0009844338055700064,,,,
25493504,0.008732329122722149,0.1426035761833191,0.006417160853743553,0.3317606449127197,0.051256902515888214,0.1418197900056839,29.224666595458984,0.0004965899279341102,,,,
25559040,0.012087810784578323,0.1292775273323059,0.005817488767206669,0.3314739167690277,0.045443564653396606,0.14826437830924988,33.385894775390625,0.0005066543235443532,,,,
25624576,0.01177231501787901,0.690536618232727,0.031074151396751404,0.3311871886253357,0.044992588460445404,0.20040394365787506,28.76551055908203,0.0010122007224708796,,,,
25690112,0.010122442618012428,0.381009042263031,0.01714540831744671,0.33090049028396606,0.07316288352012634,0.16317540407180786,25.657243728637695,6.062318789190613e-05,,,,
25755648,0.015274100936949253,0.2145628184080124,0.009655328467488289,0.33061376214027405,0.07735961675643921,0.2174573391675949,36.10634994506836,0.00012949114898219705,,,,
25821184,0.013717027381062508,0.16875387728214264,0.007593924645334482,0.33032703399658203,0.10956400632858276,0.326943039894104,26.972026824951172,0.0006809196202084422,,,,
25886720,0.014375770464539528,0.1571856141090393,0.007073352579027414,0.33004030585289,0.0966373160481453,0.2287566214799881,26.272401809692383,0.00045235134894028306,,,,
25952256,0.012592151761054993,0.13495640456676483,0.0060730380937457085,0.3297536075115204,0.08943071961402893,0.31580018997192383,28.590620040893555,0.00015456374967470765,,,,
26017792,0.012601383961737156,0.559677243232727,0.025185476988554,0.32946687936782837,0.07918740808963776,0.3790633976459503,31.814510345458984,0.0006419126875698566,,,,
26083328,0.016047490760684013,0.6180170178413391,0.02781076543033123,0.32918015122413635,0.09016087651252747,0.19870886206626892,27.332340240478516,0.0001404000213369727,,,,
26148864,0.013003740459680557,0.3529370427131653,0.01588216796517372,0.3288934528827667,0.057691797614097595,0.39964088797569275,28.7626953125,5.5812102800700814e-05,,,,
26214400,0.011662205681204796,0.1943480670452118,0.008745664730668068,0.3286067247390747,0.08347424119710922,0.19496306777000427,28.330921173095703,0.0009430626523680985,-42.07006072998047,,0.008028545416891575,
26279936,0.013499045744538307,0.18338628113269806,0.008252382278442383,0.3283199965953827,0.09363283216953278,0.20726411044597626,24.254919052124023,0.0019312129588797688,,-18.81874656677246,,0.169921875
26345472,0.1429981142282486,2.0471367835998535,0.09212115406990051,0.3280332684516907,0.11765410751104355,0.8382346630096436,28.260316848754883,0.00014161448052618653,,,,
26411008,0.18418455123901367,0.4594265818595886,0.020674197003245354,0.32774657011032104,0.6312218904495239,0.34871169924736023,4.026644229888916,4.217387686367147e-05,,,,
26476544,0.0152580626308918,0.3554058372974396,0.015993261709809303,0.32745984196662903,0.09349975734949112,0.2334306538105011,41.501277923583984,0.00013691782078240067,,,,
26542080,0.009757171384990215,0.5913214683532715,0.026609469205141068,0.327173113822937,0.06644393503665924,0.4288119971752167,30.275890350341797,0.00040897473809309304,,,,
26607616,0.01337997242808342,0.6764253973960876,0.030439145863056183,0.326886385679245,0.04693269357085228,0.4213332235813141,24.934864044189453,0.0012449010973796248,,,,
26673152,0.021110009402036667,0.18959690630435944,0.008531861007213593,0.32659968733787537,0.14791777729988098,0.5862789750099182,39.12337875366211,0.000815254112239927,,,,
26738688,0.021061424165964127,0.12024695426225662,0.005411112681031227,0.32631295919418335,0.03150518983602524,0.1438993513584137,43.11962890625,0.002628762973472476,0.998065173625946,,0.4252100884914398,
26804224,0.012246302329003811,0.13415272533893585,0.00603687297552824,0.32602623105049133,0.01573270559310913,0.11020947247743607,35.86359786987305,0.0006465133628807962,,,,
26869760,0.013201446272432804,0.8196436166763306,0.036883965134620667,0.3257395327091217,0.029536429792642593,0.12818020582199097,27.327102661132812,0.00014749038382433355,,,,
26935296,0.012694101780653,0.48589327931404114,0.021865198388695717,0.3254528045654297,0.046147409826517105,0.14686134457588196,32.32231521606445,5.3954288887325674e-05,,,,
27000832,0.019025899469852448,0.1785317063331604,0.008033926598727703,0.32516607642173767,0.04462993144989014,0.1703217476606369,37.06022262573242,0.00025372905656695366,,,,
27066368,0.012459792196750641,0.1768895387649536,0.007960029877722263,0.32487934827804565,0.0673910453915596,0.284021258354187,28.620723724365234,0.0014777658507227898,,,,
27131904,0.009204424917697906,0.14861109852790833,0.006687499582767487,0.324592649936676,0.08030155301094055,0.21070364117622375,22.374330520629883,0.0005930227926000953,,,,
27197440,0.0074283103458583355,0.14497821033000946,0.006524020805954933,0.324305921792984,0.058001138269901276,0.1863333135843277,24.45688819885254,0.0005483555723913014,,,,
27262976,0.01048010028898716,0.5000653266906738,0.022502940148115158,0.324019193649292,0.05151571333408356,0.12569931149482727,29.46281623840332,0.0006380981649272144,,,,
27328512,0.008635582402348518,0.2144516557455063,0.009650323539972305,0.3237324655056,0.10089937597513199,0.16011062264442444,28.446495056152344,6.292723992373794e-05,,,,
27394048,0.00864817388355732,0.16295218467712402,0.007332848850637674,0.32344576716423035,0.10578550398349762,1.0458037853240967,27.197359085083008,0.00012415529636200517,,,,
27459584,0.0059680575504899025,0.13636144995689392,0.006136265583336353,0.32315903902053833,0.09818275272846222,0.20858275890350342,23.664306640625,0.0004567165451589972,-35.69732666015625,,0.010978956706821918,
27525120,0.0077390288934111595,0.14162728190422058,0.0063732280395925045,0.3228723108768463,0.09067827463150024,0.1984730362892151,22.180511474609375,0.0004262570000719279,,,,
27590656,0.0044145770370960236,0.3328918218612671,0.01498013362288475,0.3225856125354767,0.06878720968961716,0.1959238350391388,23.960182189941406,0.00011539648403413594,,,,
27656192,0.004951233975589275,0.24094946682453156,0.01084272563457489,0.32229888439178467,0.10568981617689133,0.570249080657959,25.232534408569336,6.466293416451663e-05,,,,
27721728,0.011266755871474743,0.2318507432937622,0.010433284565806389,0.32201215624809265,0.10119232535362244,0.15521939098834991,33.6309814453125,5.8142868510913104e-05,,,,
27787264,0.014405054040253162,0.21407729387283325,0.009633478708565235,0.32172542810440063,0.10073280334472656,0.185751810669899,29.14263916015625,0.0001811385154724121,,,,
27852800,0.013029802590608597,0.22510862350463867,0.010129889473319054,0.321438729763031,0.11159542202949524,0.4003387689590454,25.788921356201172,0.000266713323071599,,,,
27918336,0.012124262750148773,0.18144099414348602,0.008164843544363976,0.321152001619339,0.11203654110431671,0.4551168382167816,23.46807098388672,0.00018681029905565083,,-21.039140701293945,,0.169921875
27983872,0.12285768240690231,2.1574931144714355,0.09708719700574875,0.320865273475647,0.0713735818862915,0.5901094079017639,34.09476852416992,0.00014020693197380751,,,,
28049408,0.01629733294248581,0.543368399143219,0.02445157617330551,0.32057854533195496,0.7589437961578369,0.34710195660591125,31.513601303100586,4.332319076638669e-05,,,,
28114944,0.013411000370979309,0.20582053065299988,0.009261924773454666,0.3202918469905853,0.09676043689250946,0.1985301822423935,36.879520416259766,0.00015412135689985007,,,,
28180480,0.008281678892672062,0.6356922388076782,0.028606152161955833,0.3200051188468933,0.043093662708997726,0.16530756652355194,25.789466857910156,0.00040337693644687533,,,,
28246016,0.0056127444840967655,0.3401561677455902,0.015307027846574783,0.3197183907032013,0.06207500025629997,0.8285428881645203,21.272613525390625,0.0012071781093254685,,,,
28311552,0.006929061375558376,0.14928604662418365,0.006717872340232134,0.31943169236183167,0.10665138065814972,0.2789720296859741,31.113727569580078,0.0009212283184751868,-19.596057891845703,,0.2767857313156128,
28377088,0.004630398936569691,0.13652968406677246,0.0061438363045454025,0.31914496421813965,0.02085932344198227,0.13907502591609955,26.58303451538086,0.002551184268668294,,,,
28442624,0.005424132104963064,0.13826152682304382,0.006221768446266651,0.31885823607444763,0.022973040118813515,0.09753820300102234,24.15695571899414,0.0005189388175494969,,,,
28508160,0.005754062905907631,1.0640660524368286,0.04788297414779663,0.3185715079307556,0.02025528810918331,0.0787867084145546,19.611642837524414,0.0001274650130653754,,,,
28573696,0.009451815858483315,0.5528805255889893,0.02487962320446968,0.318284809589386,0.0551912859082222,0.14840152859687805,19.391056060791016,5.7730394473765045e-05,,,,
28639232,0.0059839822351932526,0.19523991644382477,0.008785796351730824,0.31799808144569397,0.03830312192440033,0.1038864478468895,28.000102996826172,0.00020967540331184864,,,,
28704768,0.009297279641032219,0.1743890941143036,0.00784750934690237,0.31771135330200195,0.06185498833656311,0.15152402222156525,25.708791732788086,0.0008084145374596119,,,,
28770304,0.006766298320144415,0.14230389893054962,0.006403675768524408,0.31742462515830994,0.06553719937801361,0.15779553353786469,21.389972686767578,0.0003205211542081088,,,,
28835840,0.005793404765427113,0.13564379513263702,0.006103971041738987,0.3171379268169403,0.05392519012093544,0.13485294580459595,23.053543090820312,0.00028290171758271754,,,,
28901376,0.010790030471980572,0.8579877614974976,0.038609448820352554,0.3168511986732483,0.0561990924179554,0.16378545761108398,27.449962615966797,0.00028090845444239676,,,,
28966912,0.007585530634969473,0.36167237162590027,0.016275256872177124,0.3165644705295563,0.08217158913612366,0.1662253588438034,20.687908172607422,4.8441994294989854e-05,-32.85441589355469,,0.01886792480945587,
29032448,0.0035151708871126175,0.13174334168434143,0.005928450264036655,0.31627777218818665,0.06155374273657799,0.11877705156803131,19.051061630249023,0.0003097289882134646,,,,
29097984,0.009309003129601479,0.17395946383476257,0.007828176021575928,0.31599104404449463,0.050594083964824677,0.1787876933813095,24.226261138916016,0.0003466191701591015,,,,
29163520,0.00414624810218811,0.1298132687807083,0.005841596983373165,0.3157043159008026,0.10382872819900513,0.600493848323822,18.543344497680664,8.453810005448759e-05,,,,
29229056,0.004049499984830618,0.2642955482006073,0.011893300339579582,0.3154175877571106,0.10950792580842972,0.19474884867668152,18.84396743774414,0.0001527530257590115,,,,
29294592,0.0041741481982171535,0.2432214319705963,0.010944964364171028,0.31513088941574097,0.1075744479894638,0.18042223155498505,22.316343307495117,0.00013061054050922394,,,,
29360128,0.005310022737830877,0.13167427480220795,0.005925342440605164,0.31484416127204895,0.12536150217056274,0.8939521908760071,20.777280807495117,6.503364420495927e-05,,,,
29425664,0.004825080279260874,0.14168430864810944,0.00637579383328557,0.31455743312835693,0.1056576520204544,0.14320002496242523,22.941192626953125,0.00018860843556467444,,,,
29491200,0.0068024699576199055,0.14857155084609985,0.006685719825327396,0.3142707347869873,0.10703934729099274,0.1820550113916397,21.964462280273438,0.0002318072074558586,,,,
29556736,0.007754429243505001,0.37335604429244995,0.016801021993160248,0.3139840066432953,0.10236191749572754,0.17808562517166138,22.576539993286133,7.48283855500631e-05,,-33.161048889160156,,0.1201171875
29622272,0.06253897398710251,2.146240234375,0.09658081084489822,0.31369727849960327,0.06702517718076706,0.4880833625793457,56.321041107177734,0.00014049941091798246,,,,
29687808,0.02135992795228958,0.5881173014640808,0.02646527998149395,0.31341055035591125,0.7186046838760376,0.35492178797721863,31.330520629882812,5.0159855163656175e-05,,,,
29753344,0.016427624970674515,0.3755300045013428,0.016898848116397858,0.3131238520145416,0.12999433279037476,0.26810264587402344,30.96986961364746,0.00011550400085980073,,,,
29818880,0.009067341685295105,0.8392776250839233,0.03776749595999718,0.3128371238708496,0.07525062561035156,0.5706253051757812,28.13960838317871,0.00028040868346579373,,,,
29884416,0.00901147723197937,0.8344829082489014,0.03755173832178116,0.3125503957271576,0.05865725129842758,0.5342898368835449,22.449134826660156,0.0010352415265515447,-13.104412078857422,,0.3346303403377533,
29949952,0.0052451640367507935,0.3059583604335785,0.01376812718808651,0.3122636675834656,0.2763702869415283,0.44210609793663025,27.201332092285156,0.0007375220884568989,,,,
30015488,0.0036723159719258547,0.12400797009468079,0.005580359138548374,0.31197696924209595,0.018883895128965378,0.10226234793663025,22.051210403442383,0.003130462719127536,,,,
30081024,0.006332336459308863,0.14926332235336304,0.006716849282383919,0.31169024109840393,0.027776731178164482,0.14447152614593506,22.936830520629883,0.0009022969170473516,,,,
30146560,0.012829257175326347,1.3572721481323242,0.06107725203037262,0.3114035129547119,0.017734628170728683,0.057896241545677185,23.590293884277344,0.00017869890143629164,,,,
30212096,0.008518723770976067,0.5747888088226318,0.025865495204925537,0.3111168146133423,0.03831902891397476,0.10481502115726471,18.167131423950195,5.3131421736907214e-05,,,,
30277632,0.003661220194771886,0.25378331542015076,0.011420250870287418,0.31083008646965027,0.06258629262447357,0.18651652336120605,21.896739959716797,0.00013773917453363538,-24.40489959716797,,0.11627906560897827,
30343168,0.004965568892657757,0.19806291162967682,0.008912831544876099,0.31054335832595825,0.06829823553562164,0.21057751774787903,21.568679809570312,0.0004191318294033408,,,,
30408704,0.007890366949141026,0.18534734845161438,0.008340630680322647,0.31025663018226624,0.0853927731513977,0.14245623350143433,21.7303466796875,0.0003666089614853263,,,,
30474240,0.0032093115150928497,0.13732871413230896,0.006179791875183582,0.3099699318408966,0.06263749301433563,0.10620106011629105,18.4959716796875,0.0003573627909645438,,,,
30539776,0.0035667764022946358,0.6904764771461487,0.03107144497334957,0.3096832036972046,0.03899679705500603,0.11385852843523026,21.199039459228516,0.0009521677857264876,,,,
30605312,0.008053604513406754,0.465487539768219,0.020946940407156944,0.3093964755535126,0.04186318814754486,0.1409926861524582,19.826683044433594,4.739702126244083e-05,,,,
30670848,0.008194051682949066,0.2615653872489929,0.011770442128181458,0.30910974740982056,0.05813225358724594,0.1483500897884369,26.475976943969727,8.187785715563223e-05,,,,
30736384,0.017970113083720207,0.22195228934288025,0.009987853467464447,0.3088230490684509,0.06254269182682037,0.4340198040008545,26.47676658630371,0.0005574757815338671,,,,
30801920,0.00915796123445034,0.1791098266839981,0.008059942163527012,0.3085363209247589,0.05467832460999489,0.14963282644748688,18.929216384887695,0.00038633786607533693,,,,
30867456,0.006324355490505695,0.13468511402606964,0.006060830317437649,0.3082495927810669,0.0520612858235836,0.1883462816476822,22.666587829589844,0.00016782665625214577,,,,
30932992,0.006905442103743553,0.5051155090332031,0.02273019775748253,0.30796289443969727,0.039965711534023285,0.12837789952754974,20.16956901550293,0.00044866534881293774,,,,
30998528,0.008802701719105244,0.7062320113182068,0.03178044408559799,0.30767616629600525,0.08184422552585602,0.18064837157726288,20.90494728088379,9.621886420063674e-05,,,,
31064064,0.0055269463919103146,0.3746272325515747,0.01685822568833828,0.30738943815231323,0.04415200278162956,0.29360711574554443,25.718135833740234,5.0943395763169974e-05,-39.30561828613281,,0.01039697602391243,
31129600,0.008175782859325409,0.22508497536182404,0.010128824040293694,0.3071027100086212,0.06404641270637512,0.12533581256866455,25.15304183959961,0.0004878927720710635,,,,
31195136,0.009099723771214485,0.2042897790670395,0.009193040430545807,0.3068160116672516,0.06923644244670868,0.1293506622314453,22.92991828918457,0.0009100061724893749,,-34.071495056152344,,0.083984375
31260672,0.0313599556684494,2.4574835300445557,0.1105867549777031,0.30652928352355957,0.07773483544588089,0.770856499671936,50.07770538330078,0.00012799717660527676,,,,
31326208,0.012876870110630989,0.5501667261123657,0.0247575081884861,0.30624255537986755,0.6068728566169739,0.5496615171432495,29.621389389038086,5.18261622346472e-05,,,,
31391744,0.00560054462403059,0.49290168285369873,0.022180575877428055,0.30595582723617554,0.23103317618370056,0.7802532911300659,24.94233512878418,0.00013130561274010688,,,,
31457280,0.004437500145286322,0.6937330961227417,0.031217992305755615,0.3056691288948059,0.1272389143705368,0.2830962538719177,20.18402671813965,0.00025691738119348884,,,,
31522816,0.006297667045146227,0.9134182929992676,0.041103821247816086,0.3053824007511139,0.07662594318389893,0.6187185645103455,18.841745376586914,0.0009018130367621779,,,,
31588352,0.014985805377364159,0.3113996982574463,0.014012986794114113,0.3050956726074219,0.29911717772483826,0.4024251103401184,31.958515167236328,0.0006546175573021173,,,,
31653888,0.0037814404349774122,0.1576833426952362,0.007095750886946917,0.30480897426605225,0.027937907725572586,0.13913650810718536,24.1312255859375,0.0021366423461586237,-6.07802152633667,,0.3987341821193695,
31719424,0.003380369860678911,0.16185641288757324,0.007283538114279509,0.30452224612236023,0.03133155405521393,0.12979747354984283,21.35169792175293,0.0006681351223960519,,,,
31784960,0.005620846524834633,0.8365300893783569,0.037643853574991226,0.3042355179786682,0.033254221081733704,0.09405625611543655,18.957727432250977,0.00015900758444331586,,,,
31850496,0.005189219489693642,0.5286125540733337,0.023787567391991615,0.3039487898349762,0.05240983888506889,0.15816251933574677,17.279232025146484,4.6802550059510395e-05,,,,
31916032,0.007992320694029331,0.24999114871025085,0.011249602772295475,0.30366209149360657,0.043407198041677475,0.15506981313228607,27.100805282592773,0.0001613352505955845,,,,
31981568,0.00876951590180397,0.2870316505432129,0.012916424311697483,0.30337536334991455,0.039013028144836426,0.13983073830604553,25.402568817138672,0.0005397801287472248,,,,
32047104,0.003061749506741762,0.2524837255477905,0.01136176660656929,0.30308863520622253,0.07376261055469513,0.25688183307647705,22.480037689208984,0.0001727268099784851,,,,
32112640,0.005938027519732714,0.13279978930950165,0.005975990556180477,0.3028019070625305,0.05448012799024582,0.12987013161182404,20.75160789489746,0.00034850157680921257,,,,
32178176,0.009493193589150906,0.5869778394699097,0.02641400322318077,0.3025152087211609,0.03809499368071556,0.14926782250404358,19.17737579345703,0.0013662641867995262,,,,
32243712,0.006926244590431452,0.4920392632484436,0.022141769528388977,0.30222848057746887,0.08221133798360825,0.1563216894865036,16.544002532958984,7.823637861292809e-05,,,,
32309248,0.006561335641890764,0.26979100704193115,0.012140595354139805,0.30194175243377686,0.06280834972858429,0.29789817333221436,21.044361114501953,5.657314613927156e-05,,,,
32374784,0.01585954800248146,0.2593066394329071,0.011668799445033073,0.3016550540924072,0.13445347547531128,0.2722774147987366,23.66813850402832,0.00029079258092679083,,,,
32440320,0.01102747954428196,0.21542586386203766,0.009694164618849754,0.3013683259487152,0.1305333524942398,0.2415115237236023,21.879295349121094,0.00033383979462087154,-38.05345916748047,,0.02058319002389908,
32505856,0.007803810760378838,0.27071014046669006,0.012181956321001053,0.3010815978050232,0.09141336381435394,0.2404080182313919,23.502601623535156,9.499565931037068e-05,,,,
32571392,0.007717760279774666,0.2775951027870178,0.012491780333220959,0.3007948696613312,0.05863422155380249,0.12180882692337036,18.06064224243164,0.0001389281387673691,,,,
32636928,0.0035311237443238497,0.2402050793170929,0.010809228755533695,0.30050817131996155,0.08249467611312866,0.15773950517177582,19.937923431396484,0.00011044740676879883,,,,
32702464,0.005081940442323685,0.14843031764030457,0.00667936448007822,0.30022144317626953,0.09287383407354355,0.6055147051811218,18.558629989624023,0.00020682180183939636,,,,
32768000,0.0063537172973155975,0.148075670003891,0.006663404405117035,0.2999347150325775,0.09134406596422195,0.2354610711336136,20.103160858154297,0.0006425433093681931,,,,
32833536,0.005792700685560703,0.2143247276544571,0.009644612669944763,0.2996479868888855,0.09301768243312836,0.2202722281217575,19.341585159301758,0.00048093911027535796,,-39.84770202636719,,0.07421875
32899072,0.02633347362279892,2.5779857635498047,0.11600935459136963,0.29936128854751587,0.06988971680402756,0.7520155906677246,47.74016571044922,0.00013012380804866552,,,,
32964608,0.011862874031066895,0.7572294473648071,0.03407532349228859,0.29907456040382385,0.6088260412216187,1.8610748052597046,27.10927391052246,4.7246718168025836e-05,,,,
33030144,0.009800536558032036,0.6801013350486755,0.030604565516114235,0.29878783226013184,0.3785659670829773,0.44036588072776794,31.358509063720703,0.00013177881191950291,,,,
33095680,0.010261472314596176,0.34280428290367126,0.015426194295287132,0.2985011339187622,0.19767111539840698,0.7806131839752197,33.379356384277344,0.00024333274632226676,,,,
33161216,0.00940420851111412,0.4714645445346832,0.021215906366705894,0.2982144057750702,0.07967537641525269,0.7510948777198792,26.72344970703125,0.0008609340293332934,,,,
33226752,0.004543406888842583,0.35657399892807007,0.01604583114385605,0.2979276776313782,0.30788522958755493,0.2887474000453949,24.721115112304688,0.0005000382661819458,-17.753293991088867,,0.3418326675891876,
33292288,0.004473981447517872,0.15298639237880707,0.006884388159960508,0.29764094948768616,0.02178751863539219,0.11071985214948654,25.082109451293945,0.0007658543763682246,,,,
33357824,0.005966027267277241,0.1357150375843048,0.006107176188379526,0.29735425114631653,0.016496460884809494,0.06659108400344849,20.708507537841797,0.0008001900278031826,,,,
33423360,0.005843285471200943,0.7798283100128174,0.035092275589704514,0.2970675230026245,0.04575057700276375,0.08986927568912506,18.796710968017578,0.00015709568106103688,,,,
33488896,0.0053031849674880505,0.41647017002105713,0.01874115876853466,0.2967807948589325,0.054026663303375244,0.12274274975061417,19.631271362304688,6.619273335672915e-05,,,,
33554432,0.007599348202347755,0.22628134489059448,0.010182660073041916,0.2964940667152405,0.11140497773885727,0.29284602403640747,24.82965660095215,0.00020916452922392637,,,,
33619968,0.00896957702934742,0.3032262325286865,0.013645180501043797,0.29620736837387085,0.185993030667305,0.42665183544158936,20.468463897705078,0.0008857971988618374,,,,
33685504,0.007862734608352184,0.2519632577896118,0.01133834756910801,0.29592064023017883,0.16854476928710938,0.24011839926242828,21.269975662231445,0.0002525838790461421,,,,
33751040,0.009623872116208076,0.1882786601781845,0.00847254041582346,0.2956339120864868,0.11401940882205963,0.2031906247138977,23.02849769592285,0.00016710039926692843,,,,
33816576,0.00770501047372818,0.34839537739753723,0.015677792951464653,0.2953472137451172,0.10310879349708557,0.17595639824867249,27.577312469482422,0.000656064716167748,,,,
33882112,0.009980866685509682,0.13124871253967285,0.00590619258582592,0.29506048560142517,0.13403287529945374,1.0487767457962036,26.946500778198242,0.00010652364289853722,,,,
33947648,0.006436021067202091,0.13597531616687775,0.006118889898061752,0.29477375745773315,0.11618195474147797,0.359125554561615,24.995332717895508,0.00013381849566940218,,,,
34013184,0.005589249078184366,0.5570219159126282,0.025065986439585686,0.29448702931404114,0.10727933794260025,0.26399171352386475,24.132015228271484,0.00025312654906883836,,,,
34078720,0.004932786338031292,0.5535506010055542,0.02490977570414543,0.2942003309726715,0.14743953943252563,0.4567129909992218,21.71164321899414,0.00012596089800354093,-51.45920944213867,,0.015748031437397003,
34144256,0.009339580312371254,0.35403579473495483,0.015931611880660057,0.2939136028289795,0.052829694002866745,0.15814757347106934,25.87720489501953,5.823267565574497e-05,,,,
34209792,0.0037364705931395292,0.17119161784648895,0.007703622803092003,0.2936268746852875,0.07000750303268433,0.15241968631744385,21.773820877075195,0.00020855745242442936,,,,
34275328,0.006827075500041246,0.1556369513273239,0.0070036631077528,0.29334014654159546,0.06817816197872162,0.18103060126304626,18.73978042602539,0.00034808271448127925,,,,
34340864,0.005899098701775074,0.6047252416610718,0.027212632820010185,0.29305344820022583,0.047735102474689484,0.13003380596637726,24.0904483795166,0.0001625336444703862,,,,
34406400,0.004804685711860657,0.26140284538269043,0.011763129383325577,0.2927667200565338,0.0625855103135109,0.15494218468666077,22.73345184326172,7.711751095484942e-05,,,,
34471936,0.005672359839081764,0.14651736617088318,0.006593281868845224,0.2924799919128418,0.07982341945171356,0.160824716091156,18.125146865844727,0.00035966007271781564,,-41.69911193847656,,0.0654296875
34537472,0.03545011952519417,2.6779136657714844,0.12050611525774002,0.29219329357147217,0.09687072783708572,0.39907142519950867,52.2502555847168,0.00011195385741302744,,,,
34603008,0.012760869227349758,0.7994783520698547,0.035976529121398926,0.29190656542778015,0.44369372725486755,0.5383688807487488,35.32963943481445,5.3158379159867764e-05,,,,
34668544,0.015153292566537857,0.6157535314559937,0.027708914130926132,0.29161983728408813,0.3948761522769928,0.6094707250595093,41.6739387512207,0.00011308636021567509,,,,
34734080,0.0123421810567379,0.46682512760162354,0.021007131785154343,0.2913331091403961,0.16154994070529938,0.6228022575378418,35.99346160888672,0.00023613886150997132,,,,
34799616,0.009695322252810001,0.44126439094543457,0.019856898114085197,0.2910464107990265,0.1282711923122406,0.6043859124183655,26.392810821533203,0.0009534969576634467,,,,
34865152,0.014416617341339588,0.33235180377960205,0.01495583076030016,0.2907596826553345,0.3105100989341736,0.34823015332221985,36.259788513183594,0.0005906946025788784,-22.418500900268555,,0.2821083962917328,
34930688,0.007668746635317802,0.14875665307044983,0.0066940500400960445,0.29047295451164246,0.041043560951948166,0.21684129536151886,23.408605575561523,0.0004920217324979603,,,,
34996224,0.01270148903131485,0.14412511885166168,0.006485629826784134,0.29018622636795044,0.06221850961446762,0.10899443924427032,22.910188674926758,0.0008812201558612287,,,,
35061760,0.005954406224191189,0.7954452037811279,0.03579503297805786,0.2898995280265808,0.06667040288448334,0.13129103183746338,20.410091400146484,0.00017290064715780318,,,,
35127296,0.005478610284626484,0.41368669271469116,0.018615901470184326,0.2896127998828888,0.057834357023239136,0.14999420940876007,21.994184494018555,5.325808888301253e-05,,,,
35192832,0.011554581113159657,0.22391104698181152,0.010075997561216354,0.2893260717391968,0.08924160897731781,0.503092885017395,33.08731460571289,0.0002206486969953403,,,,
35258368,0.013575363904237747,0.32647642493247986,0.01469143945723772,0.28903937339782715,0.09842796623706818,0.27388566732406616,19.892824172973633,0.0006321613909676671,,,,
35323904,0.006239674054086208,0.24737773835659027,0.011132000014185905,0.28875264525413513,0.08532485365867615,0.23309649527072906,17.730812072753906,0.00024817537632770836,,,,
35389440,0.006735542789101601,0.17638251185417175,0.007937213405966759,0.2884659171104431,0.08462207019329071,0.15711574256420135,19.61669921875,0.0001995053462451324,,,,
35454976,0.006649860180914402,0.940506637096405,0.0423227958381176,0.2881791889667511,0.07433269917964935,0.1960025280714035,23.622053146362305,0.00042148702777922153,,,,
35520512,0.005606436636298895,0.273188054561615,0.012293463572859764,0.28789249062538147,0.09013748168945312,0.18244050443172455,26.322315216064453,6.75590563332662e-05,,,,
35586048,0.004802090581506491,0.1280493140220642,0.005762219429016113,0.28760576248168945,0.05769677460193634,0.23518313467502594,22.746320724487305,0.00021466612815856934,,,,
35651584,0.004774508066475391,0.400485634803772,0.018021855503320694,0.28731903433799744,0.05665833503007889,0.8163074851036072,21.296052932739258,0.000301882071653381,,,,
35717120,0.005917811766266823,0.4793190062046051,0.021569356322288513,0.2870323061943054,0.08676758408546448,0.15657848119735718,21.828115463256836,0.00010068300616694614,-48.50065994262695,,0.015586546622216702,
35782656,0.005529012531042099,0.23640577495098114,0.010638260282576084,0.2867456078529358,0.03615277260541916,0.10573725402355194,22.57266616821289,5.331462307367474e-05,,,,
35848192,0.006952401250600815,0.18496833741664886,0.008323575370013714,0.2864588797092438,0.035022079944610596,0.09947803616523743,22.80182647705078,0.0003819275298155844,,,,
35913728,0.003793765790760517,0.15092484652996063,0.006791618652641773,0.28617215156555176,0.035925157368183136,0.10296258330345154,17.250885009765625,0.00022652314510196447,,,,
35979264,0.008971437811851501,0.13525129854679108,0.006086308509111404,0.28588545322418213,0.027779817581176758,0.10584434121847153,22.14959144592285,0.0003439473221078515,,,,
36044800,0.003903273493051529,0.24789856374263763,0.011155436746776104,0.2855987250804901,0.02200343832373619,0.11611953377723694,18.822769165039062,0.00017919081437867135,,,,
36110336,0.004775341600179672,0.19810305535793304,0.008914638310670853,0.2853119969367981,0.04989936202764511,0.1677144467830658,20.820711135864258,0.000115983173600398,,-40.66365432739258,,0.0302734375
36175872,0.17350846529006958,2.839020013809204,0.12775591015815735,0.2850252687931061,0.08901973068714142,0.20271113514900208,19.324623107910156,0.00010652479977579787,,,,
36241408,0.019359668716788292,1.5300920009613037,0.06885413825511932,0.28473857045173645,0.37119045853614807,1.468797206878662,42.7567138671875,4.202072159387171e-05,,,,
36306944,0.01615740917623043,0.8424823880195618,0.037911709398031235,0.28445184230804443,0.2931460440158844,1.0773165225982666,40.27742004394531,0.00011112620995845646,,,,
36372480,0.009107587859034538,0.5345752239227295,0.024055885151028633,0.2841651141643524,0.07245934754610062,0.8048688173294067,30.423572540283203,0.00021654399461112916,,,,
36438016,0.012266753241419792,0.5545393824577332,0.02495427429676056,0.2838783860206604,0.14898920059204102,1.1864898204803467,32.681854248046875,0.0005771433934569359,,,,
36503552,0.004866321105509996,0.31637895107269287,0.014237054623663425,0.28359168767929077,0.28738194704055786,0.41211941838264465,26.520017623901367,0.00042352452874183655,-29.68149757385254,,0.15217392146587372,
36569088,0.005490266252309084,0.15680475533008575,0.007056213915348053,0.28330495953559875,0.030340591445565224,0.12490899115800858,24.867965698242188,0.0004482247168198228,,,,
36634624,0.004744234494864941,0.24090230464935303,0.010840603150427341,0.28301823139190674,0.04973717778921127,0.16761861741542816,21.121707916259766,0.0002878251834772527,,,,
36700160,0.0077595398761332035,0.5140836238861084,0.023133764043450356,0.2827315330505371,0.07538489997386932,0.434767484664917,25.532506942749023,4.604781133821234e-05,,,,
36765696,0.004529664292931557,0.4207935929298401,0.018935712054371834,0.2824448049068451,0.06871049106121063,0.3909953236579895,20.650386810302734,4.724545942735858e-05,,,,
36831232,0.007359856739640236,0.31946831941604614,0.014376075007021427,0.2821580767631531,0.051155880093574524,0.13965372741222382,25.094383239746094,0.00019033296848647296,,,,
36896768,0.006922483444213867,0.25781258940696716,0.011601568199694157,0.28187134861946106,0.06756868958473206,0.1443493366241455,21.480464935302734,0.00040837694541551173,,,,
36962304,0.006386213470250368,0.341079443693161,0.015348576009273529,0.28158465027809143,0.06077788770198822,0.15097081661224365,21.368120193481445,0.00015351461479440331,,,,
37027840,0.007611564360558987,0.6532485485076904,0.029396183788776398,0.2812979221343994,0.06859548389911652,0.12674492597579956,18.93152618408203,4.431614433997311e-05,,,,
37093376,0.003118397668004036,0.33950749039649963,0.015277840197086334,0.2810111939907074,0.046980828046798706,0.11756265163421631,19.199771881103516,6.986322114244103e-05,,,,
37158912,0.004629252012819052,0.21978721022605896,0.009890425018966198,0.2807244658470154,0.04119374230504036,0.2080441415309906,19.40968894958496,0.0007814849959686399,,,,
37224448,0.004818425979465246,0.19096222519874573,0.008593302220106125,0.28043776750564575,0.03219522535800934,0.14228126406669617,19.67455291748047,0.0009346698061563075,,,,
37289984,0.004884371533989906,0.23148322105407715,0.010416745208203793,0.28015103936195374,0.022799000144004822,0.09479528665542603,23.768774032592773,0.0002461218391545117,,,,
37355520,0.0013749226927757263,0.3127148747444153,0.014072171412408352,0.2798643112182617,0.058758445084095,0.16054297983646393,21.871212005615234,0.00010905387171078473,-42.34724044799805,,0.027982326224446297,
37421056,0.006185678765177727,0.2564435601234436,0.011539961211383343,0.2795776128768921,0.06454559415578842,0.4481053650379181,19.824337005615234,0.00012896046973764896,,,,
37486592,0.004790897481143475,0.1285361647605896,0.005784126929938793,0.2792908847332001,0.048728227615356445,0.140656977891922,21.027915954589844,0.0002417061332380399,,,,
37552128,0.0038559664972126484,0.11365319788455963,0.00511439424008131,0.27900415658950806,0.07181642949581146,0.21072755753993988,19.804569244384766,0.00019920185150112957,,,,
37617664,0.004918834660202265,0.4585641026496887,0.020635388791561127,0.27871742844581604,0.04565797373652458,0.40301892161369324,19.54056739807129,0.0008998321718536317,,,,
37683200,0.00728444242849946,0.3474882245063782,0.015636971220374107,0.2784307301044464,0.05540187656879425,0.8416581749916077,25.7177734375,0.00012364322901703417,,,,
37748736,0.003734756726771593,0.25610047578811646,0.011524520814418793,0.2781440019607544,0.04252433031797409,0.17247305810451508,25.510007858276367,7.25799982319586e-05,,-49.53040313720703,,0.025390625
37814272,0.18988832831382751,2.8661060333251953,0.1289747804403305,0.2778572738170624,0.049772363156080246,0.5476832985877991,19.74094009399414,0.00010222582204733044,,,,
37879808,0.01048686821013689,1.07074773311615,0.04818364605307579,0.27757054567337036,0.2864418625831604,1.3614991903305054,30.947978973388672,6.788595783291385e-05,,,,
37945344,0.008302341215312481,0.6453261375427246,0.02903968095779419,0.27728384733200073,0.23992809653282166,0.5698357224464417,31.214319229125977,0.00012128609523642808,,,,
38010880,0.005256745032966137,0.7271324992179871,0.03272096440196037,0.2769971191883087,0.0785103440284729,0.2049981653690338,22.820358276367188,0.00019332749070599675,,,,
38076416,0.01059251744300127,0.8170791268348694,0.03676856681704521,0.2767103910446167,0.10650915652513504,0.8897582292556763,28.538108825683594,0.0006407948676496744,,,,
38141952,0.003565041581168771,0.32665932178497314,0.014699669554829597,0.27642369270324707,0.3305002748966217,0.3057559132575989,25.30959701538086,0.0004658433608710766,-25.407590866088867,,0.18119068443775177,
38207488,0.0055201416835188866,0.21437017619609833,0.009646659716963768,0.27613696455955505,0.0408712662756443,0.17755411565303802,25.826656341552734,0.0004212321946397424,,,,
38273024,0.006896323058754206,0.27389031648635864,0.012325065210461617,0.27585023641586304,0.03546977788209915,0.24319306015968323,24.877140045166016,0.0002942367864307016,,,,
38338560,0.006310801953077316,0.4566535949707031,0.020549410954117775,0.275563508272171,0.0789622813463211,0.14080756902694702,23.15380096435547,5.751985008828342e-05,,,,
38404096,0.006302635185420513,0.22133195400238037,0.009959938004612923,0.2752768099308014,0.04814167693257332,0.25743213295936584,26.668010711669922,5.9490099374670535e-05,,,,
38469632,0.004551336634904146,0.24533586204051971,0.011040113866329193,0.2749900817871094,0.06390683352947235,0.4158610701560974,27.49329376220703,0.00027438788674771786,,,,
38535168,0.007000696379691362,0.26448294520378113,0.01190173253417015,0.27470335364341736,0.07561641186475754,0.2697209119796753,23.760868072509766,0.0006037605344317853,,,,
38600704,0.006262877956032753,0.6137936115264893,0.0276207122951746,0.27441662549972534,0.05452682077884674,0.12069819122552872,22.984058380126953,0.00023555349616799504,,,,
38666240,0.0025250548496842384,0.2868967652320862,0.012910354882478714,0.2741299271583557,0.06844393908977509,0.1535886824131012,20.069435119628906,4.8375732148997486e-05,,,,
38731776,0.003918592818081379,0.4278757572174072,0.0192544087767601,0.2738431990146637,0.04772733896970749,0.11896359920501709,21.102420806884766,0.00013670808402821422,,,,
38797312,0.005287729669362307,0.1872100532054901,0.00842445157468319,0.2735564708709717,0.0956968143582344,0.2556207776069641,21.44891929626465,0.00032142153941094875,,,,
38862848,0.005460185930132866,0.1606348156929016,0.007228567264974117,0.27326977252960205,0.08530288934707642,0.2465602606534958,20.32792091369629,0.00048076247912831604,,,,
38928384,0.004310685209929943,0.25293469429016113,0.01138206198811531,0.27298304438591003,0.04865283519029617,0.18059897422790527,24.89065170288086,0.0002633309632074088,,,,
38993920,0.0019055107841268182,0.356209397315979,0.016029423102736473,0.272696316242218,0.06683588027954102,0.24016797542572021,20.000396728515625,7.37333029974252e-05,-44.280555725097656,,0.01717408187687397,
39059456,0.0019144043326377869,0.2345925271511078,0.010556663386523724,0.272409588098526,0.06601093709468842,0.1649337261915207,19.791776657104492,5.778056220151484e-05,,,,
39124992,0.00394601421430707,0.14640149474143982,0.006588066928088665,0.27212288975715637,0.06719611585140228,0.23558253049850464,19.872161865234375,0.00018041057046502829,,,,
39190528,0.006195109337568283,0.1290912628173828,0.005809107329696417,0.27183616161346436,0.07197700440883636,0.24373164772987366,22.554439544677734,0.00014114474470261484,,,,
39256064,0.005497070029377937,0.16987067461013794,0.007644180208444595,0.27154943346977234,0.04950626939535141,0.15017281472682953,19.740142822265625,0.00047933237510733306,,,,
39321600,0.004169224761426449,0.266027569770813,0.011971239931881428,0.2712627053260803,0.06237434968352318,0.20758646726608276,23.702821731567383,0.00011584343883441761,,,,
39387136,0.0067781913094222546,0.23611727356910706,0.010625278577208519,0.2709760069847107,0.06591049581766129,1.030030369758606,27.832378387451172,4.8432473704451695e-05,,-48.974342346191406,,0.0078125
39452672,0.16161984205245972,2.990525722503662,0.13457365334033966,0.2706892788410187,0.051904622465372086,0.45936375856399536,6.3139753341674805,9.365287405671552e-05,,,,
39518208,0.03327836096286774,2.4420971870422363,0.10989437997341156,0.27040255069732666,0.19409018754959106,2.5360655784606934,45.20463180541992,5.038555173086934e-05,,,,
39583744,0.014582168310880661,0.8822326064109802,0.0397004708647728,0.27011585235595703,0.14564913511276245,0.8286380171775818,37.954532623291016,8.231426909333095e-05,,,,
39649280,0.010537156835198402,0.5304034948348999,0.02386815845966339,0.269829124212265,0.026178915053606033,0.2535991370677948,29.137950897216797,0.00017221039161086082,,,,
39714816,0.006916383281350136,0.7791045308113098,0.03505970537662506,0.269542396068573,0.06298179924488068,1.2046101093292236,24.886430740356445,0.0004002357891295105,,,,
39780352,0.0038393554277718067,0.414007306098938,0.01863032951951027,0.269255667924881,0.20895160734653473,0.618445873260498,25.664716720581055,0.00026590307243168354,,,,
39845888,0.005139712244272232,0.1796288937330246,0.008083299733698368,0.26896896958351135,0.12494504451751709,0.171209454536438,26.082345962524414,0.0001919679925777018,-30.427831649780273,,0.10373832285404205,
39911424,0.0034134623128920794,0.318362832069397,0.014326328411698341,0.26868224143981934,0.08101004362106323,0.21968960762023926,21.32996368408203,0.00017091368499677628,,,,
39976960,0.010322378017008305,0.8620851039886475,0.038793835788965225,0.2683955132961273,0.09496460109949112,0.22720490396022797,29.529314041137695,3.510769965942018e-05,,,,
40042496,0.0055056046694517136,1.1039743423461914,0.04967884346842766,0.2681087851524353,0.1302236020565033,1.3042882680892944,23.351394653320312,5.4179774451768026e-05,,,,
40108032,0.0034193696919828653,0.4554235339164734,0.020494060590863228,0.2678220868110657,0.1335759460926056,0.4919597804546356,19.223529815673828,0.0003441029111854732,,,,
40173568,0.004779284819960594,0.25892412662506104,0.011651584878563881,0.26753535866737366,0.05889688804745674,0.1432647705078125,22.871959686279297,0.0018005571328103542,,,,
40239104,0.004392413888126612,0.22767987847328186,0.010245595127344131,0.26724863052368164,0.06508179008960724,0.1372833251953125,23.021787643432617,0.0007246849127113819,,,,
40304640,0.007744338363409042,1.0907437801361084,0.049083463847637177,0.266961932182312,0.06325411796569824,0.11071939766407013,26.784345626831055,0.00011217452265555039,,,,
40370176,0.004630713723599911,0.8727039098739624,0.039271678775548935,0.26667520403862,0.07885165512561798,0.19061912596225739,20.646595001220703,5.01473514304962e-05,,,,
40435712,0.0029574071522802114,0.3609118163585663,0.016241032630205154,0.266388475894928,0.07691901177167892,0.23859362304210663,20.584449768066406,0.00013489041884895414,,,,
40501248,0.0038522535469383,0.23046894371509552,0.010371102020144463,0.26610174775123596,0.06654586642980576,0.2619814872741699,20.764663696289062,0.0007883880753070116,,,,
40566784,0.004841385874897242,0.17032557725906372,0.007664651609957218,0.26581504940986633,0.06058938801288605,0.5239839553833008,22.22588348388672,0.000495187530759722,,,,
40632320,0.005034144036471844,0.5020532608032227,0.022592395544052124,0.2655283212661743,0.05664108693599701,0.20610952377319336,23.284805297851562,0.00021887010370846838,-42.18570327758789,,0.02339622564613819,
40697856,0.010019531473517418,0.3760737180709839,0.016923317685723305,0.2652415931224823,0.03602986037731171,0.10117720812559128,21.55670928955078,3.8996728108031675e-05,,,,
40763392,0.007424977142363787,0.1357153356075287,0.006107190158218145,0.26495489478111267,0.05740702897310257,0.1641431301832199,27.327293395996094,0.00023555400548502803,,,,
40828928,0.008266786113381386,0.13238471746444702,0.005957313347607851,0.26466816663742065,0.07308051735162735,0.16133874654769897,24.20291519165039,0.0005858485819771886,,,,
40894464,0.006955842953175306,0.12146568298339844,0.005465955939143896,0.26438143849372864,0.05812257528305054,0.15972626209259033,24.533906936645508,0.0004902795189991593,,,,
40960000,0.00561728049069643,0.5972044467926025,0.026874205097556114,0.2640947103500366,0.05857539176940918,0.15722689032554626,23.80215072631836,0.00010033837315859273,,,,
41025536,0.003335414920002222,0.2505679130554199,0.011275555938482285,0.263808012008667,0.05109867453575134,0.15753263235092163,26.389917373657227,7.803898915881291e-05,,-48.04404830932617,,0.021484375
41091072,0.1963568776845932,2.792262554168701,0.12565183639526367,0.263521283864975,0.2125948965549469,2.46124005317688,13.21371078491211,8.023311966098845e-05,,,,
41156608,0.015152063220739365,1.9521774053573608,0.0878479927778244,0.26323455572128296,0.3017798364162445,0.6260237693786621,40.218963623046875,4.412472480908036e-05,,,,
41222144,0.01129824761301279,0.8025588989257812,0.036115147173404694,0.26294782757759094,0.1495666801929474,0.4288610816001892,33.87900924682617,7.094892498571426e-05,,,,
41287680,0.008867530152201653,0.44674375653266907,0.020103469491004944,0.2626611292362213,0.03537523001432419,0.17375487089157104,27.53814125061035,0.00017983456200454384,,,,
41353216,0.007860684767365456,0.6046620607376099,0.027209792286157608,0.2623744010925293,0.04833470284938812,0.3069193959236145,25.88585662841797,0.00045523818698711693,,,,
41418752,0.004033464938402176,0.368825763463974,0.016597161069512367,0.2620876729488373,0.23720422387123108,0.26828980445861816,25.80086326599121,0.00034758978290483356,-23.09712791442871,,0.13703382015228271,
41484288,0.004521970637142658,0.2215631753206253,0.009970343671739101,0.26180097460746765,0.03911183401942253,0.08369273692369461,26.229616165161133,0.0002531231439206749,,,,
41549824,0.0034858202561736107,0.33266109228134155,0.014969750307500362,0.26151424646377563,0.04019586369395256,0.1282615065574646,21.02942657470703,0.00019888790848199278,,,,
41615360,0.006273011676967144,0.6854941844940186,0.030847234651446342,0.2612275183200836,0.10010688751935959,0.22347208857536316,24.675640106201172,3.594420195440762e-05,,,,
41680896,0.007688147947192192,0.8889057636260986,0.040000759065151215,0.2609407901763916,0.10653595626354218,0.30264732241630554,26.413455963134766,4.7785084461793303e-05,,,,
41746432,0.007446455769240856,0.4619278013706207,0.020786751061677933,0.260654091835022,0.09692206233739853,0.1913388967514038,26.455463409423828,0.0002052184281637892,,,,
41811968,0.008066222071647644,0.2694335877895355,0.01212451234459877,0.26036736369132996,0.04700085148215294,0.19181512296199799,25.33467674255371,0.0007568272994831204,,,,
41877504,0.0033060985151678324,0.20661252737045288,0.009297563694417477,0.26008063554763794,0.08505237102508545,0.18214456737041473,19.816753387451172,0.00032432592706754804,,,,
41943040,0.004837137646973133,0.7746567726135254,0.0348595567047596,0.2597939074039459,0.08875542134046555,0.14945970475673676,22.023744583129883,6.59025099594146e-05,,,,
42008576,0.009135177358984947,0.37879446148872375,0.017045751214027405,0.2595072090625763,0.0817699134349823,0.2194981724023819,31.395858764648438,7.500586798414588e-05,,,,
42074112,0.017565404996275902,0.25378677248954773,0.01142040453851223,0.2592204809188843,0.10415466129779816,0.5664324164390564,24.896934509277344,0.0011302951024845243,,,,
42139648,0.006349074654281139,0.21180638670921326,0.009531288407742977,0.25893375277519226,0.095868319272995,0.5352843403816223,21.46190643310547,0.0010353723773732781,,,,
42205184,0.004547114484012127,0.18019552528858185,0.008108798414468765,0.25864705443382263,0.08711325377225876,0.44991034269332886,21.791278839111328,0.0003115503932349384,,,,
42270720,0.0019239764660596848,0.44172853231430054,0.019877785816788673,0.2583603262901306,0.08268767595291138,0.1214282289147377,23.807119369506836,0.00010864096111617982,-42.55873489379883,,0.031446538865566254,
42336256,0.007011779583990574,0.2635591924190521,0.011860163882374763,0.2580735981464386,0.11199986189603806,0.4516657292842865,22.6749324798584,7.293927046703175e-05,,,,
42401792,0.0030445761512964964,0.12662144005298615,0.005697964690625668,0.2577868700027466,0.08769339323043823,0.17896528542041779,18.644466400146484,0.00020363519433885813,,,,
42467328,0.005719569977372885,0.11529569327831268,0.0051883067935705185,0.25750017166137695,0.16850826144218445,0.8533884882926941,27.243213653564453,0.00012619375775102526,,,,
42532864,0.0033872693311423063,0.2515847980976105,0.011321316473186016,0.25721344351768494,0.11484207212924957,0.21695275604724884,20.016149520874023,0.0006457553245127201,,,,
42598400,0.004353873431682587,0.48507294058799744,0.021828284487128258,0.2569267153739929,0.09669773280620575,0.14784687757492065,26.06021499633789,0.00013760477304458618,,,,
42663936,0.0037509838584810495,0.27039194107055664,0.012167638167738914,0.2566399872303009,0.07528920471668243,0.14080694317817688,28.25596046447754,6.866115290904418e-05,,-48.130279541015625,,0.0185546875
42729472,0.02261599898338318,2.9851629734039307,0.1343323439359665,0.2563532888889313,0.1315421164035797,1.139561653137207,50.81507873535156,8.71002339408733e-05,,,,
42795008,0.015455277636647224,2.005471706390381,0.09024623781442642,0.25606656074523926,0.15185829997062683,0.37540745735168457,38.09321975708008,5.073467764304951e-05,,,,
42860544,0.004565197043120861,0.7867570519447327,0.03540407121181488,0.25577983260154724,0.1334644854068756,0.44616103172302246,23.03838348388672,7.738987187622115e-05,,,,
42926080,0.004451917950063944,0.5795007944107056,0.02607754059135914,0.2554931342601776,0.024092379957437515,0.334293395280838,25.438068389892578,0.0001807225780794397,,,,
42991616,0.007062836550176144,0.5596382021903992,0.025183720514178276,0.2552064061164856,0.07207334041595459,0.7587134838104248,22.058849334716797,0.0005395988118834794,,,,
43057152,0.005870644934475422,0.32860153913497925,0.014787069521844387,0.2549196779727936,0.26908475160598755,0.225584015250206,30.978256225585938,0.0004228721372783184,-24.411333084106445,,0.1666666567325592,
43122688,0.008032755926251411,0.21207645535469055,0.009543441236019135,0.25463294982910156,0.043667107820510864,0.15072587132453918,30.40032196044922,0.00018808450840879232,,,,
43188224,0.004012860357761383,0.25583571195602417,0.011512607336044312,0.25434625148773193,0.06758255511522293,0.54305499792099,21.560943603515625,0.00016275880625471473,,,,
43253760,0.006646668538451195,0.7793668508529663,0.03507151082158089,0.2540595233440399,0.07394100725650787,0.6474454402923584,28.292339324951172,3.1236326321959496e-05,,,,
43319296,0.005841996520757675,0.35076773166656494,0.015784550458192825,0.2537727952003479,0.09322313964366913,0.5378454327583313,24.251102447509766,3.926171484636143e-05,,,,
43384832,0.006636933423578739,0.25251495838165283,0.01136317290365696,0.2534860670566559,0.09770770370960236,0.21283450722694397,26.456083297729492,0.0005234127165749669,,,,
43450368,0.005377356894314289,0.26024678349494934,0.011711105704307556,0.25319936871528625,0.1460251808166504,0.2268325388431549,24.07231330871582,0.000660648278426379,,,,
43515904,0.0064559318125247955,0.36406567692756653,0.016382955014705658,0.25291264057159424,0.12063295394182205,0.22872981429100037,21.586742401123047,0.00021179395844228566,,,,
43581440,0.002464406657963991,0.5846661329269409,0.02630997635424137,0.2526259124279022,0.10266964882612228,0.18931768834590912,21.39566993713379,4.8775858886074275e-05,,,,
43646976,0.0019176416099071503,0.31507402658462524,0.014178329147398472,0.2523392140865326,0.07407078146934509,0.18828511238098145,22.48227310180664,9.519436571281403e-05,,,,
43712512,0.0053690094500780106,0.22325168550014496,0.01004632655531168,0.2520524859428406,0.10631100833415985,0.7395123243331909,24.92300796508789,0.0005234080599620938,,,,
43778048,0.006254104431718588,0.1831672191619873,0.008242525160312653,0.25176575779914856,0.08988551795482635,0.2232694923877716,24.208919525146484,0.0005043257842771709,,,,
43843584,0.007972422987222672,0.397580087184906,0.017891107127070427,0.25147902965545654,0.08222287148237228,0.19886088371276855,29.9189395904541,0.00013773248065263033,,,,
43909120,0.0020199865102767944,0.18719159066677094,0.008423622697591782,0.2511923313140869,0.1392359733581543,0.2749629616737366,23.722482681274414,0.0001215271040564403,-48.95492935180664,,0.018691588193178177,
43974656,0.007191218435764313,0.26474931836128235,0.011913717724382877,0.2509056031703949,0.1298121213912964,0.6778903007507324,25.193944931030273,0.0001753049436956644,,,,
44040192,0.003972329664975405,0.13572382926940918,0.006107572466135025,0.2506188750267029,0.122653529047966,1.0671344995498657,22.720840454101562,5.8373032516101375e-05,,,,
44105728,0.0027187776286154985,0.11936622858047485,0.005371480248868465,0.25033214688301086,0.14005090296268463,0.22832559049129486,23.56700897216797,7.656760863028467e-05,,,,
44171264,0.004139534663408995,0.3334748446941376,0.015006369911134243,0.25004544854164124,0.10457416623830795,0.18637533485889435,28.16948890686035,0.00038442554068751633,,,,
44236800,0.00835375115275383,0.6000856757164001,0.027003860101103783,0.24975872039794922,0.12517975270748138,0.17324867844581604,30.602153778076172,6.170071719679981e-05,,,,
44302336,0.004073724150657654,0.36125048995018005,0.016256272792816162,0.2494720071554184,0.0700339823961258,0.7731178402900696,28.01231575012207,5.62376226298511e-05,,-49.59107208251953,,0.0078125
44367872,0.15311239659786224,3.0015997886657715,0.1350720077753067,0.24918527901172638,0.11766766756772995,1.3084298372268677,17.62171173095703,8.92123716766946e-05,,,,
44433408,0.011010603979229927,2.9797911643981934,0.1340906023979187,0.24889856576919556,0.10685348510742188,0.8581415414810181,41.215728759765625,3.0183258786564693e-05,,,,
44498944,0.01651165448129177,2.4851572513580322,0.11183208227157593,0.24861183762550354,0.1262224018573761,0.34661635756492615,42.76980972290039,2.191588282585144e-05,,,,
44564480,0.010783016681671143,0.9352335929870605,0.04208551347255707,0.24832512438297272,0.08756134659051895,0.1685691624879837,31.019731521606445,0.00018833979265764356,,,,
44630016,0.005761778447777033,0.7746626138687134,0.03485981747508049,0.2480383962392807,0.08319350332021713,0.170281320810318,17.99883460998535,0.00012898253044113517,,,,
44695552,0.0082206716760993,0.4460185170173645,0.02007083222270012,0.24775168299674988,0.21517954766750336,0.4398545026779175,35.15570831298828,0.00024454735103063285,-38.461727142333984,,0.03513513505458832,
44761088,0.004568017553538084,0.1886681616306305,0.008490067906677723,0.24746495485305786,0.04618354141712189,0.13407683372497559,25.552595138549805,0.00011073733912780881,,,,
44826624,0.003918278496712446,0.16377948224544525,0.007370076607912779,0.24717824161052704,0.17543260753154755,0.5687040090560913,21.562358856201172,9.934369882103056e-05,,,,
44892160,0.0020198659040033817,0.4831736385822296,0.021742815151810646,0.24689151346683502,0.04212592542171478,0.11822319030761719,16.216693878173828,7.950970757519826e-05,,,,
44957696,0.004605121444910765,0.2606862187385559,0.011730880476534367,0.2466048002243042,0.07539848238229752,0.12480178475379944,27.15561294555664,5.466170114232227e-05,,,,
45023232,0.007044989615678787,0.18387632071971893,0.008274435065686703,0.24631808698177338,0.1400768756866455,0.4117496609687805,35.061771392822266,0.0001738423597998917,,,,
45088768,0.004042335785925388,0.16660496592521667,0.0074972244910895824,0.24603135883808136,0.1175469160079956,0.42214930057525635,22.38861846923828,0.0004106720443814993,,,,
45154304,0.003410090459510684,0.1996922791004181,0.008986153639853,0.24574464559555054,0.10319667309522629,0.21213498711585999,19.875980377197266,0.0002562922891229391,,,,
45219840,0.004287645220756531,0.6804004311561584,0.03061801940202713,0.24545791745185852,0.08791059255599976,0.14819961786270142,25.14533233642578,4.163592529948801e-05,,,,
45285376,0.0027471708599478006,0.3679758906364441,0.016558917239308357,0.2451712042093277,0.09504947811365128,0.14191347360610962,23.719369888305664,5.352419975679368e-05,,,,
45350912,0.003217864315956831,0.2122054249048233,0.009549245238304138,0.24488447606563568,0.11654460430145264,0.3435803949832916,20.65894317626953,0.00048651776160113513,-30.908231735229492,,0.07294317334890366,
45416448,0.003112485632300377,0.17533425986766815,0.007890041917562485,0.24459776282310486,0.08987352252006531,0.19788192212581635,18.742305755615234,0.0003553757269401103,,,,
45481984,0.0038420790806412697,0.14858976006507874,0.006686539389193058,0.24431103467941284,0.08920633047819138,0.22286951541900635,21.359832763671875,0.00018460942374076694,,,,
45547520,0.0025788317434489727,0.25912073254585266,0.011660434305667877,0.24402432143688202,0.08873520791530609,0.18590690195560455,22.302364349365234,0.00033244065707549453,,,,
45613056,0.005887096747756004,0.7269694805145264,0.032713621854782104,0.24373759329319,0.27739349007606506,0.18689320981502533,26.022748947143555,0.00017895700875669718,,,,
45678592,0.002135928487405181,0.20464439690113068,0.009208997711539268,0.24345088005065918,0.07805298268795013,0.16357025504112244,21.415512084960938,9.220840001944453e-05,,,,
45744128,0.0028814799152314663,0.17024937272071838,0.007661222480237484,0.24316416680812836,0.051464200019836426,0.13027869164943695,20.43804168701172,0.0004843477508984506,,,,
45809664,0.002220919355750084,0.5314907431602478,0.02391708642244339,0.24287743866443634,0.05429548770189285,0.16069640219211578,19.706939697265625,0.0006675500189885497,,,,
45875200,0.002591787837445736,0.5190912485122681,0.023359106853604317,0.24259072542190552,0.08820299804210663,0.19589261710643768,25.437721252441406,0.00010474138980498537,,,,
45940736,0.004086621571332216,0.2574934959411621,0.011587206274271011,0.2423039972782135,0.09202411770820618,0.2194475382566452,25.35393714904785,0.00017717399168759584,,-50.84297561645508,,0.005859375
46006272,0.022503968328237534,2.964555501937866,0.13340499997138977,0.24201728403568268,0.045105040073394775,0.38687875866889954,54.401668548583984,8.509209146723151e-05,,,,
46071808,0.01183356437832117,3.010997772216797,0.1354949027299881,0.24173055589199066,0.02473258599638939,0.5548002123832703,39.27528762817383,3.624889359343797e-05,,,,
46137344,0.008574770763516426,2.6267359256744385,0.11820313334465027,0.24144384264945984,0.18588916957378387,0.49819374084472656,36.5040168762207,2.5211949832737446e-05,,,,
46202880,0.006925592664629221,1.2682548761367798,0.05707147717475891,0.24115711450576782,0.07113131880760193,0.14267589151859283,26.323606491088867,0.0001682347065070644,-42.05757522583008,,0.09048067778348923,
46268416,0.007214154116809368,1.1036202907562256,0.04966291785240173,0.240870401263237,0.06107020378112793,0.1415480524301529,23.37501335144043,0.00010370348900323734,,,,
46333952,0.004083882551640272,0.47221800684928894,0.021249810233712196,0.24058367311954498,0.1532687246799469,0.30753371119499207,32.35759735107422,0.00020944568677805364,,,,
46399488,0.0038522803224623203,0.2328881174325943,0.010479966178536415,0.24029695987701416,0.02293303981423378,0.16431763768196106,27.208463668823242,0.0001023587683448568,,,,
46465024,0.004332544282078743,0.1895027756690979,0.008527625352144241,0.24001024663448334,0.22915560007095337,0.652922511100769,21.815975189208984,0.0001095791594707407,,,,
46530560,0.0044074589386582375,0.3845888078212738,0.0173064973205328,0.23972351849079132,0.10652698576450348,0.24174347519874573,22.604557037353516,0.00010604344424791634,,,,
46596096,0.005275136325508356,0.4034157693386078,0.018153708428144455,0.2394368052482605,0.06986471265554428,0.15336507558822632,23.746795654296875,6.973712152102962e-05,,,,
46661632,0.0029863622039556503,0.35223478078842163,0.015850568190217018,0.23915007710456848,0.09453275799751282,0.2316894680261612,27.353527069091797,7.871478737797588e-05,-35.96006393432617,,0.07854984700679779,
46727168,0.004618956707417965,0.16994547843933105,0.007647546008229256,0.23886336386203766,0.027666287496685982,0.10187852382659912,25.762638092041016,0.0001852508430602029,,,,
46792704,0.001809190958738327,0.17846541106700897,0.00803094357252121,0.23857663571834564,0.044451747089624405,0.13621698319911957,18.218740463256836,0.0001529138971818611,,,,
46858240,0.004139633849263191,0.16006596386432648,0.007202968001365662,0.23828992247581482,0.039385125041007996,0.08454392105340958,17.729976654052734,7.888161053415388e-05,,,,
46923776,0.0032063862308859825,0.30539587140083313,0.01374281570315361,0.2380031943321228,0.04181162267923355,0.10041846334934235,21.0255126953125,7.25954887457192e-05,,,,
46989312,0.0015245922841131687,0.3632480204105377,0.01634616032242775,0.23771648108959198,0.1250314712524414,0.4037540555000305,20.65228271484375,4.2657087760744616e-05,,,,
47054848,0.0032582259736955166,0.21100705862045288,0.009495317935943604,0.23742975294589996,0.10345494747161865,0.3573211431503296,21.975683212280273,0.00011154005187563598,,,,
47120384,0.0020469564478844404,0.1958998441696167,0.008815493434667587,0.23714303970336914,0.14447587728500366,0.31734150648117065,20.85755729675293,0.00010802064934978262,,,,
47185920,0.007770949974656105,0.2829115390777588,0.012731019407510757,0.23685632646083832,0.14914532005786896,0.7998530864715576,31.382314682006836,5.4547803301829845e-05,,,,
47251456,0.005641826894134283,0.5545005202293396,0.024952523410320282,0.2365695983171463,0.2649819850921631,0.3304852247238159,25.37501335144043,2.1570063836406916e-05,,,,
47316992,0.0007227510213851929,0.2631972134113312,0.011843876913189888,0.23628288507461548,0.1444191038608551,0.13533082604408264,24.780763626098633,4.887742397841066e-05,-41.918697357177734,,0.049225158989429474,
47382528,0.0035041754599660635,0.20781037211418152,0.009351467713713646,0.23599615693092346,0.0786023661494255,0.2274751365184784,23.27923583984375,0.0001868643594207242,,,,
47448064,0.006296626292169094,0.20827344059944153,0.009372304193675518,0.23570944368839264,0.061156243085861206,0.2255527526140213,25.740554809570312,0.00018665676179807633,,,,
47513600,0.00377367134205997,0.1881050318479538,0.008464726619422436,0.23542271554470062,0.0862995982170105,0.24910667538642883,22.89053726196289,5.684246207238175e-05,,,,
47579136,0.0026614144444465637,0.2077455222606659,0.009348548017442226,0.2351360023021698,0.11541303992271423,1.0716116428375244,22.04393768310547,0.0002258463209727779,,-45.524723052978516,,0.0078125
47644672,0.007892664521932602,2.9766106605529785,0.133947491645813,0.23484927415847778,0.04792065545916557,0.1677047163248062,38.524070739746094,8.153326052706689e-05,,,,
47710208,0.01735834963619709,3.0201785564422607,0.13590803742408752,0.23456256091594696,0.02001141384243965,0.4061596095561981,56.71299743652344,2.3810172933735885e-05,,,,
47775744,0.013468226417899132,2.757266044616699,0.12407699227333069,0.23427583277225494,0.08354657888412476,0.21936489641666412,38.896080017089844,1.8507476852391846e-05,,,,
47841280,0.00448938924819231,1.2967705726623535,0.058354683220386505,0.23398911952972412,0.08124551177024841,0.15369324386119843,25.869247436523438,0.00017524216673336923,,,,
47906816,0.005864362232387066,1.41544508934021,0.0636950358748436,0.2337024062871933,0.06858421117067337,0.13557209074497223,20.31812858581543,8.924270514398813e-05,,,,
47972352,0.0057451119646430016,0.48587295413017273,0.021864285692572594,0.23341567814350128,0.2270977646112442,0.20258045196533203,34.31589126586914,0.0001676613901508972,,,,
48037888,0.003614741377532482,0.28723523020744324,0.012925585731863976,0.23312896490097046,0.019899882376194,0.11649580299854279,33.14354705810547,9.170886187348515e-05,,,,
48103424,0.004664676263928413,0.21443746984004974,0.009649686515331268,0.23284223675727844,0.2905884087085724,0.3406607210636139,27.32227897644043,6.3648636569269e-05,-33.76345443725586,,0.10803323984146118,
48168960,0.005117199849337339,0.14231446385383606,0.006404150277376175,0.23255552351474762,0.3447590470314026,0.2650001645088196,27.82646942138672,0.00011916423682123423,,,,
48234496,0.0068275537341833115,0.5624822378158569,0.025311700999736786,0.2322687953710556,0.2035626471042633,0.2834727168083191,33.853599548339844,0.00021244669915176928,,,,
48300032,0.005815202370285988,0.5936095714569092,0.026712428778409958,0.23198208212852478,0.14215803146362305,0.2884899377822876,28.88858985900879,0.0001308501960011199,,,,
48365568,0.0033497754484415054,0.32303139567375183,0.014536413364112377,0.23169535398483276,0.09660293161869049,0.16668611764907837,31.309852600097656,0.0001539193035569042,,,,
48431104,0.0720997154712677,0.3067060112953186,0.013801771216094494,0.23140864074230194,0.09631697833538055,0.5744760036468506,10.262614250183105,0.00032392906723544,,,,
48496640,0.0064425417222082615,0.26220107078552246,0.011799048632383347,0.23112191259860992,0.06927160918712616,0.1444058120250702,23.647502899169922,0.0001682624570094049,,,,
48562176,0.0019668317399919033,0.2058054655790329,0.00926124770194292,0.2308351993560791,0.10476574301719666,0.29412996768951416,24.06462287902832,6.554935680469498e-05,,,,
48627712,0.004042286425828934,0.2079705446958542,0.00935867428779602,0.23054848611354828,0.14013893902301788,0.301228791475296,24.61141014099121,0.00019475966109894216,,,,
48693248,0.003138570813462138,0.16594946384429932,0.007467726245522499,0.23026175796985626,0.15099212527275085,1.0091071128845215,23.22323989868164,0.00019319370039738715,,,,
48758784,0.004336459096521139,0.20068536698818207,0.00903084222227335,0.22997504472732544,0.12399298697710037,0.5199292898178101,24.994373321533203,0.00017497205408290029,,,,
48824320,0.0022555456962436438,0.24813102185726166,0.011165897361934185,0.22968831658363342,0.12233030050992966,0.9077565670013428,19.517057418823242,9.066785423783585e-05,,,,
48889856,0.004664341453462839,0.768578827381134,0.03458604961633682,0.2294016033411026,0.2530308961868286,0.2159542292356491,22.133766174316406,3.802519495366141e-05,-42.45570755004883,,0.05544932931661606,
48955392,0.002883626613765955,0.3112782835960388,0.014007523655891418,0.22911487519741058,0.14540626108646393,0.197226881980896,24.55054473876953,5.3031624702271074e-05,,,,
49020928,0.0038660545833408833,0.1914818435907364,0.008616683073341846,0.22882816195487976,0.09012186527252197,0.1602444350719452,23.23601722717285,0.0002818068314809352,,,,
49086464,0.00491567375138402,0.22041478753089905,0.009918666444718838,0.22854143381118774,0.08175817131996155,0.11792080104351044,19.98601531982422,0.00041883927769958973,,,,
49152000,0.0013395892456173897,0.23980695009231567,0.010791313834488392,0.22825472056865692,0.10120531916618347,0.20372550189495087,21.42511749267578,0.0001298778661293909,,,,
49217536,0.002593552926555276,0.2115795612335205,0.009521080181002617,0.2279680073261261,0.10434070229530334,0.13535375893115997,19.08835220336914,0.00027582573238760233,,-47.54741668701172,,0.0068359375
49283072,0.010697423480451107,2.9417736530303955,0.13237980008125305,0.22768127918243408,0.03378996253013611,0.1912686973810196,37.62453079223633,7.660595292691141e-05,,,,
49348608,0.012366238981485367,3.042879104614258,0.13692957162857056,0.22739456593990326,0.018487179651856422,0.5819410085678101,48.64760971069336,3.815879608737305e-05,,,,
49414144,0.00592502485960722,2.8782365322113037,0.12952065467834473,0.22710783779621124,0.062146350741386414,0.24999423325061798,26.773740768432617,2.0945131836924702e-05,,,,
49479680,0.006309797987341881,1.5335816144943237,0.06901117414236069,0.22682112455368042,0.10378292202949524,0.2003389149904251,30.958547592163086,0.00018182906205765903,,,,
49545216,0.005226765759289265,1.8024790287017822,0.08111156523227692,0.2265343964099884,0.07684123516082764,0.09239671379327774,21.667997360229492,8.362606604350731e-05,,,,
49610752,0.0046880352310836315,0.6070706844329834,0.027318183332681656,0.22624768316745758,0.19055873155593872,0.2038685828447342,35.81941604614258,0.0001472534058848396,-53.05533981323242,,0.01425356324762106,
49676288,0.009522437117993832,0.29420697689056396,0.013239312916994095,0.22596095502376556,0.023431949317455292,0.13706709444522858,43.19072723388672,6.82895552017726e-05,,,,
49741824,0.004894563462585211,0.24821271002292633,0.011169572360813618,0.22567424178123474,0.4344642460346222,2.677353858947754,29.284074783325195,5.632240936392918e-05,,,,
49807360,0.005067656747996807,0.19212007522583008,0.008645403198897839,0.22538751363754272,0.4652482569217682,0.7148045897483826,31.469390869140625,9.896370465867221e-05,,,,
49872896,0.004764661192893982,0.641675591468811,0.028875403106212616,0.2251008003950119,0.33229345083236694,0.2330780327320099,29.698583602905273,0.0002613338874652982,,,,
49938432,0.0075191110372543335,0.8259218335151672,0.03716648370027542,0.22481408715248108,0.20667043328285217,0.26783767342567444,32.698299407958984,0.0001198580430354923,,,,
50003968,0.0011587853077799082,0.4456079304218292,0.020052358508110046,0.22452735900878906,0.11808979511260986,0.3391358554363251,26.49666404724121,8.802425873000175e-05,,,,
50069504,0.005516890902072191,0.3206493556499481,0.01442921906709671,0.22424064576625824,0.1129973828792572,0.246449276804924,27.863826751708984,0.00030893817893229425,,,,
50135040,0.006843037903308868,0.2863834798336029,0.012887257151305676,0.22395391762256622,0.09623114764690399,0.26517388224601746,25.09484100341797,0.00015515342238359153,,,,
50200576,0.002933769254013896,1.0240414142608643,0.04608186334371567,0.2236672043800354,0.10370998084545135,0.2533342242240906,24.26741600036621,6.21555809630081e-05,,,,
50266112,0.004544051364064217,0.5670574307441711,0.02551758661866188,0.22338047623634338,0.12805891036987305,0.14875933527946472,29.988725662231445,6.19911152170971e-05,,,,
50331648,0.0038764839991927147,0.23819631338119507,0.010718834586441517,0.22309376299381256,0.15287363529205322,0.16503693163394928,21.089576721191406,0.0003090769168920815,,,,
50397184,0.003478077705949545,0.21464219689369202,0.009658899158239365,0.22280703485012054,0.13930463790893555,0.2005588561296463,22.371442794799805,0.00014964990259613842,,,,
50462720,0.006068757735192776,0.21399034559726715,0.009629566222429276,0.22252032160758972,0.13056880235671997,0.24673515558242798,26.391313552856445,0.00012722922838293016,,,,
50528256,0.0022628428414463997,0.7220113277435303,0.032490506768226624,0.2222335934638977,0.11833979189395905,0.24034427106380463,24.274730682373047,8.97225909284316e-05,,,,
50593792,0.0024636690504848957,0.6879241466522217,0.030956584960222244,0.22194688022136688,0.10807697474956512,0.1506342589855194,22.272502899169922,2.557051084295381e-05,-45.74040222167969,,0.10368216782808304,
50659328,0.0053072599694132805,0.3761752247810364,0.016927888616919518,0.22166016697883606,0.08093370497226715,0.15633529424667358,28.79038429260254,7.500372885260731e-05,,,,
50724864,0.005240194499492645,0.2547602951526642,0.011464213952422142,0.22137343883514404,0.04839561879634857,0.13088567554950714,23.41185760498047,0.0005016929935663939,,,,
50790400,0.002359118778258562,0.7920464873313904,0.035642094910144806,0.22108672559261322,0.04953514784574509,0.126302108168602,23.894018173217773,0.0003599052142817527,,,,
50855936,0.004601981956511736,0.4016338884830475,0.01807352527976036,0.2207999974489212,0.14442557096481323,0.18915346264839172,31.63542366027832,0.00012414705997798592,,-48.980106353759766,,0.00390625
50921472,0.022693568840622902,2.965754747390747,0.1334589719772339,0.22051328420639038,0.024746794253587723,0.19381263852119446,43.02084732055664,7.328444917220622e-05,,,,
50987008,0.005549781955778599,3.0536885261535645,0.13741596043109894,0.22022655606269836,0.012663758359849453,0.3479633331298828,35.0610466003418,3.5444296372588724e-05,,,,
51052544,0.013683057390153408,2.8031153678894043,0.12614020705223083,0.21993984282016754,0.054141007363796234,0.332062304019928,39.23908233642578,2.024530476774089e-05,,,,
51118080,0.0035835374146699905,1.540311336517334,0.06931401044130325,0.21965311467647552,0.08640512824058533,0.2210375815629959,23.389999389648438,0.0001785102067515254,,,,
51183616,0.004903084132820368,2.0134925842285156,0.0906071737408638,0.2193664014339447,0.08156824111938477,0.22076360881328583,19.483680725097656,6.582344212802127e-05,,,,
51249152,0.0043495758436620235,0.7443645000457764,0.03349640220403671,0.21907967329025269,0.31886032223701477,0.5213388800621033,31.711854934692383,0.00011454758350737393,-57.657493591308594,,0.012274368666112423,
51314688,0.006945793982595205,0.253815621137619,0.011421704664826393,0.21879296004772186,0.03341040015220642,0.17391452193260193,34.43072509765625,7.289859058801085e-05,,,,
51380224,0.0008418308570981026,0.2760680913925171,0.012423064559698105,0.21850624680519104,0.21992872655391693,1.315962553024292,31.066354751586914,5.406156196841039e-05,,,,
51445760,0.003189715789631009,0.40331536531448364,0.01814918965101242,0.21821951866149902,0.26288729906082153,0.2496826946735382,28.280622482299805,4.375512071419507e-05,,,,
51511296,0.004373264964669943,0.42443808913230896,0.01909971609711647,0.2179328054189682,0.11687375605106354,0.17792104184627533,22.585628509521484,0.00015174799773376435,,,,
51576832,0.0025229090824723244,0.32091692090034485,0.014441261999309063,0.21764607727527618,0.16385811567306519,0.17441409826278687,29.186798095703125,0.0002565280010458082,,,,
51642368,0.0027431633789092302,0.2727716863155365,0.012274726293981075,0.21735936403274536,0.06245333328843117,0.20820187032222748,24.513874053955078,0.0003013780515175313,,,,
51707904,0.004333063494414091,0.23011514544487,0.010355181992053986,0.21707263588905334,0.05622376501560211,0.10114320367574692,23.037094116210938,0.00018543272744864225,,,,
51773440,0.004247101489454508,0.6642432808876038,0.02989094704389572,0.21678592264652252,0.04279410094022751,0.10066234320402145,26.97966957092285,6.64309409330599e-05,,,,
51838976,0.003963659983128309,0.6679317355155945,0.03005692921578884,0.2164991945028305,0.07847088575363159,0.11543742567300797,22.14190673828125,2.4551121896365657e-05,,,,
51904512,0.004009581170976162,0.3204393982887268,0.014419772662222385,0.21621248126029968,0.07870568335056305,0.16430385410785675,30.31304359436035,0.00011469583841972053,-42.85236740112305,,0.04628949239850044,
51970048,0.004932320676743984,0.25506484508514404,0.011477919295430183,0.21592575311660767,0.04997488111257553,0.09510350227355957,21.697412490844727,0.0002524115261621773,,,,
52035584,0.00641465513035655,0.2063235193490982,0.00928455963730812,0.21563903987407684,0.049118172377347946,0.09927114099264145,23.020448684692383,0.0001335146080236882,,,,
52101120,0.003327297745272517,0.6751675605773926,0.030382540076971054,0.21535232663154602,0.07286649942398071,0.10124035179615021,26.603599548339844,5.154103200766258e-05,,,,
52166656,0.004062268417328596,0.4004497230052948,0.018020236864686012,0.215065598487854,0.05801364779472351,0.15905192494392395,29.923572540283203,4.3180501961614937e-05,,,,
52232192,0.005740145221352577,0.23427993059158325,0.010542597621679306,0.21477888524532318,0.07824340462684631,0.12894006073474884,25.83559226989746,0.0002705611113924533,,,,
52297728,0.0057631731033325195,0.2178507298231125,0.009803283028304577,0.21449215710163116,0.07725448906421661,0.17799167335033417,20.38410186767578,0.00024644905352033675,,,,
52363264,0.0027198796160519123,0.4934637248516083,0.022205866873264313,0.21420544385910034,0.06338149309158325,0.15840481221675873,20.501461029052734,0.00017371537978760898,,,,
52428800,0.006548401899635792,0.4965469539165497,0.02234461158514023,0.21391871571540833,0.09821682423353195,0.7686704993247986,32.802490234375,3.829924753517844e-05,,,,
52494336,0.0009646648541092873,0.3306694030761719,0.014880124479532242,0.2136320024728775,0.10704156011343002,0.29582124948501587,20.02140998840332,5.2596045861719176e-05,-39.40271759033203,-45.212982177734375,0.011128775775432587,0.0068359375
52559872,0.00884966179728508,2.885470390319824,0.12984617054462433,0.21334527432918549,0.08626039326190948,0.4740683436393738,41.40094757080078,7.020506745902821e-05,,,,
52625408,0.014204856939613819,2.9974303245544434,0.13488435745239258,0.21305856108665466,0.014386188238859177,0.5591017007827759,50.8624267578125,3.740944157470949e-05,,,,
52690944,0.006807960569858551,2.6542468070983887,0.11944109946489334,0.21277183294296265,0.06213805824518204,0.28383660316467285,33.19408416748047,1.780088678060565e-05,,,,
52756480,0.006377716548740864,1.910575032234192,0.08597587049007416,0.21248511970043182,0.06917337328195572,0.16096872091293335,27.540380477905273,0.0001387668598908931,,,,
52822016,0.005694204475730658,2.0028791427612305,0.09012956917285919,0.212198406457901,0.07461346685886383,0.14458850026130676,18.040084838867188,6.716880307067186e-05,,,,
52887552,0.007816572673618793,0.6683397889137268,0.03007529303431511,0.21191167831420898,0.27984654903411865,0.22564539313316345,36.29718017578125,0.00014903757255524397,,,,
52953088,0.007229042239487171,0.3193380534648895,0.014370213262736797,0.21162496507167816,0.026550456881523132,0.10702133178710938,35.079341888427734,9.401491843163967e-05,,,,
53018624,0.004389546345919371,0.4062836766242981,0.01828276738524437,0.21133823692798615,0.14600558578968048,1.152023196220398,34.564414978027344,4.5276214223122224e-05,,,,
53084160,0.006980554666370153,0.3878548741340637,0.017453471198678017,0.21105152368545532,0.2525697946548462,0.2575034499168396,30.533735275268555,4.876151433563791e-05,,,,
53149696,0.006017584353685379,0.41493353247642517,0.01867200806736946,0.2107647955417633,0.07885878533124924,0.4257257580757141,28.150487899780273,0.00011899112723767757,,,,
53215232,0.0009728963486850262,0.3725776672363281,0.01676599681377411,0.21047808229923248,0.1079769879579544,0.6669588685035706,24.016000747680664,0.00013233182835392654,-33.632293701171875,,0.0732421875,
53280768,0.006436638534069061,0.2687123715877533,0.01209205575287342,0.21019135415554047,0.09594152122735977,0.3062407076358795,29.08601951599121,0.0002339960919925943,,,,
53346304,0.009398040361702442,0.2681348919868469,0.012066071853041649,0.20990464091300964,0.07383538782596588,0.11944683641195297,24.61667823791504,0.0002969834895338863,,,,
53411840,0.005483908578753471,0.37955716252326965,0.017080072313547134,0.20961791276931763,0.046710990369319916,0.1104264110326767,24.932186126708984,0.00013346195919439197,,,,
53477376,0.0049965595826506615,0.7481489181518555,0.0336667038500309,0.2093311995267868,0.06668530404567719,0.12148229032754898,24.332958221435547,2.9182394428062253e-05,,,,
53542912,0.001218933379277587,0.40109941363334656,0.01804947480559349,0.20904448628425598,0.07346910238265991,0.16679461300373077,28.38744354248047,7.704494055360556e-05,,,,
53608448,0.004337300546467304,0.2853618860244751,0.012841286137700081,0.20875775814056396,0.0463925302028656,0.10613846778869629,20.901649475097656,0.00040355167584493756,-40.081809997558594,,0.008612439967691898,
53673984,0.0023645993787795305,0.23858892917633057,0.010736502707004547,0.20847104489803314,0.044919222593307495,0.1264582723379135,19.92230224609375,0.00012820576375816017,,,,
53739520,0.0033547645434737206,0.5884006023406982,0.026478026062250137,0.20818431675434113,0.06195417046546936,0.14004553854465485,25.18494987487793,5.922032141825184e-05,,,,
53805056,0.004203912802040577,0.4997613728046417,0.022489262744784355,0.2078976035118103,0.09036601334810257,0.17904406785964966,23.7141170501709,1.9291310309199616e-05,,,,
53870592,0.002553742378950119,0.289122074842453,0.013010493479669094,0.2076108753681183,0.07052241265773773,0.14615345001220703,22.58885955810547,0.00011533217184478417,,,,
53936128,0.0036101776640862226,0.2545514404773712,0.011454815976321697,0.20732416212558746,0.08576635271310806,0.17925605177879333,22.664051055908203,0.00032560882391408086,,,,
54001664,0.005556174088269472,0.2144506573677063,0.009650279767811298,0.20703743398189545,0.07979544252157211,0.370641827583313,22.78487205505371,0.00024343255790881813,,,,
54067200,0.0032061608508229256,0.2115315943956375,0.009518923237919807,0.20675072073936462,0.05547494441270828,0.13184921443462372,22.779611587524414,0.00013707831385545433,,,,
54132736,0.004728871397674084,0.20741093158721924,0.009333492256700993,0.2064639925956726,0.047437116503715515,0.1498880386352539,26.28689193725586,0.0004085740656591952,,-44.48416519165039,,0.0107421875
54198272,0.007970454171299934,2.8993473052978516,0.1304706335067749,0.20617727935314178,0.061865661293268204,0.27045440673828125,40.6903076171875,9.1685084044002e-05,,,,
54263808,0.00963553972542286,3.051908016204834,0.137335866689682,0.20589056611061096,0.019203824922442436,0.40163543820381165,44.09772491455078,3.359328911756165e-05,,,,
54329344,0.00741022452712059,2.8413968086242676,0.1278628557920456,0.20560383796691895,0.05624675005674362,0.2592180669307709,32.314430236816406,1.5268293282133527e-05,,,,
54394880,0.005761417094618082,1.6171047687530518,0.07276970893144608,0.20531712472438812,0.08075062185525894,0.1557278037071228,27.075977325439453,0.00015448998601641506,-41.79067611694336,,0.012275731191039085,
54460416,0.007940051145851612,1.6631170511245728,0.07484027743339539,0.2050303965806961,0.11971308290958405,0.27282100915908813,24.549806594848633,6.714411574648693e-05,,,,
54525952,0.005222971551120281,0.5820638537406921,0.02619287371635437,0.20474368333816528,0.20265069603919983,0.1578103005886078,36.18193435668945,0.00012414102093316615,,,,
54591488,0.002837922889739275,0.2949087619781494,0.013270894065499306,0.20445695519447327,0.03299137204885483,0.1291438639163971,31.135555267333984,8.269254612969235e-05,,,,
54657024,0.004840088076889515,0.2190382182598114,0.00985671952366829,0.20417024195194244,0.2086939513683319,0.6378751397132874,31.97482681274414,7.05504571669735e-05,,,,
54722560,0.001915288856253028,0.18701951205730438,0.008415878750383854,0.20388351380825043,0.09724359959363937,0.18391652405261993,25.635948181152344,7.201370317488909e-05,,,,
54788096,0.007602660916745663,0.1643383651971817,0.007395227439701557,0.2035968005657196,0.09145992249250412,0.41679537296295166,32.5133056640625,0.00017907647998072207,,,,
54853632,0.0038246887270361185,0.5687010288238525,0.025591548532247543,0.20331008732318878,0.11042764782905579,0.16885457932949066,30.376388549804688,0.0001249423949047923,-30.724990844726562,,0.09944237768650055,
54919168,0.0028765713796019554,0.19594550132751465,0.008817547932267189,0.20302335917949677,0.10597115755081177,0.146668940782547,25.137468338012695,0.00014708902745041996,,,,
54984704,0.0027044638991355896,0.1860535740852356,0.008372410200536251,0.20273664593696594,0.07540164887905121,0.17110854387283325,20.12616729736328,0.00019261812849435955,,,,
55050240,0.00502355583012104,0.3426732122898102,0.015420295298099518,0.20244991779327393,0.08107498288154602,0.16319577395915985,30.137948989868164,6.524620403070003e-05,,,,
55115776,0.006254876498132944,0.36664286255836487,0.016498930752277374,0.2021632045507431,0.08738315105438232,0.3737943768501282,31.303281784057617,2.4530867449357174e-05,,,,
55181312,0.001696199644356966,0.2558215260505676,0.011511968448758125,0.2018764764070511,0.11256487667560577,0.16532422602176666,27.03213882446289,8.066214650170878e-05,,,,
55246848,0.002426203340291977,0.20868924260139465,0.009391016326844692,0.20158976316452026,0.10712642967700958,0.13295042514801025,19.399818420410156,0.00020616601977963,,,,
55312384,0.0028850820381194353,0.18129239976406097,0.008158158510923386,0.20130303502082825,0.10720029473304749,0.4912501871585846,20.616491317749023,0.0001388638629578054,,,,
55377920,0.0030647513922303915,0.5214474201202393,0.02346513420343399,0.20101632177829742,0.08991594612598419,0.14348247647285461,24.581451416015625,7.983780233189464e-05,-44.125614166259766,,0.0027497708797454834,
55443456,0.004319842904806137,0.5564384460449219,0.025039728730916977,0.2007295936346054,0.06089312955737114,0.10210973769426346,22.20179557800293,1.8447830370860174e-05,,,,
55508992,0.0018820762634277344,0.28806886076927185,0.012963097542524338,0.20044288039207458,0.05851821228861809,0.121041439473629,24.214618682861328,8.5151543316897e-05,,,,
55574528,0.0037572472356259823,0.20376552641391754,0.009169449098408222,0.20015616714954376,0.07407839596271515,0.13436725735664368,21.433422088623047,0.00032537899096496403,,,,
55640064,0.0025953021831810474,0.18148493766784668,0.008166822604835033,0.19986943900585175,0.06670378148555756,0.27850306034088135,20.33846092224121,0.0003184841189067811,,,,
55705600,0.007137145847082138,0.5589841604232788,0.02515428513288498,0.19958272576332092,0.06856396794319153,0.10207229107618332,35.71497344970703,0.0001027449470711872,,,,
55771136,0.0006500178133137524,0.23333831131458282,0.010500224307179451,0.1992959976196289,0.09603011608123779,0.21265454590320587,26.407421112060547,0.0002105590101564303,,-46.42167663574219,,0.0009765625
55836672,0.014452156610786915,2.9468963146209717,0.13261035084724426,0.19900928437709808,0.04453791677951813,0.3909716010093689,42.7090950012207,6.808484613429755e-05,,,,
55902208,0.009186066687107086,3.133160352706909,0.14099222421646118,0.19872255623340607,0.0043366109021008015,0.2379920780658722,50.21809387207031,3.254392140661366e-05,,,,
55967744,0.005528030917048454,3.026823043823242,0.13620705902576447,0.19843584299087524,0.04122032970190048,0.3937099277973175,27.640674591064453,1.687377516645938e-05,,,,
56033280,0.0033239792101085186,2.35430645942688,0.10594378411769867,0.19814911484718323,0.0569901205599308,0.15930931270122528,24.3466796875,0.00012664606038015336,,,,
56098816,0.0058951182290911674,2.3136954307556152,0.1041162982583046,0.1978624016046524,0.10125364363193512,0.17276602983474731,24.201021194458008,6.420673162210733e-05,,,,
56164352,0.006252241786569357,0.7678648233413696,0.03455392271280289,0.1975756734609604,0.20569901168346405,0.15572121739387512,38.7769775390625,0.000151065643876791,-39.99231719970703,,0.012492192909121513,
56229888,0.0023231012746691704,0.32205623388290405,0.01449253037571907,0.19728896021842957,0.012990070506930351,0.08181245625019073,29.17616081237793,9.430096542928368e-05,,,,
56295424,0.0017918618395924568,0.2812775671482086,0.012657491490244865,0.19700224697589874,0.06422936916351318,0.10982494801282883,22.200042724609375,6.338549428619444e-05,,,,
56360960,0.0037594109307974577,0.3165222704410553,0.014243502169847488,0.19671551883220673,0.098517507314682,0.14349663257598877,26.00287628173828,5.22179834661074e-05,,,,
56426496,0.0027992920950055122,0.4558465778827667,0.020513096824288368,0.1964288055896759,0.04608812928199768,0.4181228578090668,23.053483963012695,0.00011225663183722645,,,,
56492032,0.003025202779099345,0.3476232886314392,0.015643049031496048,0.1961420774459839,0.1407831460237503,0.5814154744148254,32.73640441894531,0.000125416656374,,,,
56557568,0.0028928867541253567,0.2225801646709442,0.010016108863055706,0.19585536420345306,0.08473022282123566,0.4577673077583313,24.75564193725586,0.00027756215422414243,,,,
56623104,0.009973381645977497,0.23846718668937683,0.010731023736298084,0.19556863605976105,0.07642991095781326,0.2638140022754669,30.639989852905273,0.00019935269665438682,,,,
56688640,0.004408408887684345,0.37974464893341064,0.0170885119587183,0.19528192281723022,0.062144383788108826,0.14780420064926147,23.83324432373047,6.212857260834426e-05,,,,
56754176,0.0032058164943009615,0.7879854440689087,0.03545934706926346,0.1949951946735382,0.05631360411643982,0.08850008994340897,23.37795639038086,2.2022592020221055e-05,,,,
56819712,0.0018637010361999273,0.45741891860961914,0.020583853125572205,0.19470848143100739,0.0672699362039566,0.14361228048801422,29.789583206176758,7.745187031105161e-05,-34.04423141479492,,0.03611898049712181,
56885248,0.0045066112652421,0.2468145340681076,0.01110665313899517,0.19442175328731537,0.05319218710064888,0.10470718145370483,19.183698654174805,0.0002575975959189236,,,,
56950784,0.003711497178301215,0.1902332901954651,0.008560499176383018,0.19413504004478455,0.05117984861135483,0.0760430246591568,20.479820251464844,0.00014307086530607194,,,,
57016320,0.0017742873169481754,0.5119118094444275,0.023036034777760506,0.19384832680225372,0.05237450450658798,0.15554286539554596,24.188461303710938,6.004715760354884e-05,,,,
57081856,0.004895593971014023,0.6609368324279785,0.029742158949375153,0.1935615986585617,0.10024157166481018,0.2370026707649231,33.1386833190918,1.7347721950500272e-05,,,,
57147392,0.0026738527230918407,0.34200945496559143,0.01539042592048645,0.19327488541603088,0.09789354354143143,0.2050119936466217,25.288082122802734,5.415390114649199e-05,,,,
57212928,0.0033603215124458075,0.20621643960475922,0.00927974097430706,0.19298815727233887,0.024924730882048607,0.12391561269760132,25.84465980529785,0.00013170097372494638,,,,
57278464,0.002594193210825324,0.19349628686904907,0.008707333356142044,0.19270144402980804,0.036918528378009796,0.09027262777090073,22.8560733795166,0.00011858421203214675,,,,
57344000,0.00198416062630713,0.2985725402832031,0.01343576516956091,0.19241471588611603,0.034122489392757416,0.13943400979042053,27.741689682006836,8.268260717159137e-05,,,,
57409536,0.0019393728580325842,0.18662138283252716,0.00839796382933855,0.1921280026435852,0.06730738282203674,0.8294252753257751,25.217567443847656,0.00013864916400052607,-35.39712905883789,-47.028953552246094,0.0449017770588398,0.0009765625
57475072,0.019069969654083252,2.9705922603607178,0.1336766481399536,0.1918412744998932,0.01496625505387783,0.1608506143093109,44.23958969116211,6.357437814585865e-05,,,,
57540608,0.011430610902607441,3.106536865234375,0.13979418575763702,0.19155456125736237,0.002583009423688054,0.25975310802459717,50.715457916259766,2.8515489248093218e-05,,,,
57606144,0.006831925828009844,3.0037384033203125,0.13516822457313538,0.19126783311367035,0.024614395573735237,0.6210417151451111,31.317970275878906,1.7565971575095318e-05,,,,
57671680,0.006980924401432276,2.395382881164551,0.10779222846031189,0.19098111987113953,0.07323390245437622,0.18305756151676178,30.637706756591797,0.00010891357669606805,,,,
57737216,0.005166542716324329,2.315305709838867,0.10418877005577087,0.1906944066286087,0.0737190991640091,0.09754715114831924,21.055118560791016,5.29253993590828e-05,,,,
57802752,0.010382136330008507,0.8566092252731323,0.038547419011592865,0.1904076784849167,0.19139157235622406,0.1962583065032959,47.27254867553711,0.0001157359074568376,,,,
57868288,0.00674459058791399,0.3430532217025757,0.015437396243214607,0.19012096524238586,0.01622442901134491,0.08890896290540695,38.23035430908203,5.380340007832274e-05,,,,
57933824,0.002775715198367834,0.5157586932182312,0.023209141567349434,0.18983423709869385,0.040529441088438034,0.285614937543869,25.38833999633789,3.453837416600436e-05,,,,
57999360,0.0028727129101753235,0.6277598738670349,0.028249191120266914,0.18954752385616302,0.07813785970211029,0.2786283791065216,23.021629333496094,4.0633058233652264e-05,,,,
58064896,0.0036147551145404577,0.35529977083206177,0.015988491475582123,0.189260795712471,0.055253803730010986,0.355244904756546,25.39420509338379,9.632090223021805e-05,,,,
58130432,0.006267314776778221,0.2521525025367737,0.011346861720085144,0.18897408246994019,0.06604400277137756,0.2351512759923935,38.719810485839844,0.0005813118768855929,-33.63083267211914,,0.03818181902170181,
58195968,0.006014597602188587,0.23928630352020264,0.01076788455247879,0.18868735432624817,0.09862864017486572,0.3561627268791199,32.0565185546875,0.0005816023331135511,,,,
58261504,0.00034929101821035147,0.3069912791252136,0.013814607635140419,0.18840064108371735,0.0255148746073246,0.09655845165252686,22.202171325683594,0.0001756880374159664,,,,
58327040,0.0014939696993678808,0.7108216285705566,0.03198697417974472,0.18811391294002533,0.060456372797489166,0.09081340581178665,24.31083869934082,5.194858749746345e-05,,,,
58392576,0.0037751237396150827,0.6009618639945984,0.027043286710977554,0.1878271996974945,0.05698050931096077,0.16693727672100067,23.71379852294922,2.8391081286827102e-05,,,,
58458112,0.0026034992188215256,0.3225806653499603,0.014516131952404976,0.18754048645496368,0.09829520434141159,0.1977289766073227,27.979833602905273,0.00038104661507532,,,,
58523648,0.002100117038935423,0.2968246042728424,0.013357107527554035,0.18725375831127167,0.1039038598537445,0.13522259891033173,23.578018188476562,0.0011641503078863025,,,,
58589184,0.004997584968805313,0.27990326285362244,0.012595647014677525,0.18696704506874084,0.07885213196277618,0.22133195400238037,25.10896873474121,0.00024056321126408875,,,,
58654720,0.0026955255307257175,0.28047794103622437,0.012621507979929447,0.18668031692504883,0.06698660552501678,0.15070684254169464,30.563575744628906,6.599634070880711e-05,,,,
58720256,0.0041462210938334465,0.7812020182609558,0.03515408933162689,0.186393603682518,0.14306315779685974,0.4912349581718445,27.486164093017578,6.793780630687252e-05,-33.9746208190918,,0.0338028185069561,
58785792,0.002225981093943119,0.30137285590171814,0.013561777770519257,0.186106875538826,0.12012705206871033,0.26959526538848877,28.039676666259766,8.596459520049393e-05,,,,
58851328,0.0024936336558312178,0.23824456334114075,0.01072100643068552,0.18582016229629517,0.06547548621892929,0.12273714691400528,26.164894104003906,0.00030177852022461593,,,,
58916864,0.0034862414468079805,0.2300710529088974,0.010353198274970055,0.18553343415260315,0.04383106529712677,0.2401420921087265,25.225887298583984,0.0003955912252422422,,,,
58982400,0.002704270649701357,0.22837409377098083,0.010276833549141884,0.18524672091007233,0.032821111381053925,0.08677201718091965,25.359027862548828,0.00018482359882909805,,,,
59047936,0.004990905523300171,0.2291535586118698,0.010311910882592201,0.1849599927663803,0.04325592517852783,0.09562670439481735,25.007680892944336,0.00019471235282253474,,-44.52314758300781,,0.00390625
59113472,0.009326064959168434,2.978297710418701,0.13402339816093445,0.1846732795238495,0.026428746059536934,0.09655729681253433,48.25138473510742,8.461123798042536e-05,,,,
59179008,0.006527276709675789,3.0777668952941895,0.13849951326847076,0.18438656628131866,0.004943986423313618,0.28766030073165894,41.633155822753906,4.542194801615551e-05,,,,
59244544,0.0061068469658494,2.975029230117798,0.13387632369995117,0.18409983813762665,0.01135956309735775,0.4202278256416321,29.126665115356445,1.5467399862245657e-05,,,,
59310080,0.0034380247816443443,2.544267177581787,0.1144920364022255,0.18381312489509583,0.06224628537893295,0.17849120497703552,25.403545379638672,8.96490309969522e-05,,,,
59375616,0.004669399932026863,2.437908411026001,0.10970587283372879,0.1835263967514038,0.07275640964508057,0.13011059165000916,22.454172134399414,5.3739633585792035e-05,,,,
59441152,0.004997678566724062,0.7998347282409668,0.0359925702214241,0.18323968350887299,0.20555400848388672,0.20288550853729248,35.92641830444336,0.00014175203978084028,-39.69139099121094,,0.017228465527296066,
59506688,0.00575029943138361,0.3837587535381317,0.017269141972064972,0.18295295536518097,0.0175546333193779,0.09394624829292297,33.44211959838867,6.912937533343211e-05,,,,
59572224,0.0035456179175525904,1.074824571609497,0.048367105424404144,0.18266624212265015,0.03210492804646492,0.17269682884216309,24.489826202392578,5.082779534859583e-05,,,,
59637760,0.004671898204833269,1.0855159759521484,0.0488482229411602,0.18237951397895813,0.0409904420375824,0.36042100191116333,26.900432586669922,3.2632084185024723e-05,,,,
59703296,0.005186043679714203,0.5219118595123291,0.023486029356718063,0.1820928007364273,0.03758831322193146,0.4631895422935486,26.493513107299805,8.851128950482234e-05,,,,
59768832,0.007776572369039059,0.3361928462982178,0.01512867771089077,0.1818060725927353,0.05782753974199295,0.20509573817253113,33.6623420715332,0.000811633886769414,,,,
59834368,0.0033479714766144753,0.27551954984664917,0.012398379854857922,0.18151935935020447,0.09404996037483215,0.40548956394195557,30.391643524169922,0.000863569148350507,,,,
59899904,0.005483176559209824,0.31271812319755554,0.014072314836084843,0.18123264610767365,0.03606955707073212,0.07586619257926941,25.024402618408203,0.00028809456853196025,,,,
59965440,0.007394122891128063,0.8351268768310547,0.0375807099044323,0.18094591796398163,0.019685039296746254,0.10330218076705933,25.81382942199707,9.359934483654797e-05,,,,
60030976,0.00409075990319252,1.0030386447906494,0.045136746019124985,0.1806592047214508,0.05467648431658745,0.12518608570098877,22.4664306640625,2.3143446014728397e-05,,,,
60096512,-0.00022477819584310055,0.5053338408470154,0.02274002507328987,0.1803724765777588,0.05851142108440399,0.13378669321537018,26.35828971862793,9.740162931848317e-05,-26.063678741455078,,0.05128204822540283,
60162048,0.0024118225555866957,0.2774043679237366,0.012483197264373302,0.18008576333522797,0.07693027704954147,0.6917724609375,23.320837020874023,0.0007087006815709174,,,,
60227584,0.003297261893749237,0.25791221857070923,0.011606048792600632,0.17979903519153595,0.06259151548147202,0.14216893911361694,20.644351959228516,0.000277798535535112,,,,
60293120,0.002258394844830036,0.5577446222305298,0.025098510086536407,0.17951232194900513,0.06904954463243484,0.11685984581708908,29.244834899902344,0.00010495210881344974,,,,
60358656,0.001963387243449688,0.39152634143829346,0.017618684098124504,0.1792255938053131,0.0800791084766388,0.17743955552577972,27.83336639404297,5.165451148059219e-05,,,,
60424192,0.004485612735152245,0.3118252754211426,0.014032138511538506,0.1789388805627823,0.1437665820121765,0.25925159454345703,30.941162109375,8.982464350992814e-05,,,,
60489728,0.004931002855300903,0.25849515199661255,0.011632283218204975,0.17865216732025146,0.14164480566978455,0.2779097855091095,29.311473846435547,0.0002492237545084208,,,,
60555264,0.005502140149474144,0.22653868794441223,0.010194242000579834,0.17836543917655945,0.11172200739383698,0.16310453414916992,30.099857330322266,0.0003485053312033415,,,,
60620800,0.0022084442898631096,0.20957234501838684,0.00943075679242611,0.17807872593402863,0.0876745879650116,0.11142894625663757,22.53777313232422,0.0001876312162494287,,,,
60686336,0.0031884373165667057,0.2321700006723404,0.010447651147842407,0.1777919977903366,0.07596249133348465,0.13624420762062073,24.605195999145508,0.0003031028318218887,,-47.14857482910156,,0.0009765625
60751872,0.008614564314484596,3.0802462100982666,0.1386111080646515,0.1775052845478058,0.019306180998682976,0.14169970154762268,40.601318359375,6.312243203865364e-05,,,,
60817408,0.008714884519577026,3.107111930847168,0.13982005417346954,0.17721855640411377,0.0012922673486173153,0.22918160259723663,52.228111267089844,2.588677489256952e-05,,,,
60882944,0.005135225132107735,3.006852149963379,0.13530834019184113,0.17693184316158295,0.0070238420739769936,0.4035605192184448,31.264310836791992,1.6354308172594756e-05,,,,
60948480,0.00401685293763876,2.5699222087860107,0.11564650386571884,0.17664511501789093,0.04936334863305092,0.2032015323638916,30.92677116394043,9.192651486955583e-05,,,,
61014016,0.0036948691122233868,2.4697272777557373,0.11113773286342621,0.1763584017753601,0.058242227882146835,0.1283162534236908,21.230459213256836,5.125873212818988e-05,-40.726715087890625,,0.010721247643232346,
61079552,0.002940902952104807,0.9366991519927979,0.04215146601200104,0.1760716736316681,0.2407219558954239,0.19935958087444305,37.342323303222656,0.00010004876094171777,,,,
61145088,0.003121434710919857,0.39920398592948914,0.017964180558919907,0.17578496038913727,0.028962844982743263,0.10070718079805374,23.98980712890625,5.5095621064538136e-05,,,,
61210624,0.005663739982992411,0.6463123559951782,0.02908405475318432,0.17549824714660645,0.03651297092437744,0.16557765007019043,32.16733169555664,3.840145291178487e-05,,,,
61276160,0.0013828526716679335,0.43123379349708557,0.01940552331507206,0.17521151900291443,0.051611073315143585,0.26005712151527405,24.411861419677734,3.647170524345711e-05,,,,
61341696,0.0024580752942711115,0.28901395201683044,0.013005629181861877,0.1749248057603836,0.029789401218295097,0.32939279079437256,26.170780181884766,0.00011636069393716753,,,,
61407232,0.004808973520994186,0.23914751410484314,0.010761638171970844,0.1746380776166916,0.06343724578619003,0.5536031723022461,33.56736755371094,0.0004938678466714919,,,,
61472768,0.0022171055898070335,0.24839825928211212,0.011177921667695045,0.17435136437416077,0.09922415018081665,0.23172041773796082,29.849254608154297,0.000301352672977373,-32.92597198486328,,0.03849303722381592,
61538304,0.004898601211607456,0.4442868232727051,0.01999291032552719,0.17406463623046875,0.0484013669192791,0.10913753509521484,26.79535675048828,0.0001849417167250067,,,,
61603840,0.007772946730256081,1.0602233409881592,0.047710057348012924,0.17377792298793793,0.040634095668792725,0.10480479896068573,27.125730514526367,5.1039300160482526e-05,,,,
61669376,0.004131264053285122,0.7196180820465088,0.03238281235098839,0.1734911948442459,0.05209439992904663,0.12143504619598389,23.845962524414062,2.608685099403374e-05,,,,
61734912,0.007972026243805885,0.40001335740089417,0.01800060085952282,0.1732044816017151,0.03868924826383591,0.19919423758983612,44.9210319519043,0.00032811486744321883,,,,
61800448,0.00405346043407917,0.3489120602607727,0.015701044350862503,0.17291775345802307,0.06006274372339249,0.7497332096099854,28.971349716186523,0.0017045706044882536,,,,
61865984,0.0038685943000018597,0.306314617395401,0.01378415897488594,0.17263104021549225,0.05398566275835037,0.2602948546409607,27.3074893951416,0.0004403226193971932,,,,
61931520,0.002032526535913348,0.3695237636566162,0.0166285689920187,0.17234432697296143,0.04528224840760231,0.15467917919158936,22.49753761291504,0.00016691366909071803,,,,
61997056,0.0050315940752625465,0.6095551252365112,0.027429979294538498,0.1720575988292694,0.1079726368188858,0.13736721873283386,25.455020904541016,4.195080327917822e-05,,,,
62062592,0.002868930110707879,0.3050585985183716,0.013727638870477676,0.1717708855867386,0.10420553386211395,0.313551664352417,32.197532653808594,5.9200239775236696e-05,,,,
62128128,0.006278151646256447,0.2333589792251587,0.010501154698431492,0.17148415744304657,0.06836841255426407,0.13186167180538177,33.7470703125,0.00028470615507103503,,,,
62193664,0.003696261439472437,0.23663805425167084,0.010648712515830994,0.17119744420051575,0.055911388248205185,0.1268467903137207,28.270278930664062,0.0004984810366295278,,,,
62259200,0.0005881242686882615,0.43597543239593506,0.019618898630142212,0.17091071605682373,0.04531894624233246,0.13069839775562286,25.20864486694336,0.0001978068903554231,-30.900745391845703,,0.03550863638520241,
62324736,0.0036702065262943506,0.2578604221343994,0.011603718623518944,0.1706240028142929,0.0822526142001152,0.10846540331840515,32.678524017333984,0.00012886714830528945,,-45.39106750488281,,0.001953125
62390272,0.0037914703134447336,3.082174777984619,0.13869787752628326,0.1703372746706009,0.02416127920150757,0.15672701597213745,34.806541442871094,6.305016722762957e-05,,,,
62455808,0.009068118408322334,3.1719727516174316,0.14273878931999207,0.17005056142807007,0.0020576303359121084,0.3700481355190277,48.202850341796875,2.7247642719885334e-05,,,,
62521344,0.005267924629151821,3.056844711303711,0.1375580132007599,0.16976383328437805,0.006702801678329706,0.5593836903572083,34.61871337890625,1.6052870705607347e-05,,,,
62586880,0.006108124274760485,2.615323066711426,0.11768954992294312,0.16947712004184723,0.04889407008886337,0.12878184020519257,36.73523712158203,8.694837742950767e-05,,,,
62652416,0.0026687963400036097,2.5358920097351074,0.1141151487827301,0.1691904067993164,0.07004643231630325,0.11861275136470795,22.021894454956055,4.893983714282513e-05,,,,
62717952,0.004941023886203766,1.0153236389160156,0.04568956419825554,0.1689036786556244,0.23890303075313568,0.1303967386484146,39.155330657958984,8.260154572781175e-05,-37.5720100402832,,0.013071895577013493,
62783488,0.007476240396499634,0.3611171841621399,0.016250276938080788,0.16861696541309357,0.0122147211804986,0.10768971592187881,38.24729537963867,4.447175160748884e-05,,,,
62849024,0.0026958168018609285,1.230205774307251,0.05535925552248955,0.16833023726940155,0.027663977816700935,0.601760983467102,27.6230525970459,3.544303763192147e-05,,,,
62914560,0.003634152701124549,0.5534329414367676,0.024904483929276466,0.16804352402687073,0.041051872074604034,0.3649217188358307,30.897632598876953,3.2804306101752445e-05,,,,
62980096,0.002669563516974449,0.3220794200897217,0.01449357345700264,0.1677567958831787,0.04468615725636482,0.6266652345657349,23.790956497192383,7.904597441665828e-05,,,,
63045632,0.003768026130273938,0.28166282176971436,0.012674826197326183,0.1674700826406479,0.039077915251255035,0.1981368064880371,27.564367294311523,0.0006036372506059706,,,,
63111168,0.004742694087326527,0.26633307337760925,0.01198498997837305,0.16718335449695587,0.09508940577507019,0.18790750205516815,39.36307144165039,0.00044642656575888395,,,,
63176704,0.006216381676495075,0.43705278635025024,0.019667375832796097,0.16689664125442505,0.03247828409075737,0.10388445109128952,26.348037719726562,0.0002147202758351341,,,,
63242240,0.004058330785483122,0.8637762665748596,0.03886993229389191,0.16660991311073303,0.06182001158595085,0.08689821511507034,25.591196060180664,4.42275995737873e-05,,,,
63307776,0.0054848045110702515,0.9834283590316772,0.044254280626773834,0.1663231998682022,0.0339592844247818,0.09423623234033585,34.992401123046875,1.6823712940094993e-05,,,,
63373312,0.001708425348624587,0.47697365283966064,0.02146381139755249,0.1660364866256714,0.04183206707239151,0.13224804401397705,32.12782669067383,0.00013613786722999066,,,,
63438848,0.001895272172987461,0.3242093324661255,0.014589419588446617,0.16574975848197937,0.060004979372024536,0.13844262063503265,25.306482315063477,0.001285752048715949,,,,
63504384,0.0036732174921780825,0.3107745051383972,0.013984852470457554,0.16546304523944855,0.056892044842243195,0.21272403001785278,27.33816909790039,0.0003703983093146235,,,,
63569920,-0.00031652371399104595,0.29574498534202576,0.013308525085449219,0.16517631709575653,0.054235056042671204,0.19563798606395721,22.576383590698242,0.00010792829561978579,-28.404294967651367,,0.02604651264846325,
63635456,0.0016498358454555273,0.802247941493988,0.03610115870833397,0.1648896038532257,0.061539020389318466,0.079408660531044,24.45778465270996,6.669245340162888e-05,,,,
63700992,0.0013514944585040212,0.5969188213348389,0.026861347258090973,0.1646028757095337,0.11655797064304352,0.14550961554050446,27.344764709472656,3.7169989809626713e-05,,,,
63766528,0.001264957943931222,0.2659313976764679,0.011966913007199764,0.16431616246700287,0.1236685961484909,0.15428538620471954,28.27607536315918,0.00032170178019441664,,,,
63832064,0.0012837317772209644,0.258320689201355,0.011624431237578392,0.16402943432331085,0.10406476259231567,0.16135789453983307,22.912519454956055,0.0004959567449986935,,,,
63897600,0.002741660922765732,0.2682393789291382,0.012070772238075733,0.16374272108078003,0.09030574560165405,0.15318000316619873,25.17037010192871,0.00022885434736963362,,,,
63963136,0.0002135275863111019,0.2561279535293579,0.011525759473443031,0.163455992937088,0.05442814528942108,0.10385479778051376,23.62994956970215,0.00017891862080432475,,-46.688812255859375,,0.001953125
64028672,0.013310136273503304,2.998830795288086,0.13494740426540375,0.1631692796945572,0.01687742955982685,0.08665917813777924,49.60622787475586,6.250052683753893e-05,,,,
64094208,0.009244917891919613,3.1509430408477783,0.1417924463748932,0.16288256645202637,0.001339453854598105,0.18286123871803284,48.23497009277344,2.406696330581326e-05,,,,
64159744,0.0051228199154138565,3.031980037689209,0.13643911480903625,0.16259583830833435,0.012179180979728699,0.4385691285133362,30.257431030273438,1.4912060578353703e-05,,,,
64225280,0.00548543268814683,2.634164333343506,0.11853739619255066,0.16230912506580353,0.04794265702366829,0.10724776983261108,32.57392120361328,7.903605001047254e-05,,,,
64290816,0.004322998225688934,2.6106555461883545,0.11747951060533524,0.1620223969221115,0.06193993240594864,0.16291707754135132,25.455427169799805,4.8678724851924926e-05,,,,
64356352,0.004983203951269388,0.9392178654670715,0.04226480424404144,0.1617356836795807,0.2169768512248993,0.19375678896903992,38.881282806396484,0.00010636389924911782,-39.815425872802734,,0.012649799697101116,
64421888,0.002544771647080779,0.41629067063331604,0.018733080476522446,0.16144895553588867,0.016266142949461937,0.10208863019943237,26.795818328857422,5.9863217757083476e-05,,,,
64487424,0.0012536374852061272,1.549934983253479,0.06974708288908005,0.16116224229335785,0.033473171293735504,0.10065465420484543,22.932998657226562,3.102367918472737e-05,,,,
64552960,0.0036768654827028513,1.6088707447052002,0.07239919155836105,0.16087551414966583,0.0630112737417221,0.22101297974586487,30.25081443786621,2.4440741981379688e-05,,,,
64618496,0.0029771015979349613,0.570709764957428,0.025681938976049423,0.160588800907135,0.07927971333265305,0.8436436057090759,31.731725692749023,0.00014186873158905655,,,,
64684032,0.0014202471356838942,0.2583271265029907,0.011624721810221672,0.160302072763443,0.057873137295246124,0.16130205988883972,28.143465042114258,0.003244004910811782,,,,
64749568,0.004585581831634045,0.20254811644554138,0.009114665910601616,0.16001535952091217,0.06493109464645386,0.210202157497406,33.45405578613281,0.0018584940116852522,,,,
64815104,0.0017312692943960428,0.19202730059623718,0.008641229011118412,0.15972864627838135,0.03102753683924675,0.12697412073612213,23.40656852722168,0.0001966345589607954,,,,
64880640,0.003571881679818034,0.9456836581230164,0.04255576431751251,0.15944191813468933,0.030251754447817802,0.08441195636987686,20.437454223632812,6.745420978404582e-05,,,,
64946176,0.0009214445599354804,0.485006183385849,0.0218252781778574,0.1591552048921585,0.04335079342126846,0.07038433104753494,22.845088958740234,3.0447361496044323e-05,,,,
65011712,0.0021301144734025,0.2618415057659149,0.011782867833971977,0.1588684767484665,0.035808198153972626,0.09042879939079285,35.31489181518555,0.0004996682400815189,-27.1690673828125,,0.028917910531163216,
65077248,0.00582200288772583,0.2507486641407013,0.011283690109848976,0.15858176350593567,0.04778481647372246,0.6963073015213013,34.451194763183594,0.0015972035471349955,,,,
65142784,0.005123765207827091,0.2458554208278656,0.011063494719564915,0.15829503536224365,0.03997137397527695,0.18686094880104065,26.94513511657715,0.0004444628139026463,,,,
65208320,0.0014474597992375493,0.4822395145893097,0.021700778976082802,0.15800832211971283,0.03882048279047012,0.08819003403186798,27.81781768798828,8.134177915053442e-05,,,,
65273856,0.0019901241175830364,0.4757440686225891,0.021408483386039734,0.1577215939760208,0.10749439895153046,0.12848736345767975,26.532676696777344,6.881123408675194e-05,,,,
65339392,0.0034385183826088905,0.3232380151748657,0.014545710757374763,0.15743488073349,0.15209804475307465,0.6605252623558044,36.40543746948242,7.205868314485997e-05,,,,
65404928,0.002491248771548271,0.21865327656269073,0.00983939878642559,0.15714815258979797,0.13309647142887115,0.5927644371986389,28.70013427734375,0.00035083398688584566,,,,
65470464,0.004171174019575119,0.19528882205486298,0.008787997998297215,0.15686143934726715,0.09975403547286987,0.13641715049743652,31.245864868164062,0.00043628853745758533,,,,
65536000,0.0019222425762563944,0.2039463371038437,0.009177586063742638,0.15657472610473633,0.061077967286109924,0.0812104195356369,27.20318603515625,0.00012545853678602725,,,,
65601536,-0.00011991709470748901,0.20881766080856323,0.009396794252097607,0.1562879979610443,0.07850730419158936,0.10499129444360733,19.619861602783203,0.00010727632616180927,,-47.98019027709961,,0.0
65667072,0.018813010305166245,3.0649781227111816,0.13792401552200317,0.1560012847185135,0.014124694280326366,0.10150904953479767,56.20207214355469,5.7407698477618396e-05,,,,
65732608,0.006631041876971722,3.179349184036255,0.14307071268558502,0.15571455657482147,0.0010079130297526717,0.16977499425411224,46.22712707519531,1.982402136491146e-05,,,,
65798144,0.005419936031103134,3.0500681400299072,0.137253075838089,0.15542784333229065,0.0085458280518651,0.3707279562950134,32.86892318725586,1.971274468814954e-05,,,,
65863680,0.003648315090686083,2.6704559326171875,0.12017053365707397,0.15514111518859863,0.056489650160074234,0.25481119751930237,30.255706787109375,6.200726784300059e-05,,,,
65929216,0.0048096030950546265,2.593151569366455,0.11669182032346725,0.1548544019460678,0.05537588149309158,0.1178266778588295,23.29955291748047,4.846654337598011e-05,,,,
65994752,0.009440099820494652,1.0182912349700928,0.0458231046795845,0.1545676738023758,0.28662848472595215,0.30523690581321716,49.49135971069336,0.00010116568591911346,-38.534481048583984,,0.006421482656151056,
66060288,0.00016342871822416782,0.4770430326461792,0.0214669369161129,0.15428096055984497,0.006124630570411682,0.08046582341194153,28.34869384765625,4.747362618218176e-05,,,,
66125824,0.0024461993016302586,0.997116208076477,0.04487023502588272,0.15399424731731415,0.05364592373371124,0.2025783210992813,22.462646484375,4.113800241611898e-05,,,,
66191360,0.0033533666282892227,1.751988172531128,0.07883947342634201,0.15370751917362213,0.03241826593875885,0.17051568627357483,31.465864181518555,2.2224632630241103e-05,,,,
66256896,0.001880313502624631,0.6440370678901672,0.02898166887462139,0.1534208059310913,0.05539631098508835,0.48625969886779785,27.130828857421875,5.37267405888997e-05,,,,
66322432,0.004480583593249321,0.2753872871398926,0.012392430566251278,0.1531340777873993,0.06373913586139679,0.22812823951244354,32.69319534301758,0.002348643261939287,,,,
66387968,0.0029770401306450367,0.22564980387687683,0.0101542416960001,0.15284736454486847,0.07464388012886047,0.3621863126754761,29.899656295776367,0.0016163757536560297,,,,
66453504,0.0006145387887954712,0.22303159534931183,0.010036421939730644,0.15256063640117645,0.038055017590522766,0.09599810093641281,22.97188949584961,0.00020467185822781175,,,,
66519040,0.003628987353295088,0.754914402961731,0.0339711457490921,0.15227392315864563,0.024256061762571335,0.049138423055410385,25.458789825439453,7.662888674531132e-05,,,,
66584576,0.0038483282551169395,0.9566994905471802,0.04305148124694824,0.1519871950149536,0.04806632548570633,0.09094059467315674,23.04292869567871,2.6974879801855423e-05,,,,
66650112,0.0010132603347301483,0.40258118510246277,0.01811615377664566,0.1517004817724228,0.03913465142250061,0.16984298825263977,31.366008758544922,0.00018741859821602702,-26.429828643798828,,0.032643310725688934,
66715648,0.0009608711116015911,0.2520240247249603,0.01134108193218708,0.15141375362873077,0.033794764429330826,0.11674579977989197,24.385452270507812,0.001036345842294395,,,,
66781184,0.003044592682272196,0.2623212933540344,0.011804457753896713,0.15112704038619995,0.03280701860785484,0.11312412470579147,26.002187728881836,0.000387845269870013,,,,
66846720,0.001423519104719162,0.29706454277038574,0.013367905281484127,0.15084032714366913,0.0467047318816185,0.09015773981809616,27.98630142211914,7.331206870730966e-05,,,,
66912256,0.0020483555272221565,0.4136013984680176,0.01861206255853176,0.1505535989999771,0.08265353739261627,0.6151368618011475,27.686059951782227,6.0200036386959255e-05,,,,
66977792,0.0011595396790653467,0.2706877291202545,0.012180947698652744,0.1502668857574463,0.16209790110588074,0.12859156727790833,26.234493255615234,0.00013861831394024193,,,,
67043328,0.0031381514854729176,0.21133412420749664,0.009510034695267677,0.14998015761375427,0.13035428524017334,0.3432562053203583,28.729930877685547,0.0004623190325219184,,,,
67108864,0.00250067887827754,0.20431451499462128,0.009194152429699898,0.14969344437122345,0.09412222355604172,0.15710775554180145,23.95575523376465,0.0003512456896714866,,,,
67174400,0.0003331592306494713,0.29439711570739746,0.013247871771454811,0.14940671622753143,0.07143497467041016,0.12985406816005707,21.66394805908203,9.503755427431315e-05,,,,
67239936,0.0029242425225675106,0.21668818593025208,0.009750968776643276,0.1491200029850006,0.10249152779579163,0.7462294101715088,31.446596145629883,0.00018075614934787154,-36.89787292480469,-46.92950439453125,0.007804878056049347,0.0
67305472,0.019540224224328995,3.0952329635620117,0.13928548991680145,0.1488332748413086,0.01867464929819107,0.19095943868160248,44.254825592041016,6.452840170823038e-05,,,,
67371008,0.00902447011321783,3.1797497272491455,0.14308872818946838,0.14854656159877777,0.0016907569952309132,0.18328209221363068,51.693626403808594,2.6151261408813298e-05,,,,
67436544,0.0052782162092626095,3.0515060424804688,0.13731777667999268,0.14825983345508575,0.008326894603669643,0.5413063168525696,37.69329833984375,1.818811142584309e-05,,,,
67502080,0.004781671799719334,2.683931589126587,0.12077692151069641,0.14797312021255493,0.045161113142967224,0.1216941699385643,34.58062744140625,5.9755417169071734e-05,,,,
67567616,0.005904034711420536,2.4663515090942383,0.11098583042621613,0.1476864069700241,0.07373051345348358,0.11129950731992722,26.220352172851562,4.440544580575079e-05,,,,
67633152,0.007647584658116102,0.8980345129966736,0.04041155427694321,0.1473996788263321,0.2509303092956543,0.2204389125108719,46.357337951660156,8.828796853777021e-05,,,,
67698688,0.006894086021929979,0.2890128493309021,0.013005577959120274,0.14711296558380127,0.022740114480257034,0.10237462818622589,36.59780502319336,4.1759543819352984e-05,,,,
67764224,0.0012858887203037739,0.6100341081619263,0.027451537549495697,0.14682623744010925,0.03483637794852257,0.09460301697254181,24.29505729675293,3.0917635740479454e-05,,,,
67829760,0.0034540281631052494,1.4286317825317383,0.064288429915905,0.14653952419757843,0.04028445854783058,0.15524058043956757,28.82952117919922,2.4083617972792126e-05,,,,
67895296,0.0067236414179205894,0.6619768142700195,0.02978895604610443,0.1462527960538864,0.06253102421760559,0.800014078617096,39.14923095703125,3.313868000986986e-05,,,,
67960832,0.004074066877365112,0.35325631499290466,0.01589653640985489,0.1459660828113556,0.05550844967365265,0.46386033296585083,39.10581588745117,0.0008525512530468404,-32.99403762817383,,0.017503805458545685,
68026368,0.006226280704140663,0.2651514410972595,0.01193181611597538,0.14567935466766357,0.07077045738697052,0.12383091449737549,27.949831008911133,0.0008958952385000885,,,,
68091904,0.0038043586537241936,0.26606735587120056,0.011973031796514988,0.14539264142513275,0.028020260855555534,0.07864484190940857,21.62893295288086,0.00020122347632423043,,,,
68157440,0.004434950649738312,0.6232691407203674,0.028047114610671997,0.14510591328144073,0.010860716924071312,0.050164684653282166,32.282073974609375,6.885330367367715e-05,,,,
68222976,0.006816972978413105,1.088593602180481,0.04898671433329582,0.1448192000389099,0.040932800620794296,0.09597081691026688,25.274633407592773,2.1675610696547665e-05,,,,
68288512,0.0019177113426849246,0.5696154236793518,0.025632694363594055,0.1445324867963791,0.037339214235544205,0.10799066722393036,30.69102668762207,9.949963714461774e-05,,,,
68354048,0.005861938465386629,0.3387322425842285,0.01524295099079609,0.14424575865268707,0.007089258171617985,0.09701932221651077,35.8031005859375,0.0007177636143751442,,,,
68419584,0.003945153672248125,0.34208300709724426,0.015393735840916634,0.14395904541015625,0.009041810408234596,0.0654868334531784,35.052650451660156,0.00021103648759890348,,,,
68485120,0.005688240751624107,0.3129490315914154,0.014082707464694977,0.14367231726646423,0.02417461946606636,0.08718167990446091,31.374792098999023,3.970700709032826e-05,-27.33485221862793,,0.02992277964949608,
68550656,-0.0002161242300644517,0.5278753042221069,0.023754391819238663,0.1433856040239334,0.02140279859304428,0.1081269159913063,24.659244537353516,0.00014438680955208838,,,,
68616192,0.0005727162351831794,0.38927751779556274,0.017517490312457085,0.1430988758802414,0.12716126441955566,0.4849291443824768,27.27483367919922,6.73973627272062e-05,,,,
68681728,0.0032268844079226255,0.24610868096351624,0.011074891313910484,0.14281216263771057,0.0900883823633194,0.09278203547000885,26.645626068115234,0.0003654907050076872,,,,
68747264,0.004162769299000502,0.24829648435115814,0.011173341423273087,0.14252543449401855,0.073609359562397,0.09605251997709274,29.568050384521484,0.00016807197243906558,,,,
68812800,0.0006265511037781835,0.3074616491794586,0.013835773803293705,0.14223872125148773,0.06277179718017578,0.09605392813682556,23.39188003540039,4.338418148108758e-05,,,,
68878336,0.0027305553667247295,0.2699300944805145,0.012146854773163795,0.14195199310779572,0.07233010977506638,0.38933688402175903,32.874568939208984,0.0001309515500906855,,-44.70897674560547,,0.0009765625
68943872,0.020440734922885895,3.240002155303955,0.14580009877681732,0.1416652798652649,0.025906378403306007,0.1837836056947708,56.86222839355469,7.012596324784681e-05,,,,
69009408,0.007941574789583683,3.241121292114258,0.14585046470165253,0.14137856662273407,0.0011597557459026575,0.23350486159324646,55.35586166381836,1.7033085896400735e-05,,,,
69074944,0.008436353877186775,3.140413284301758,0.14131860435009003,0.14109183847904205,0.0019375123083591461,0.22836077213287354,36.77664566040039,1.5257411178026814e-05,,,,
69140480,0.006699030287563801,2.7848360538482666,0.12531763315200806,0.14080512523651123,0.0445772185921669,0.098836749792099,36.20018768310547,6.90468295942992e-05,,,,
69206016,0.005573432892560959,2.6101229190826416,0.11745554953813553,0.1405183970928192,0.043159037828445435,0.09565283358097076,30.036596298217773,4.970281588612124e-05,,,,
69271552,0.0037311443593353033,1.0763784646987915,0.04843703284859657,0.1402316838502884,0.23741567134857178,0.4394143521785736,39.1955680847168,6.0796639445470646e-05,-36.80836486816406,,0.01124385092407465,
69337088,0.015090655535459518,0.6492735743522644,0.02921731024980545,0.13994495570659637,0.007136458996683359,0.06947186589241028,50.03465270996094,2.9263554097269662e-05,,,,
69402624,0.006044455803930759,1.4454745054244995,0.06504635512828827,0.13965824246406555,0.040493614971637726,0.1929750293493271,27.468666076660156,2.5900199034367688e-05,,,,
69468160,0.004599739797413349,0.7013718485832214,0.03156173229217529,0.13937151432037354,0.1809980273246765,0.9205729961395264,36.482879638671875,3.0432624043896794e-05,,,,
69533696,0.0007110880687832832,0.46342921257019043,0.020854316651821136,0.1390848010778427,0.1159031093120575,0.9743541479110718,28.98653793334961,8.345234527951106e-05,,,,
69599232,0.005386439152061939,0.49767303466796875,0.022395288571715355,0.1387980729341507,0.0578436404466629,0.6179071068763733,39.01995849609375,0.0006088105728849769,,,,
69664768,0.010962314903736115,0.47930029034614563,0.02156851254403591,0.13851135969161987,0.09520641714334488,0.23156671226024628,54.74180603027344,0.00019177219655830413,,,,
69730304,0.006300477311015129,0.6397347450256348,0.028788063675165176,0.13822464644908905,0.05602417513728142,0.6885342001914978,35.75724411010742,0.00010453827417222783,,,,
69795840,0.010817927308380604,1.3202711343765259,0.05941220372915268,0.13793791830539703,0.11117634177207947,0.3881116509437561,38.13571548461914,4.04804122808855e-05,,,,
69861376,0.005249803885817528,1.2314634323120117,0.05541585385799408,0.1376512050628662,0.06437822431325912,0.15628664195537567,33.32304000854492,2.1915235265623778e-05,,,,
69926912,0.004753801506012678,0.8671093583106995,0.03901992365717888,0.1373644769191742,0.04658995568752289,0.15882042050361633,36.36247634887695,7.024284423096105e-05,,,,
69992448,0.002942796563729644,0.780308187007904,0.0351138710975647,0.13707776367664337,0.048618294298648834,0.10323004424571991,33.38844299316406,0.0002642593753989786,,,,
70057984,0.0031420800369232893,0.730506956577301,0.03287281468510628,0.13679103553295135,0.0700560212135315,0.12236206233501434,26.145374298095703,0.0002511721395421773,,,,
70123520,0.0048998259007930756,0.5991538763046265,0.026961926370859146,0.13650432229042053,0.07676813006401062,0.45071178674697876,30.14189910888672,0.0001348534569842741,,,,
70189056,0.006421907339245081,1.1568554639816284,0.05205850303173065,0.13621759414672852,0.2222844362258911,0.34223946928977966,20.498077392578125,5.870448148925789e-05,,,,
70254592,0.0038701531011611223,0.9690418243408203,0.04360688477754593,0.1359308809041977,0.0990966409444809,0.1988290250301361,27.655271530151367,3.1378978746943176e-05,,,,
70320128,0.003554946044459939,0.6271597743034363,0.02822219207882881,0.13564415276050568,0.11057782173156738,0.14849290251731873,28.638996124267578,8.780413918429986e-05,,,,
70385664,0.0025511381682008505,0.6199474334716797,0.027897633612155914,0.13535743951797485,0.0688069611787796,0.14591272175312042,25.209280014038086,0.00036108418134972453,,,,
70451200,0.0032025149557739496,0.5978694558143616,0.02690412662923336,0.13507072627544403,0.06849231570959091,0.15355996787548065,26.192800521850586,0.00015996029833331704,,,,
70516736,0.0027410953771322966,0.5365443229675293,0.024144494906067848,0.13478399813175201,0.0676438957452774,0.47324055433273315,31.806812286376953,8.760926721151918e-05,-30.73276138305664,-43.64653015136719,0.05310345068573952,0.0029296875
70582272,0.004533692728728056,3.204108953475952,0.1441849023103714,0.1344972848892212,0.04393428564071655,0.29217323660850525,36.423892974853516,5.597333802143112e-05,,,,
70647808,0.005338286515325308,3.254879951477051,0.1464695930480957,0.13421055674552917,0.00162214576266706,0.1439555585384369,45.82405090332031,2.0899056835332885e-05,,,,
70713344,0.004866264294832945,3.18412184715271,0.14328548312187195,0.13392384350299835,0.002841944107785821,0.22684431076049805,42.57333755493164,1.455824440199649e-05,,,,
70778880,0.00392425199970603,2.617997407913208,0.11780989170074463,0.13363711535930634,0.037432946264743805,0.08805059641599655,32.52275848388672,9.061867604032159e-05,,,,
70844416,0.0016714019002392888,2.5795462131500244,0.11607958376407623,0.1333504021167755,0.0194342453032732,0.12363883852958679,25.866798400878906,5.3411284170579165e-05,,,,
70909952,0.0034374105744063854,1.0646216869354248,0.04790797829627991,0.1330636739730835,0.2629873752593994,0.2471003532409668,37.8217658996582,5.644694101647474e-05,,,,
70975488,0.005312493070960045,0.5463503003120422,0.02458576299250126,0.13277696073055267,0.019014950841665268,0.09891242533922195,31.666828155517578,3.626484249252826e-05,,,,
71041024,0.001247017178684473,1.1285547018051147,0.050784967839717865,0.13249023258686066,0.03653111681342125,0.4582104980945587,27.124622344970703,2.8667716833297163e-05,,,,
71106560,0.0019495115848258138,0.9013611674308777,0.0405612550675869,0.13220351934432983,0.13013632595539093,0.32865017652511597,29.01994514465332,3.130280674668029e-05,,,,
71172096,0.0035302424803376198,0.48402759432792664,0.02178124152123928,0.131916806101799,0.09714982658624649,0.6953675746917725,34.55076599121094,8.050090400502086e-05,,,,
71237632,0.0027742446400225163,0.5317845344543457,0.023930301889777184,0.131630077958107,0.06060714274644852,0.19141077995300293,32.60368728637695,0.00031926712836138904,,,,
71303168,0.001402982510626316,0.5346548557281494,0.024059468880295753,0.13134336471557617,0.06263642758131027,0.12298692762851715,29.51411247253418,0.0002937503159046173,,,,
71368704,0.005644340068101883,0.6461443901062012,0.029076499864459038,0.13105663657188416,0.1097906082868576,0.635636568069458,34.875545501708984,0.00011296231241431087,-32.23039245605469,,0.0234375,
71434240,0.006054754368960857,1.7625409364700317,0.07931435853242874,0.13076992332935333,0.07306873798370361,0.20209521055221558,34.29957580566406,3.1426250643562526e-05,,,,
71499776,0.005005329381674528,1.2446422576904297,0.05600890889763832,0.13048319518566132,0.05420445650815964,0.14963126182556152,30.260921478271484,1.9282120774732903e-05,,,,
71565312,0.005460244603455067,0.9017013311386108,0.04057656228542328,0.1301964819431305,0.05748024955391884,0.10496902465820312,37.398773193359375,6.569316610693932e-05,,,,
71630848,0.003019719384610653,0.698029100894928,0.0314113087952137,0.12990975379943848,0.031597550958395004,0.1431233286857605,32.70066833496094,0.00018008977349381894,,,,
71696384,0.006204377859830856,0.6347483992576599,0.02856367640197277,0.12962304055690765,0.017721060663461685,0.23582693934440613,43.009246826171875,0.00011959978291997686,,,,
71761920,0.004038196988403797,0.5107163786888123,0.022982237860560417,0.12933632731437683,0.02662413939833641,0.16750839352607727,34.61016082763672,8.051624172367156e-05,,,,
71827456,0.007711880374699831,0.8942340612411499,0.04024052992463112,0.12904959917068481,0.11575327813625336,0.12602588534355164,22.71170997619629,7.172616460593417e-05,,,,
71892992,0.005077686160802841,1.1349177360534668,0.051071301102638245,0.128762885928154,0.09312184900045395,0.20655052363872528,29.541452407836914,2.113326445396524e-05,,,,
71958528,0.000842566485516727,0.6648165583610535,0.02991674654185772,0.12847615778446198,0.09592657536268234,0.13155174255371094,30.59273910522461,5.619095463771373e-05,,,,
72024064,0.0037495363503694534,0.6392344236373901,0.02876555174589157,0.12818944454193115,0.06352871656417847,0.1061791181564331,30.848384857177734,0.0001982747344300151,,,,
72089600,0.002155278343707323,0.6843399405479431,0.030795302242040634,0.12790271639823914,0.05198412388563156,0.3698566257953644,32.060157775878906,9.010422945721075e-05,,,,
72155136,0.001866291742771864,0.4707268178462982,0.02118270844221115,0.1276160031557083,0.07572175562381744,0.11108335852622986,29.63397789001465,6.394548108801246e-05,-33.055477142333984,-43.874595642089844,0.033707864582538605,0.001953125
72220672,0.005105990916490555,3.260666608810425,0.14673000574111938,0.1273292750120163,0.019855264574289322,0.10553128272294998,40.72309875488281,5.557120675803162e-05,,,,
72286208,0.005093006417155266,3.3586480617523193,0.15113916993141174,0.12704256176948547,0.002394378185272217,0.5184504985809326,42.126258850097656,1.584907113283407e-05,,,,
72351744,0.0072714416310191154,3.2957425117492676,0.1483084261417389,0.12675583362579346,0.0030329711735248566,0.15567296743392944,41.509952545166016,1.2360043001535814e-05,,,,
72417280,0.005812986753880978,2.991391181945801,0.13461260497570038,0.12646912038326263,0.037706151604652405,0.18584147095680237,38.877105712890625,4.406910375109874e-05,,,,
72482816,0.0034983805380761623,2.7975757122039795,0.12589091062545776,0.1261824071407318,0.029805410653352737,0.5092658996582031,28.71670150756836,4.658440229832195e-05,,,,
72548352,0.0030980342999100685,1.1946616172790527,0.05375977233052254,0.1258956789970398,0.2721553444862366,0.24525834619998932,34.84849166870117,5.2971794502809644e-05,,,,
72613888,0.0035273185931146145,0.3873390853404999,0.0174302589148283,0.12560896575450897,0.009991170838475227,0.16685864329338074,35.60334777832031,2.414622031210456e-05,,,,
72679424,0.004056577570736408,0.8155883550643921,0.03670147806406021,0.12532223761081696,0.03193129971623421,0.18459752202033997,26.720476150512695,2.317914186278358e-05,,,,
72744960,0.004123249556869268,1.5262850522994995,0.06868283450603485,0.12503552436828613,0.052715469151735306,0.5557599663734436,32.9978141784668,1.5295732737286016e-05,,,,
72810496,0.00410072086378932,1.0932238101959229,0.049195073544979095,0.12474880367517471,0.05908970907330513,0.8685318231582642,37.60699462890625,2.8667000151472166e-05,,,,
72876032,0.004527471959590912,0.5270882248878479,0.023718971759080887,0.1244620829820633,0.08307503163814545,0.21547453105449677,36.65785598754883,0.0008433707989752293,-33.09956359863281,,0.008703219704329967,
72941568,0.0012767260195687413,0.4373607039451599,0.019681233912706375,0.12417536228895187,0.03683280199766159,0.13908442854881287,28.55738639831543,0.0014500332763418555,,,,
73007104,0.004779394716024399,0.46949177980422974,0.021127132698893547,0.12388864159584045,0.06523977965116501,0.08083777129650116,25.29582977294922,0.0002445167629048228,,,,
73072640,0.00997982919216156,1.0095844268798828,0.04543129727244377,0.12360192090272903,0.04443340003490448,0.08312704414129257,33.14304733276367,6.0936341469641775e-05,,,,
73138176,0.0018139793537557125,1.0809855461120605,0.04864434897899628,0.12331520020961761,0.057087600231170654,0.08656663447618484,23.402538299560547,2.12579525395995e-05,,,,
73203712,0.0006715280469506979,0.6733933687210083,0.030302705243229866,0.1230284795165062,0.05534239113330841,0.1255979686975479,26.57476043701172,0.00014475324132945389,,,,
73269248,0.002829155884683132,0.5312140583992004,0.02390463463962078,0.12274175882339478,0.04408251866698265,0.10429539531469345,26.325647354125977,0.0004523694806266576,,,,
73334784,0.0028633892070502043,0.5864120125770569,0.026388542726635933,0.12245503813028336,0.04798806831240654,0.08726359158754349,28.611204147338867,0.00016575318295508623,,,,
73400320,0.0018246998079121113,0.5208046436309814,0.023436207324266434,0.12216831743717194,0.0965309888124466,0.10695278644561768,29.801067352294922,8.879408414941281e-05,,,,
73465856,0.0036202771589159966,1.1522164344787598,0.051849741488695145,0.12188159674406052,0.1322447806596756,0.16586287319660187,25.433860778808594,0.00026516139041632414,,,,
73531392,0.0010534950997680426,0.5177316665649414,0.023297924548387527,0.1215948835015297,0.11183556169271469,0.7463458776473999,27.20614242553711,5.090859849588014e-05,,,,
73596928,0.0023170593194663525,0.3579210340976715,0.01610644906759262,0.12130816280841827,0.059118106961250305,0.10356583446264267,26.71087646484375,0.000217030115891248,-25.61880874633789,,0.0427272729575634,
73662464,0.0022972477599978447,0.6201738119125366,0.027907826006412506,0.12102144211530685,0.07408566027879715,0.18876536190509796,30.925783157348633,0.00031050090910866857,,,,
73728000,0.003190814284607768,1.0383307933807373,0.046724893152713776,0.12073472142219543,0.09327398240566254,0.2649416923522949,36.56683349609375,6.374676013365388e-05,,,,
73793536,0.0013012487906962633,0.5317906141281128,0.02393057942390442,0.12044800072908401,0.10107992589473724,0.13188989460468292,31.575769424438477,0.0001207711102324538,,-42.74623489379883,,0.0
73859072,0.009746000170707703,3.2158844470977783,0.14471480250358582,0.1201612800359726,0.026910945773124695,0.11513325572013855,48.400638580322266,5.464361674967222e-05,,,,
73924608,0.005933916196227074,3.369990825653076,0.1516495794057846,0.11987455934286118,0.0024746954441070557,0.13401179015636444,46.17281723022461,1.6406744180130772e-05,,,,
73990144,0.003095489228144288,3.350949287414551,0.15079271793365479,0.11958783864974976,0.006528986152261496,0.44041579961776733,34.67467498779297,1.4213824215403292e-05,,,,
74055680,0.006458590272814035,3.110440492630005,0.1399698257446289,0.11930111795663834,0.0415586493909359,0.1252673715353012,37.30543518066406,4.270548015483655e-05,,,,
74121216,0.005054835695773363,2.991589307785034,0.1346215307712555,0.11901439726352692,0.011153713800013065,0.1313498318195343,32.65262985229492,3.4356613468844444e-05,,,,
74186752,0.006706304382532835,1.2962456941604614,0.05833106487989426,0.1187276765704155,0.23936353623867035,0.25685885548591614,47.08012771606445,4.739799987873994e-05,-38.576412200927734,,0.00505902199074626,
74252288,0.00441740732640028,0.5841108560562134,0.02628498710691929,0.11844096332788467,0.008551553823053837,0.09036967158317566,41.97842788696289,2.284588299517054e-05,,,,
74317824,0.0029976232908666134,1.1985138654708862,0.05393312871456146,0.11815424263477325,0.030443968251347542,0.4959495961666107,33.44868469238281,2.805297299346421e-05,,,,
74383360,0.004156462382525206,1.983895182609558,0.0892752856016159,0.11786752194166183,0.18929702043533325,0.92969810962677,36.100257873535156,1.4454674783337396e-05,,,,
74448896,0.003108479781076312,1.217851996421814,0.05480334535241127,0.11758080124855042,0.11176715791225433,0.6823081970214844,32.74342727661133,3.421815199544653e-05,,,,
74514432,0.002665087580680847,0.5736446976661682,0.025814013555645943,0.117294080555439,0.08375217020511627,0.4341539442539215,37.55062484741211,0.0008677789010107517,,,,
74579968,0.001603201380930841,0.41760826110839844,0.018792372196912766,0.11700735986232758,0.07138292491436005,0.1068205013871193,31.496122360229492,0.001279593212530017,,,,
74645504,0.0020359456539154053,0.4645717144012451,0.02090573124587536,0.11672063916921616,0.06301029026508331,0.11733181774616241,29.73764419555664,0.0002990426146425307,,,,
74711040,0.006288032978773117,0.748286783695221,0.03367290645837784,0.11643391847610474,0.04899013042449951,0.1072269156575203,34.821022033691406,6.82041427353397e-05,,,,
74776576,0.0029955890495330095,1.1878273487091064,0.05345223844051361,0.11614719778299332,0.05479460954666138,0.13506175577640533,29.009483337402344,1.9175480701960623e-05,,,,
74842112,0.0039022371638566256,0.7428300380706787,0.03342735022306442,0.1158604770898819,0.06387033313512802,0.11348244547843933,37.6883544921875,5.052499909652397e-05,,,,
74907648,0.0013554149772971869,0.4379737675189972,0.019708819687366486,0.11557375639677048,0.05652555078268051,0.16090711951255798,29.985408782958984,0.00032497465144842863,,,,
74973184,0.00247659208253026,0.4857942461967468,0.021860744804143906,0.11528704315423965,0.0721345990896225,0.11985292285680771,27.610742568969727,0.00013684286386705935,,,,
75038720,0.003360588103532791,0.8086749315261841,0.03639037534594536,0.11500032246112823,0.060623228549957275,0.12554995715618134,31.641765594482422,7.837784505682066e-05,-26.34410285949707,,0.030136985704302788,
75104256,0.0002330881543457508,0.5469052791595459,0.024610741063952446,0.11471360176801682,0.0758872777223587,0.11650645732879639,33.26804733276367,2.522518116165884e-05,,,,
75169792,0.0020246263593435287,0.4231985807418823,0.0190439373254776,0.1144268810749054,0.08899948000907898,0.12825539708137512,28.552322387695312,0.00010424466745462269,,,,
75235328,0.002718221163377166,0.43867844343185425,0.019740531221032143,0.11414016038179398,0.06296209990978241,0.1253294199705124,27.965051651000977,0.00011567269393708557,,,,
75300864,0.0048219915479421616,0.3803079128265381,0.017113856971263885,0.11385343968868256,0.052852779626846313,0.12052380293607712,29.045534133911133,5.306545790517703e-05,,,,
75366400,0.0031423589680343866,0.44653502106666565,0.020094076171517372,0.11356671899557114,0.10187309235334396,0.18881097435951233,35.63172912597656,3.214606113033369e-05,,,,
75431936,0.0017225447809323668,0.37120428681373596,0.016704194247722626,0.11327999830245972,0.14159774780273438,0.8105974793434143,31.835453033447266,0.0002233089180663228,,-42.925777435302734,,0.001953125
75497472,0.011890556663274765,3.249706506729126,0.14623680710792542,0.1129932776093483,0.028888050466775894,0.18633340299129486,50.01008987426758,5.805696127936244e-05,,,,
75563008,0.01699640229344368,3.395448923110962,0.1527951955795288,0.11270655691623688,0.0012849895283579826,0.22970332205295563,67.54231262207031,1.5129899111343548e-05,,,,
75628544,0.0054905409924685955,3.393658399581909,0.15271463990211487,0.11241984367370605,0.006557798478752375,0.2898872494697571,43.096641540527344,1.3634188690048177e-05,,,,
75694080,0.005216997116804123,3.118917465209961,0.1403513103723526,0.11213312298059464,0.034236736595630646,0.13475537300109863,34.933128356933594,3.7012123357271776e-05,,,,
75759616,0.004291085992008448,3.0616753101348877,0.13777539134025574,0.11184640228748322,0.02127576246857643,0.09228022396564484,31.885826110839844,3.177643520757556e-05,,,,
75825152,0.004732479806989431,1.389298677444458,0.06251844018697739,0.1115596815943718,0.28947246074676514,0.19447752833366394,39.324283599853516,4.554597398964688e-05,-38.36050033569336,,0.008733624592423439,
75890688,0.002129890024662018,0.5725706815719604,0.025765681639313698,0.11127296090126038,0.010074388235807419,0.15120887756347656,32.92279052734375,2.3324988433159888e-05,,,,
75956224,0.003172879572957754,1.0823098421096802,0.04870394244790077,0.11098624020814896,0.03847711905837059,0.119283527135849,31.09808349609375,3.0073055313550867e-05,,,,
76021760,0.004957103636115789,2.0087976455688477,0.09039589762687683,0.11069951951503754,0.20330141484737396,0.5064603686332703,41.6152229309082,1.812427944969386e-05,,,,
76087296,0.004966400563716888,1.8997234106063843,0.08548755943775177,0.11041279882192612,0.1727057248353958,0.7308445572853088,39.17695236206055,2.9436758268275298e-05,,,,
76152832,0.004229647107422352,0.6951260566711426,0.03128066658973694,0.1101260781288147,0.1835801601409912,0.23239992558956146,37.99409484863281,0.0012607425451278687,,,,
76218368,0.0023130662739276886,0.44199445843696594,0.019889753311872482,0.10983935743570328,0.06054230034351349,0.15731114149093628,37.000274658203125,0.0032850001007318497,,,,
76283904,0.0028093948494642973,0.49596965312957764,0.022318636998534203,0.10955263674259186,0.1355677843093872,0.4731951057910919,33.64452362060547,0.00036608640220947564,,,,
76349440,0.004033531993627548,0.658147394657135,0.02961663156747818,0.10926592350006104,0.09322334080934525,0.14244143664836884,34.04472351074219,0.00011764538066927344,,,,
76414976,0.0054956041276454926,1.4719539880752563,0.0662379339337349,0.10897920280694962,0.08410876989364624,0.19671720266342163,34.42167663574219,4.967141285305843e-05,,,,
76480512,0.004016868770122528,0.9600008726119995,0.043200038373470306,0.1086924821138382,0.06991872191429138,0.10562694817781448,33.068328857421875,3.4309152397327125e-05,,,,
76546048,0.0028939303010702133,0.5923224091529846,0.026654507964849472,0.10840576142072678,0.04284811392426491,0.08712081611156464,35.21291732788086,0.00011858242942253128,,,,
76611584,0.0018198501784354448,0.524314284324646,0.023594144731760025,0.10811904072761536,0.07310023158788681,0.130952388048172,30.30934715270996,0.00011893745977431536,,,,
76677120,0.003674701787531376,0.4909636676311493,0.02209336683154106,0.10783232003450394,0.0647139698266983,0.20881609618663788,33.57145690917969,7.049013947835192e-05,,,,
76742656,0.003614773042500019,0.5076229572296143,0.02284303493797779,0.10754559934139252,0.0566125214099884,0.11539814621210098,31.97982406616211,8.185883052647114e-05,-25.81170082092285,,0.054832711815834045,
76808192,0.002178700640797615,0.5502216815948486,0.02475997805595398,0.1072588786482811,0.09526769816875458,0.12343651801347733,34.68330764770508,3.443426248850301e-05,,,,
76873728,0.004545688163489103,0.41427069902420044,0.018642183393239975,0.10697215795516968,0.11008810997009277,0.16089992225170135,32.78038024902344,5.498858081409708e-05,,,,
76939264,0.003472604788839817,0.4120180010795593,0.01854081079363823,0.10668543726205826,0.1266099065542221,0.18764108419418335,29.012359619140625,9.13371768547222e-05,,,,
77004800,0.002742812968790531,0.466652512550354,0.02099936455488205,0.10639871656894684,0.13213498890399933,0.7455441951751709,28.87736701965332,6.068240327294916e-05,,,,
77070336,0.00048739765770733356,0.4304514527320862,0.019370317459106445,0.10611200332641602,0.1058097779750824,0.15733766555786133,27.649503707885742,6.604803638765588e-05,,-43.17141342163086,,0.0009765625
77135872,0.008080888539552689,3.28261399269104,0.1477176547050476,0.1058252826333046,0.019141236320137978,0.20384344458580017,47.81659698486328,4.955855183652602e-05,,,,
77201408,0.005620567128062248,3.357307195663452,0.15107882022857666,0.10553856194019318,0.002030486473813653,0.20417165756225586,49.31541442871094,9.9208700703457e-06,,,,
77266944,0.0022199105005711317,3.3315072059631348,0.1499178260564804,0.10525184124708176,0.006990839261561632,0.24555960297584534,29.498451232910156,1.1748323231586255e-05,,,,
77332480,0.004069542977958918,3.1569323539733887,0.1420619636774063,0.10496512055397034,0.04806114360690117,0.15935897827148438,36.02116775512695,2.3294980564969592e-05,,,,
77398016,0.004965959116816521,3.032336473464966,0.13645517826080322,0.10467839986085892,0.033541981130838394,0.1500706672668457,32.83376693725586,2.1535503037739545e-05,,,,
77463552,0.002533776918426156,1.3057345151901245,0.05875805765390396,0.1043916791677475,0.27507227659225464,0.19901636242866516,39.124855041503906,4.233408981235698e-05,-42.49557113647461,,0.0014306152006611228,
77529088,0.004279215820133686,0.4468477964401245,0.02010815218091011,0.10410495847463608,0.02350020781159401,0.10304984450340271,30.452251434326172,2.074804433505051e-05,,,,
77594624,0.00311922375112772,1.4110928773880005,0.06349917501211166,0.10381823778152466,0.026887118816375732,0.18066442012786865,26.094188690185547,2.2115556930657476e-05,,,,
77660160,0.0015851997304707766,1.9345760345458984,0.08705592900514603,0.10353151708841324,0.045581310987472534,0.4686509370803833,26.42293357849121,1.2340702596702613e-05,,,,
77725696,0.0004785525379702449,1.4558038711547852,0.06551117449998856,0.10324479639530182,0.09350371360778809,0.600728452205658,25.476015090942383,3.115215076832101e-05,,,,
77791232,0.0029556688386946917,0.5757511854171753,0.025908799842000008,0.102958083152771,0.14511635899543762,0.4838135242462158,34.13158416748047,0.0017435060581192374,,,,
77856768,0.0023964890278875828,0.37149280309677124,0.016717175021767616,0.10267136245965958,0.042449720203876495,0.16384999454021454,40.00739288330078,0.0021933354437351227,,,,
77922304,0.0030276705510914326,0.386241614818573,0.01738087460398674,0.10238464176654816,0.061505310237407684,0.10572642087936401,31.627159118652344,0.0001530120789539069,,,,
77987840,0.0039773606695234776,0.5810861587524414,0.026148878037929535,0.10209792107343674,0.025460166856646538,0.08808621019124985,29.340726852416992,5.0886013923445717e-05,,,,
78053376,0.003134099766612053,1.158128261566162,0.052115775644779205,0.10181120038032532,0.03473122417926788,0.1421853005886078,24.576213836669922,2.432270412100479e-05,,,,
78118912,0.00042793783359229565,0.7279098033905029,0.03275594115257263,0.1015244796872139,0.04580499231815338,0.17911598086357117,35.49387741088867,5.420462184702046e-05,,,,
78184448,3.003294114023447e-05,0.4240683913230896,0.01908307895064354,0.10123775899410248,0.04577374458312988,0.11801682412624359,25.894132614135742,0.000671997491735965,-24.1833438873291,,0.040515653789043427,
78249984,0.0019338998245075345,0.4738304913043976,0.021322373300790787,0.10095103830099106,0.051267482340335846,0.16143649816513062,24.074506759643555,0.00031854427652433515,,,,
78315520,0.002447968814522028,0.41158777475357056,0.018521448597311974,0.10066431760787964,0.051238395273685455,0.41004878282546997,27.993196487426758,0.00010833913984242827,,,,
78381056,0.0023417628835886717,0.8071955442428589,0.036323800683021545,0.10037759691476822,0.024003466591238976,0.10975953191518784,31.374725341796875,0.00016734757809899747,,,,
78446592,0.0020814300514757633,0.8559874296188354,0.03851943835616112,0.1000908836722374,0.07092361897230148,0.1934593766927719,32.696250915527344,3.290022141300142e-05,,,,
78512128,0.003542790887877345,0.42559918761253357,0.019151965156197548,0.09980416297912598,0.06550601124763489,0.17855918407440186,38.260196685791016,0.0001174325225292705,,,,
78577664,0.002485202392563224,0.4447290599346161,0.020012808963656425,0.09951744228601456,0.032816845923662186,0.09677588939666748,28.759775161743164,0.0002416108181932941,,,,
78643200,0.00204201927408576,0.5579541921615601,0.025107940658926964,0.09923072159290314,0.0380648598074913,0.10327406972646713,25.726591110229492,0.00013360449520405382,,,,
78708736,0.0021591309923678637,0.3747083246707916,0.016861876472830772,0.09894400089979172,0.08791197836399078,0.15993329882621765,36.4930534362793,9.494084224570543e-05,,-43.216346740722656,,0.0048828125
78774272,0.014405417256057262,3.3833916187286377,0.15225264430046082,0.0986572802066803,0.04375898838043213,0.5315940380096436,50.791648864746094,4.348883521743119e-05,,,,
78839808,0.00380327389575541,3.3511576652526855,0.1508021056652069,0.09837055951356888,0.002964604180306196,0.2777748107910156,47.55179977416992,1.238195545738563e-05,,,,
78905344,0.0065097566694021225,3.3102645874023438,0.14896191656589508,0.09808383882045746,0.00842195376753807,0.44913408160209656,50.02983474731445,1.1870113667100668e-05,,,,
78970880,0.0024598566815257072,3.131197214126587,0.14090389013290405,0.09779711812734604,0.03697211667895317,0.20720148086547852,27.709720611572266,2.3893155230325647e-05,,,,
79036416,0.0024671126157045364,2.9735493659973145,0.13380973041057587,0.09751039743423462,0.0407511405646801,0.14557737112045288,26.336910247802734,2.2891876142239198e-05,,,,
79101952,0.004385404754430056,1.2949711084365845,0.05827370285987854,0.0972236767411232,0.24783936142921448,0.1611672043800354,46.629180908203125,4.3751166231231764e-05,-35.61886978149414,,0.0074673304334282875,
79167488,0.002707193372771144,0.4363268315792084,0.019634708762168884,0.09693696349859238,0.015004001557826996,0.0976981446146965,27.584716796875,2.1371175535023212e-05,,,,
79233024,0.0031174193136394024,1.3272130489349365,0.059724584221839905,0.09665024280548096,0.03212098777294159,0.08570975810289383,29.337038040161133,2.3753340428811498e-05,,,,
79298560,0.0018473741365596652,2.1018800735473633,0.09458459913730621,0.09636352211236954,0.02160632610321045,0.29820916056632996,26.180633544921875,1.4697612641612068e-05,,,,
79364096,0.0011757700704038143,1.0584802627563477,0.04763161018490791,0.09607680141925812,0.03443839028477669,0.49453216791152954,32.16413497924805,2.907784073613584e-05,,,,
79429632,0.00037955527659505606,0.4907470643520355,0.022083619609475136,0.0957900807261467,0.043885402381420135,0.7532919645309448,32.70555877685547,0.001529586617834866,,,,
79495168,0.0067975567653775215,0.4015548527240753,0.01806996949017048,0.09550336003303528,0.03446243703365326,0.1342218965291977,51.48603820800781,0.00191518384963274,,,,
79560704,0.002494208514690399,0.45382967591285706,0.020422333851456642,0.09521663933992386,0.04146978259086609,0.09760838001966476,27.253887176513672,0.0002045888249995187,,,,
79626240,0.006932186894118786,0.9698898792266846,0.04364504665136337,0.09492991864681244,0.02541528269648552,0.17450538277626038,25.097248077392578,5.755216989200562e-05,,,,
79691776,0.004614079371094704,1.4257711172103882,0.06415969878435135,0.09464319795370102,0.03188121318817139,0.13063393533229828,25.77811050415039,1.9720753698493354e-05,,,,
79757312,0.003692074678838253,0.8454133868217468,0.03804359957575798,0.0943564772605896,0.032406289130449295,0.09879840910434723,36.17011642456055,7.285463652806357e-05,,,,
79822848,0.002222413197159767,0.5814967155456543,0.026167353615164757,0.09406975656747818,0.03822450712323189,0.10322672128677368,30.745983123779297,0.0003671141457743943,,,,
79888384,0.0024370653554797173,0.6583874821662903,0.029627442359924316,0.09378304332494736,0.04770529270172119,0.12083348631858826,31.01950454711914,0.00016855179273989052,-23.49677276611328,,0.0260869562625885,
79953920,0.004790793173015118,0.6291970014572144,0.02831386774778366,0.09349632263183594,0.04488808661699295,0.37967222929000854,37.722713470458984,7.727020420134068e-05,,,,
80019456,0.005905050318688154,0.8480033874511719,0.03816015273332596,0.09320960193872452,0.04587868973612785,0.11688347160816193,31.02463722229004,4.698010889114812e-05,,,,
80084992,0.0018531257519498467,0.6530919075012207,0.029389137402176857,0.0929228812456131,0.11136361956596375,0.20446433126926422,30.972566604614258,3.410339922993444e-05,,,,
80150528,0.005409868899732828,0.42177826166152954,0.01898002251982689,0.09263616055250168,0.04876469820737839,0.1763560175895691,38.39744567871094,0.00017265418136958033,,,,
80216064,0.001564676407724619,0.5662634968757629,0.02548185922205448,0.09234943985939026,0.04928617924451828,0.13376164436340332,28.374534606933594,0.0001880016061477363,,,,
80281600,0.0011120847193524241,1.0623201131820679,0.04780441150069237,0.09206271916627884,0.045041054487228394,0.15173007547855377,31.27611541748047,7.516776531701908e-05,,,,
80347136,0.0009661272633820772,0.5311926603317261,0.02390366978943348,0.09177599847316742,0.08331255614757538,0.12067806720733643,34.000083923339844,0.00010196195216849446,,-43.424888610839844,,0.0
80412672,0.01194088626652956,3.2831778526306152,0.14774300158023834,0.091489277780056,0.02605651691555977,0.14459000527858734,47.950626373291016,4.3727559386752546e-05,,,,
80478208,0.0029089306481182575,3.384340524673462,0.15229532122612,0.09120255708694458,0.002023333450779319,0.375171422958374,40.3504753112793,1.4385258509719279e-05,,,,
80543744,0.0025309529155492783,3.380004644393921,0.15210020542144775,0.09091583639383316,0.00338633731007576,0.5000976324081421,38.6536979675293,1.3793084690405522e-05,,,,
80609280,0.0034863315522670746,3.1887712478637695,0.14349471032619476,0.09062912315130234,0.03408394381403923,0.26253804564476013,35.503135681152344,2.064933505607769e-05,,,,
80674816,0.0030080855358392,2.9657928943634033,0.13346067070960999,0.09034240245819092,0.08341636508703232,0.7119147777557373,26.529035568237305,2.089689951390028e-05,,,,
80740352,0.0028820845764130354,1.3353075981140137,0.06008883938193321,0.0900556817650795,0.23780135810375214,0.6090891361236572,36.04734420776367,4.054842793266289e-05,-34.77238845825195,,0.012171684764325619,
80805888,0.005014847032725811,0.4722934067249298,0.021253203973174095,0.08976896107196808,0.004837052430957556,0.09505942463874817,46.61097717285156,2.0693769329227507e-05,,,,
80871424,0.0026470867451280355,1.1423680782318115,0.05140656232833862,0.08948224037885666,0.024829082190990448,0.12473534047603607,30.637100219726562,2.2430487661040388e-05,,,,
80936960,0.0037742583081126213,2.000380277633667,0.09001711010932922,0.08919551968574524,0.03147400543093681,0.17441439628601074,34.325958251953125,1.2819165021937806e-05,,,,
81002496,0.0030102264136075974,1.8209278583526611,0.08194176107645035,0.08890879899263382,0.04267679899930954,0.6428409218788147,32.15850067138672,2.5612242097849958e-05,,,,
81068032,0.0019146751146763563,0.7428020238876343,0.03342609107494354,0.0886220782995224,0.25492385029792786,0.5942281484603882,30.79743194580078,0.0006803303840570152,,,,
81133568,0.003409745404496789,0.46499407291412354,0.020924733951687813,0.08833535760641098,0.06604854762554169,0.2184983640909195,41.27097702026367,0.0013972054002806544,,,,
81199104,0.003073019441217184,0.5038058757781982,0.02267126552760601,0.08804863691329956,0.07290177792310715,0.3305453658103943,30.575489044189453,0.0002173631510231644,,,,
81264640,0.0028089312836527824,0.9958726167678833,0.044814273715019226,0.08776192367076874,0.04010395705699921,0.43911612033843994,32.117794036865234,5.770059215137735e-05,,,,
81330176,0.007374991662800312,1.1392709016799927,0.05126718804240227,0.08747520297765732,0.04331228882074356,0.08391977846622467,35.57712936401367,1.6362459064112045e-05,,,,
81395712,0.009671758860349655,0.7912560701370239,0.03560652583837509,0.0871884822845459,0.05102302134037018,0.0969737321138382,49.6849479675293,7.610540342284366e-05,,,,
81461248,0.001974894432350993,0.5006468892097473,0.022529112175107002,0.08690176159143448,0.033995721489191055,0.154572993516922,28.16008758544922,0.00039701577043160796,-20.715518951416016,,0.05876777321100235,
81526784,0.0029427283443510532,0.5339048504829407,0.024025719612836838,0.08661504089832306,0.036716096103191376,0.13276329636573792,32.99382400512695,0.00020190705254208297,,,,
81592320,0.00011975504457950592,0.5260100364685059,0.02367045171558857,0.08632832020521164,0.036523424088954926,0.11038430035114288,27.585206985473633,5.426629650173709e-05,,,,
81657856,0.0008289318066090345,0.47984376549720764,0.021592970937490463,0.08604159951210022,0.057955726981163025,0.6579641103744507,32.170528411865234,7.765060581732541e-05,,,,
81723392,0.003857383970171213,0.44492650032043457,0.020021693781018257,0.0857548788189888,0.1323704868555069,0.21588891744613647,36.50595474243164,6.03710395807866e-05,,,,
81788928,0.0019743219017982483,0.3973158597946167,0.017879214137792587,0.08546815812587738,0.09258498251438141,0.25343987345695496,29.209991455078125,0.0001574639609316364,,,,
81854464,0.0022439772728830576,0.4977584779262543,0.02239913120865822,0.08518143743276596,0.06273200362920761,0.08612100034952164,26.19959259033203,0.00027387001318857074,,,,
81920000,0.002406161744147539,1.1144380569458008,0.050149716436862946,0.08489471673965454,0.07753321528434753,0.15314710140228271,30.24238395690918,6.003567614243366e-05,,,,
81985536,-0.00043519982136785984,0.5043684840202332,0.022696582600474358,0.08460800349712372,0.0816396176815033,0.16470575332641602,30.334529876708984,6.922749889781699e-05,-32.04520797729492,-42.87737274169922,0.012609117664396763,0.0009765625
82051072,0.00653649028390646,3.308603286743164,0.14888717234134674,0.0843212828040123,0.01970924809575081,0.08550149947404861,42.77156066894531,4.358099613455124e-05,,,,
82116608,0.004219084978103638,3.387613534927368,0.15244260430335999,0.08403456211090088,0.001316120382398367,0.2496928572654724,49.440486907958984,1.5010790775704663e-05,,,,
82182144,0.003718391992151737,3.400005340576172,0.15300026535987854,0.08374784141778946,0.003446742193773389,0.3731851577758789,40.036739349365234,1.517249347671168e-05,,,,
82247680,0.0044951788149774075,3.218348979949951,0.14482571184635162,0.08346112072467804,0.038250233978033066,0.22376248240470886,37.59541702270508,1.4719329556101002e-05,,,,
82313216,0.003665151307359338,3.111382246017456,0.1400122046470642,0.08317440003156662,0.03811921179294586,0.14252197742462158,30.980009078979492,1.8837812604033388e-05,,,,
82378752,0.0045794276520609856,1.3288264274597168,0.059797193855047226,0.0828876793384552,0.2962779998779297,0.28159406781196594,41.56037521362305,4.299205102142878e-05,,,,
82444288,0.002368275076150894,0.49441325664520264,0.02224859595298767,0.08260095864534378,0.011472191661596298,0.11386841535568237,36.41526412963867,2.1925272449152544e-05,,,,
82509824,0.0023535164073109627,1.1410192251205444,0.05134586617350578,0.08231423795223236,0.021935511380434036,0.38734471797943115,31.053133010864258,2.5576115149306133e-05,,,,
82575360,0.006256687454879284,2.0461556911468506,0.09207700937986374,0.08202751725912094,0.04450041055679321,0.341062068939209,37.82636260986328,1.5079316654009745e-05,,,,
82640896,0.001536615309305489,1.2307320833206177,0.055382948368787766,0.08174079656600952,0.052120693027973175,0.4643820822238922,32.166351318359375,2.4004129954846576e-05,,,,
82706432,0.004122354090213776,0.5791139006614685,0.02606012299656868,0.0814540833234787,0.055234603583812714,0.21029183268547058,44.625755310058594,0.0010415465803816915,-31.97437858581543,,0.00917431153357029,
82771968,0.0023602121509611607,0.41816800832748413,0.018817560747265816,0.08116736263036728,0.0366225428879261,0.1961951106786728,37.498008728027344,0.0013917535543441772,,,,
82837504,0.0015959240263327956,0.44400903582572937,0.019980408251285553,0.08088064193725586,0.06556570529937744,0.12139642238616943,28.943681716918945,0.00013173630577512085,,,,
82903040,0.002470980165526271,0.7522056698799133,0.03384925425052643,0.08059392124414444,0.028482165187597275,0.41613245010375977,31.46329116821289,5.3204261348582804e-05,,,,
82968576,0.0024898932315409184,1.318742275238037,0.059343405067920685,0.08030720055103302,0.02119435742497444,0.10540440678596497,29.784255981445312,2.1631565687130205e-05,,,,
83034112,0.0018808855675160885,0.8385235071182251,0.03773356229066849,0.0800204798579216,0.04500022903084755,0.12479913234710693,32.80441665649414,4.669505506171845e-05,,,,
83099648,0.0017178314737975597,0.4900057315826416,0.02205025777220726,0.07973375916481018,0.06892430782318115,0.13742408156394958,30.546831130981445,0.0003120704786852002,,,,
83165184,0.0031941039487719536,0.5050467252731323,0.022727103903889656,0.07944703847169876,0.0733044296503067,0.3519335389137268,26.97083282470703,0.00016239253454841673,,,,
83230720,0.0037697514053434134,0.48388513922691345,0.021774832159280777,0.07916031777858734,0.056079618632793427,0.31933221220970154,34.41791534423828,9.82006749836728e-05,,,,
83296256,0.0030228914692997932,0.4639795422554016,0.020879078656435013,0.07887359708547592,0.05482999235391617,0.11391178518533707,32.39075469970703,8.775698370300233e-05,,,,
83361792,0.006061000283807516,0.4474169611930847,0.020133763551712036,0.0785868763923645,0.13693414628505707,0.6103213429450989,51.61872482299805,4.847988020628691e-05,-26.950057983398438,,0.018216682597994804,
83427328,0.0028285731095820665,0.3465699851512909,0.015595650300383568,0.07830016314983368,0.09609909355640411,0.15082663297653198,30.001815795898438,0.00013839564053341746,,,,
83492864,0.004706956911832094,0.369168221950531,0.016612570732831955,0.07801344245672226,0.08475051820278168,0.132309228181839,30.997791290283203,0.00022692019410897046,,,,
83558400,0.0012178837787359953,0.9702117443084717,0.04365953058004379,0.07772672176361084,0.07335586845874786,0.13179287314414978,29.691247940063477,0.00011307402019156143,,,,
83623936,0.0004974773619323969,0.5102357268333435,0.02296060509979725,0.07744000107049942,0.1348615288734436,0.1912899762392044,35.55951690673828,7.545077824033797e-05,,-41.76615905761719,,0.0009765625
83689472,0.005634423345327377,3.353363037109375,0.15090134739875793,0.077153280377388,0.03202615678310394,0.23513977229595184,49.38111114501953,3.993283098679967e-05,,,,
83755008,0.005658300593495369,3.390838861465454,0.15258774161338806,0.07686655968427658,0.0013415785506367683,0.21299304068088531,45.38549041748047,1.4022582035977393e-05,,,,
83820544,0.0036979415453970432,3.3989100456237793,0.1529509723186493,0.07657983899116516,0.0020470491144806147,0.27108776569366455,39.82242965698242,1.4439438928093296e-05,,,,
83886080,0.004758996888995171,3.007385015487671,0.13533233106136322,0.07629311829805374,0.024100665003061295,0.18774712085723877,42.28409957885742,2.4963081159512512e-05,,,,
83951616,0.008868672885000706,2.8809890747070312,0.129644513130188,0.07600639760494232,0.01712646707892418,0.18232394754886627,44.487491607666016,1.9211165636079386e-05,,,,
84017152,0.003037964692339301,1.2519015073776245,0.05633556470274925,0.0757196769118309,0.25995707511901855,0.5756292939186096,40.62502670288086,3.809944973909296e-05,-37.03288269042969,,0.0033444815780967474,
84082688,0.00382427335716784,0.6663809418678284,0.029987147077918053,0.07543296366930008,0.006436490919440985,0.20944678783416748,47.81375503540039,1.867098944785539e-05,,,,
84148224,0.002411551307886839,1.0714352130889893,0.048214588314294815,0.07514624297618866,0.04920421168208122,0.10948718339204788,27.209762573242188,3.075331187574193e-05,,,,
84213760,0.004431958310306072,1.990143060684204,0.08955644071102142,0.07485952228307724,0.09603771567344666,0.40753859281539917,34.46670913696289,2.268358730361797e-05,,,,
84279296,0.0028310983907431364,1.246147871017456,0.05607665702700615,0.07457280158996582,0.06228533387184143,0.47446006536483765,32.810245513916016,4.202878335490823e-05,,,,
84344832,0.0022022195626050234,0.651959240436554,0.029338166117668152,0.0742860808968544,0.12429816275835037,0.3378770351409912,40.711090087890625,0.0006520245806314051,,,,
84410368,0.0033545158803462982,0.517145037651062,0.023271527141332626,0.07399936020374298,0.05546941980719566,0.1400178223848343,41.53383255004883,0.001093557570129633,,,,
84475904,0.0022408016957342625,0.5655606389045715,0.02545023337006569,0.07371263951063156,0.07495832443237305,0.32117801904678345,27.19306755065918,0.00015086072380654514,,,,
84541440,0.006090262904763222,1.1721032857894897,0.052744653075933456,0.07342591881752014,0.054020918905735016,0.4349413812160492,37.601234436035156,3.989475953858346e-05,,,,
84606976,0.0021905971225351095,1.1549992561340332,0.05197497084736824,0.07313919812440872,0.03850680589675903,0.10094847530126572,38.64344024658203,2.1154319256311283e-05,,,,
84672512,0.0011313161812722683,0.7242752313613892,0.03259239345788956,0.0728524774312973,0.04854848235845566,0.12333127856254578,35.923255920410156,0.00014048174489289522,,,,
84738048,0.001900321338325739,0.5388691425323486,0.024249108508229256,0.07256575673818588,0.05926058441400528,0.12503696978092194,29.430774688720703,0.0004841781919822097,,,,
84803584,0.0016252531204372644,0.6288033723831177,0.028296153992414474,0.07227904349565506,0.053877830505371094,0.15879939496517181,28.179407119750977,0.0002083970175590366,,,,
84869120,-1.0978372301906347e-05,0.5772325396537781,0.025975465774536133,0.07199232280254364,0.054727986454963684,0.11525004357099533,28.83852195739746,4.843486749450676e-05,-19.787342071533203,,0.04624277353286743,
84934656,0.002141241915524006,0.44543081521987915,0.020044386386871338,0.07170560210943222,0.08628208935260773,0.1909940093755722,36.51524353027344,2.884362947952468e-05,,,,
85000192,0.006042251363396645,0.40499669313430786,0.01822485402226448,0.0714188814163208,0.11416111886501312,0.3640669882297516,40.18913650512695,8.082283602561802e-05,,,,
85065728,0.004260530229657888,0.37675997614860535,0.016954200342297554,0.07113216072320938,0.10450766235589981,0.14668607711791992,35.432064056396484,0.00012613297440111637,,,,
85131264,0.0023536141961812973,0.6215222477912903,0.027968503534793854,0.07084544003009796,0.08332943916320801,0.14831136167049408,25.825237274169922,0.00031089939875528216,,,,
85196800,0.005464205518364906,0.6389433145523071,0.02875244989991188,0.07055871933698654,0.12118387222290039,0.14539386332035065,42.75796890258789,7.262616418302059e-05,,,,
85262336,0.0022654514759778976,0.461606502532959,0.020772293210029602,0.07027199864387512,0.10810711234807968,0.1677808165550232,32.09027862548828,0.00014462991384789348,,-42.58782958984375,,0.001953125
85327872,0.007388080935925245,3.4294633865356445,0.15432587265968323,0.0699852779507637,0.03805970400571823,0.21299338340759277,44.67499923706055,4.467688995646313e-05,,,,
85393408,0.004303397610783577,3.4116663932800293,0.1535249799489975,0.06969855725765228,0.0016364037292078137,0.17796209454536438,47.794189453125,1.7129126717918552e-05,,,,
85458944,0.0055701760575175285,3.423269748687744,0.1540471315383911,0.06941183656454086,0.006352230906486511,0.38036319613456726,37.34608459472656,1.4859432667435613e-05,,,,
85524480,0.002686432097107172,3.1133382320404053,0.14010021090507507,0.06912512332201004,0.040827676653862,0.14385563135147095,31.569637298583984,1.8652288417797536e-05,,,,
85590016,0.006742010358721018,3.1454989910125732,0.14154747128486633,0.06883840262889862,0.011332200840115547,0.10454615205526352,39.86912536621094,1.67878079082584e-05,,,,
85655552,0.007578903343528509,1.373626947402954,0.06181321665644646,0.0685516819357872,0.2825753688812256,0.17518049478530884,54.547637939453125,3.878586721839383e-05,-38.53105926513672,,0.0012376237427815795,
85721088,0.003135410137474537,0.5557374954223633,0.0250081866979599,0.06826496124267578,0.008393224328756332,0.061856720596551895,32.37647247314453,1.6611289538559504e-05,,,,
85786624,0.004809397738426924,1.3857282400131226,0.06235777586698532,0.06797824054956436,0.035328544676303864,0.20568065345287323,32.39578628540039,2.190150917158462e-05,,,,
85852160,0.0021564969792962074,2.1337873935699463,0.09602043777704239,0.06769151985645294,0.06779877841472626,0.29163694381713867,27.89348602294922,1.3622780898003839e-05,,,,
85917696,0.003217121120542288,2.5946860313415527,0.11676087975502014,0.06740479916334152,0.10869932174682617,1.3667967319488525,34.71213912963867,3.1907060474622995e-05,,,,
85983232,0.0034325486049056053,0.8870279788970947,0.0399162583053112,0.0671180784702301,1.5803580284118652,0.4775061309337616,38.32044982910156,0.0006537743611261249,,,,
86048768,0.0016601459356024861,0.5476235151290894,0.0246430616825819,0.06683135777711868,0.07617700845003128,0.25910916924476624,31.19316291809082,0.0018635190790519118,,,,
86114304,0.004380805417895317,0.5716705322265625,0.025725174695253372,0.06654463708400726,0.04612063616514206,0.12787778675556183,40.764244079589844,0.0002802102826535702,,,,
86179840,0.002796329092234373,1.2783076763153076,0.05752385035157204,0.06625791639089584,0.041948653757572174,0.44981276988983154,31.509891510009766,5.75356389163062e-05,,,,
86245376,0.0019788003992289305,1.3246569633483887,0.059609558433294296,0.06597120314836502,0.07446655631065369,0.4370037913322449,29.353111267089844,2.1638081307173707e-05,,,,
86310912,0.003373767714947462,0.8353822231292725,0.03759220615029335,0.0656844824552536,0.08571790158748627,0.14249345660209656,47.56832504272461,5.940574192209169e-05,,,,
86376448,0.004687394015491009,0.502938449382782,0.022632228210568428,0.06539776176214218,0.027590617537498474,0.11108505725860596,39.98326110839844,0.00020814617164433002,-8.690690994262695,,0.2716049253940582,
86441984,0.0021070046350359917,0.5359945297241211,0.024119753390550613,0.06511104106903076,0.025182489305734634,0.09651466459035873,31.505596160888672,0.00012101496395189315,,,,
86507520,0.0028373447712510824,0.6973538398742676,0.031380921602249146,0.06482432037591934,0.04458735138177872,0.11212164163589478,36.0494270324707,3.5787103115580976e-05,,,,
86573056,0.0006047443021088839,0.5825254321098328,0.026213642209768295,0.06453759968280792,0.08046097308397293,0.2853457033634186,35.930015563964844,3.855709292110987e-05,,,,
86638592,0.0031823983881622553,0.5625795722007751,0.025316085666418076,0.0642508789896965,0.0881752297282219,0.08776751160621643,36.35014724731445,0.0001165159628726542,,,,
86704128,0.003212766721844673,0.5141432285308838,0.023136449977755547,0.06396415829658508,0.06562194973230362,0.16701579093933105,31.623781204223633,0.00011508584429975599,,,,
86769664,0.002398355398327112,0.4772205352783203,0.02147492580115795,0.06367743760347366,0.057984061539173126,0.1495009809732437,27.868053436279297,0.0001121836103266105,,,,
86835200,0.0010163217084482312,0.5894511342048645,0.026525301858782768,0.06339071691036224,0.0757150799036026,0.1765977144241333,33.95391082763672,3.624790406320244e-05,,,,
86900736,0.0018075818661600351,0.4939325451850891,0.0222269669175148,0.06310400366783142,0.10369633138179779,0.9014255404472351,32.25537109375,0.00020362384384498,-33.206642150878906,-41.54579162597656,0.0027624310459941626,0.0009765625
86966272,0.013021467253565788,3.433342695236206,0.15450042486190796,0.06281728297472,0.03374851122498512,0.09530630707740784,63.62480926513672,4.3223048123763874e-05,,,,
87031808,0.0027853830251842737,3.540579080581665,0.15932606160640717,0.06253056228160858,0.0020350771956145763,0.18387606739997864,38.13020324707031,1.7079973986255936e-05,,,,
87097344,0.0038178060203790665,3.6057848930358887,0.16226032376289368,0.06224384158849716,0.004977824632078409,0.20586712658405304,40.5685920715332,1.2539318959170487e-05,,,,
87162880,0.0032185916788876057,3.388654947280884,0.15248949825763702,0.06195712089538574,0.038559865206480026,0.1685272753238678,32.08824920654297,1.1267646186752245e-05,,,,
87228416,0.004826033487915993,3.394134521484375,0.15273605287075043,0.06167040020227432,0.017487656325101852,0.1116795688867569,35.98003005981445,1.3134264918335248e-05,,,,
87293952,0.004478280432522297,1.4147831201553345,0.0636652484536171,0.0613836795091629,0.2360650599002838,0.2663280963897705,46.52975082397461,3.9436843508156016e-05,,,,
87359488,0.00514850253239274,0.6439985036849976,0.02897993102669716,0.06109695881605148,0.009598467499017715,0.08393066376447678,41.489593505859375,1.552301546325907e-05,,,,
87425024,0.0021739788353443146,1.6570627689361572,0.07456783205270767,0.06081024184823036,0.018412461504340172,0.14998739957809448,28.334491729736328,1.928005258378107e-05,,,,
87490560,0.00536621268838644,2.05149507522583,0.09231728315353394,0.06052352115511894,0.12541501224040985,0.27848297357559204,37.658782958984375,1.5156788322201464e-05,,,,
87556096,0.0021916143596172333,2.4900901317596436,0.11205406486988068,0.06023680046200752,0.13285398483276367,0.38575947284698486,31.034687042236328,3.773459684452973e-05,,,,
87621632,0.003153538564220071,0.9116948246955872,0.041026268154382706,0.0599500797688961,0.8207559585571289,0.19101233780384064,36.39011764526367,0.0007199057727120817,-24.544626235961914,,0.1582222282886505,
87687168,0.0011457065120339394,0.6432520151138306,0.028946340084075928,0.05966335907578468,0.1101955845952034,0.25578486919403076,33.15460205078125,0.0016261038836091757,,,,
87752704,0.004238201770931482,0.6846871972084045,0.030810926109552383,0.059376638382673264,0.09550569951534271,0.5598649978637695,35.84967041015625,0.00017272061086259782,,,,
87818240,0.0038458104245364666,0.8805813789367676,0.039626166224479675,0.05908992141485214,0.08976906538009644,0.162375807762146,35.13692092895508,4.0487277146894485e-05,,,,
87883776,0.00499480776488781,1.693166732788086,0.07619250565767288,0.05880320072174072,0.10630208998918533,0.5380549430847168,38.825836181640625,2.0429342839634046e-05,,,,
87949312,0.0006467481143772602,0.9590001106262207,0.0431549996137619,0.0585164800286293,0.05952939763665199,0.1201249435544014,43.42107391357422,5.3842020861338824e-05,,,,
88014848,0.00165496114641428,0.5553008317947388,0.024988539516925812,0.05822975933551788,0.04550511762499809,0.10058801621198654,30.208873748779297,0.00017341198690701276,,,,
88080384,0.0017052215989679098,0.5195593237876892,0.02338016778230667,0.057943038642406464,0.055016618221998215,0.14691683650016785,29.492464065551758,9.871475049294531e-05,,,,
88145920,0.0021340837702155113,0.4699253737926483,0.02114664390683174,0.05765632167458534,0.046443697065114975,0.09077219665050507,30.83702278137207,5.7520617701811716e-05,,,,
88211456,0.004352915100753307,0.825956404209137,0.03716804459691048,0.05736960098147392,0.12259912490844727,0.13109177350997925,28.543712615966797,5.6784250773489475e-05,,,,
88276992,0.001328219659626484,0.4791298806667328,0.021560845896601677,0.0570828802883625,0.13333319127559662,0.21234212815761566,30.98529052734375,3.074610503972508e-05,,,,
88342528,0.0009457445121370256,0.58272784948349,0.026222756132483482,0.05679615959525108,0.11274218559265137,0.20688918232917786,24.486955642700195,0.00010055139864562079,,,,
88408064,0.0019536572508513927,1.4505224227905273,0.06527350842952728,0.056509438902139664,0.09215466678142548,0.18265576660633087,33.525455474853516,7.591498433612287e-05,,,,
88473600,0.0016974012833088636,1.2397540807724,0.055788926780223846,0.056222718209028244,0.11887315660715103,0.20856110751628876,29.664485931396484,3.861359436996281e-05,,,,
88539136,0.0028956157620996237,0.7142286896705627,0.03214029222726822,0.05593600124120712,0.0945785790681839,0.12837064266204834,35.4501838684082,7.445060327881947e-05,-33.45585250854492,-42.09230041503906,0.035820893943309784,0.0
88604672,0.005823408719152212,3.5991270542144775,0.16196073591709137,0.0556492805480957,0.019226187840104103,0.12087696045637131,45.5830078125,3.5304256016388535e-05,,,,
88670208,0.005457810591906309,3.659372329711914,0.16467174887657166,0.05536255985498428,0.0023626922629773617,0.1662951111793518,45.97308349609375,1.0133979230886325e-05,,,,
88735744,0.0013632882619276643,3.658693552017212,0.16464123129844666,0.055075839161872864,0.006215320900082588,0.15104223787784576,28.900863647460938,9.674682587501593e-06,,,,
88801280,0.002622860949486494,3.410599946975708,0.1534770131111145,0.054789118468761444,0.04607226699590683,0.1782016158103943,27.52955436706543,1.2598470675584394e-05,,,,
88866816,0.0033867922611534595,3.313176393508911,0.14909294247627258,0.05450240150094032,0.029512327164411545,0.150862917304039,32.13641357421875,1.3146836863597855e-05,,,,
88932352,0.0023068564478307962,1.414654016494751,0.0636594370007515,0.0542156808078289,0.251620888710022,0.28942570090293884,37.8426399230957,3.678680877783336e-05,,,,
88997888,0.003240433754399419,0.526740312576294,0.0237033162266016,0.053928960114717484,0.01365058682858944,0.0914212316274643,30.644060134887695,1.6121575754368678e-05,,,,
89063424,0.004026178270578384,1.3893842697143555,0.062522292137146,0.053642239421606064,0.03822414577007294,0.06478273123502731,28.952505111694336,1.7330226910416968e-05,,,,
89128960,0.0024778307415544987,2.0764567852020264,0.09344055503606796,0.053355518728494644,0.04382489249110222,0.15919633209705353,31.00810432434082,1.2616129424714018e-05,,,,
89194496,0.001427090261131525,2.049546957015991,0.09222960472106934,0.05306880176067352,0.08418473601341248,0.3922959864139557,28.711427688598633,1.8765880668070167e-05,,,,
89260032,0.002930427435785532,0.927718997001648,0.041747353971004486,0.0527820810675621,0.38399046659469604,0.332515686750412,36.81946563720703,0.00029767415253445506,-28.945655822753906,,0.06666667014360428,
89325568,0.0007642103591933846,0.6833987236022949,0.030752943828701973,0.052495360374450684,0.07088997960090637,0.575302004814148,32.503143310546875,0.0007211778429336846,,,,
89391104,0.0038458022754639387,0.7112530469894409,0.032006390392780304,0.052208639681339264,0.14343729615211487,0.16968068480491638,35.714744567871094,0.00010614512575557455,,,,
89456640,0.0030182581394910812,0.923895537853241,0.04157530143857002,0.051921918988227844,0.14183828234672546,1.0547351837158203,35.246192932128906,3.344729702803306e-05,,,,
89522176,0.003968854900449514,1.6571550369262695,0.07457198202610016,0.051635198295116425,0.09624047577381134,0.21637681126594543,36.10859298706055,1.7188936908496544e-05,,,,
89587712,0.0014353361912071705,1.012616753578186,0.04556775838136673,0.0513484813272953,0.06748007237911224,0.12791325151920319,33.45279312133789,4.714538954431191e-05,,,,
89653248,0.001298172865062952,0.5803836584091187,0.026117265224456787,0.051061760634183884,0.02641734480857849,0.0866631492972374,38.99306869506836,0.00014684395864605904,,,,
89718784,0.002421044744551182,0.5582787990570068,0.025122547522187233,0.050775039941072464,0.02898932807147503,0.10516281425952911,34.22159194946289,7.774057303322479e-05,,,,
89784320,0.0024014306254684925,0.8361420631408691,0.037626393139362335,0.050488319247961044,0.03401408717036247,0.10233496129512787,36.627986907958984,5.7325101806782186e-05,,,,
89849856,0.0015016759280115366,1.1669442653656006,0.05251249298453331,0.050201598554849625,0.08075392246246338,0.49945828318595886,26.76268768310547,2.037718331848737e-05,,,,
89915392,0.0018195267766714096,0.7617303729057312,0.034277867525815964,0.05000000074505806,0.10148356109857559,0.1749425232410431,34.94801712036133,4.118142896913923e-05,-24.63213539123535,,0.03969022259116173,
89980928,0.0014713846612721682,0.6580042243003845,0.029610194265842438,0.05000000074505806,0.031693555414676666,0.0878412127494812,31.76385498046875,8.851304301060736e-05,,,,
90046464,0.001555603346787393,0.6029891967773438,0.027134515345096588,0.05000000074505806,0.027735523879528046,0.0915057510137558,26.098995208740234,7.842435297789052e-05,,,,
90112000,0.0006751066539436579,0.7101936936378479,0.03195871785283089,0.05000000074505806,0.06650838255882263,0.15224963426589966,34.45269012451172,4.342345710028894e-05,,,,
90177536,0.0007258470868691802,0.5560214519500732,0.025020964443683624,0.05000000074505806,0.06148101016879082,0.5257900357246399,31.016035079956055,0.0002719807671383023,,-42.511016845703125,,0.0
90243072,0.01601436361670494,3.5342750549316406,0.1590423882007599,0.05000000074505806,0.02488495036959648,0.09662900865077972,61.0040283203125,3.4985212550964206e-05,,,,
90308608,0.002954823197796941,3.6593565940856934,0.16467104852199554,0.05000000074505806,0.001224509091116488,0.17070624232292175,38.95111846923828,1.4788567568757571e-05,,,,
90374144,0.003947526682168245,3.680202007293701,0.16560909152030945,0.05000000074505806,0.009941648691892624,0.21590252220630646,35.88975143432617,7.600373464811128e-06,,,,
90439680,0.0019821971654891968,3.550136089324951,0.159756138920784,0.05000000074505806,0.031232893466949463,0.13877856731414795,28.55504035949707,1.822339982027188e-05,,,,
90505216,0.004143128637224436,3.496654510498047,0.15734945237636566,0.05000000074505806,0.03309911489486694,0.1305128037929535,36.56833267211914,1.342689120065188e-05,,,,
90570752,0.00016832631081342697,1.4420146942138672,0.06489066034555435,0.05000000074505806,0.29349485039711,0.5019211173057556,28.98291778564453,3.694973565870896e-05,-38.618446350097656,,0.0,
90636288,0.00730527751147747,0.6001782417297363,0.027008019387722015,0.05000000074505806,0.009191036224365234,0.08674170076847076,31.669143676757812,1.555686685605906e-05,,,,
90701824,0.0022682510316371918,1.228541374206543,0.05528436601161957,0.05000000074505806,0.030534230172634125,0.0575493723154068,24.377395629882812,1.948784847627394e-05,,,,
90767360,0.004832088947296143,1.9965347051620483,0.08984406292438507,0.05000000074505806,0.006858043372631073,0.24785763025283813,50.3060417175293,1.586089092597831e-05,,,,
90832896,0.0023240731097757816,2.525840997695923,0.11366284638643265,0.05000000074505806,0.03242328017950058,0.26440638303756714,39.70444107055664,2.272976780659519e-05,,,,
90898432,0.001604471355676651,1.0569225549697876,0.047561515122652054,0.05000000074505806,0.5641649961471558,0.6816410422325134,30.813222885131836,0.0002308594121132046,,,,
90963968,0.002100343583151698,0.6963749527931213,0.03133687376976013,0.05000000074505806,0.10929587483406067,0.19602391123771667,32.1068229675293,0.0007285707397386432,,,,
91029504,0.0024494065437465906,0.9217679500579834,0.04147955775260925,0.05000000074505806,0.12684370577335358,0.33999118208885193,29.881853103637695,0.00016897254681680351,,,,
91095040,0.0007682745344936848,1.5419142246246338,0.06938613951206207,0.05000000074505806,0.06970275938510895,0.1768416315317154,29.13837242126465,2.3865490220487118e-05,,,,
91160576,0.0011810357682406902,1.1119780540466309,0.05003901198506355,0.05000000074505806,0.05160719156265259,0.11147359013557434,28.90688705444336,3.275574272265658e-05,,,,
91226112,0.003199469530954957,0.7431737184524536,0.033442821353673935,0.05000000074505806,0.06500569730997086,0.1181190013885498,38.312034606933594,0.0001374683779431507,,,,
91291648,0.000612480565905571,0.5620876550674438,0.025293946266174316,0.05000000074505806,0.04933933913707733,0.09925966709852219,26.281442642211914,0.0004585028509609401,-17.010169982910156,,0.13301435112953186,
91357184,0.0025623617693781853,0.5448840260505676,0.0245197843760252,0.05000000074505806,0.035964518785476685,0.1018712967634201,29.516000747680664,0.00022050751431379467,,,,
91422720,0.003929768688976765,0.8341413140296936,0.03753636032342911,0.05000000074505806,0.05575251579284668,0.07785029709339142,34.34796905517578,4.958166755386628e-05,,,,
91488256,0.0034728320315480232,0.6909323930740356,0.0310919601470232,0.05000000074505806,0.09291839599609375,0.1561404913663864,44.70703125,2.83333174593281e-05,,,,
91553792,0.0008280336041934788,0.5565398335456848,0.025044292211532593,0.05000000074505806,0.0788707584142685,0.1204741820693016,26.77557373046875,0.00010795832349685952,,,,
91619328,0.002165658865123987,0.5406035780906677,0.02432716265320778,0.05000000074505806,0.0779796689748764,0.11667715758085251,30.88505744934082,0.00018643813382368535,,,,
91684864,0.001470677088946104,0.44457823038101196,0.020006023347377777,0.05000000074505806,0.04727143794298172,0.12910696864128113,31.55685043334961,0.0001278906420338899,,,,
91750400,0.00023872614838182926,0.4202238917350769,0.01891007274389267,0.05000000074505806,0.06812691688537598,0.13375048339366913,29.956933975219727,7.361641473835334e-05,,,,
91815936,0.003855072893202305,0.4836646318435669,0.021764907985925674,0.05000000074505806,0.07910346984863281,0.22743146121501923,42.609336853027344,0.00031613302417099476,,-42.2899055480957,,0.0
91881472,0.010643398389220238,3.5242562294006348,0.15859153866767883,0.05000000074505806,0.028904598206281662,0.07284234464168549,52.722225189208984,3.765786095755175e-05,,,,
91947008,0.003919433336704969,3.65551495552063,0.16449818015098572,0.05000000074505806,0.0018178819445893168,0.10630727559328079,39.650753021240234,1.2867809346062131e-05,,,,
92012544,0.0020756330341100693,3.6741693019866943,0.16533763706684113,0.05000000074505806,0.013389420695602894,0.18682608008384705,32.91328430175781,6.845738425909076e-06,,,,
92078080,0.004908246919512749,3.4224236011505127,0.15400904417037964,0.05000000074505806,0.02882879599928856,0.1782716065645218,34.66852569580078,2.366578883084003e-05,-30.764354705810547,,0.013592232950031757,
92143616,0.004193569533526897,3.3676838874816895,0.15154579281806946,0.05000000074505806,0.01996312476694584,0.16010141372680664,36.278419494628906,1.2014768799417652e-05,,,,
92209152,0.0006738512311130762,1.4406466484069824,0.06482909619808197,0.05000000074505806,0.2926594614982605,0.2131260484457016,38.85507583618164,3.555860894266516e-05,,,,
92274688,0.0038289425428956747,0.738406240940094,0.033228278160095215,0.05000000074505806,0.01157619059085846,0.1319686472415924,36.57856369018555,1.3317548109625932e-05,,,,
92340224,0.0026371830608695745,1.5602672100067139,0.07021202147006989,0.05000000074505806,0.03116968646645546,0.0793130099773407,27.945741653442383,2.0194696844555438e-05,,,,
92405760,0.0012827527243644,2.189718008041382,0.09853732585906982,0.05000000074505806,0.011386118829250336,0.2860450744628906,33.874813079833984,1.5986463040462695e-05,,,,
92471296,0.002909812144935131,2.133746385574341,0.09601859003305435,0.05000000074505806,0.06423285603523254,0.3850591778755188,36.436866760253906,4.6497782022925094e-05,,,,
92536832,0.0018786953296512365,0.8856960535049438,0.03985632210969925,0.05000000074505806,0.2954885959625244,0.5664888620376587,33.207908630371094,0.0004986905260011554,-27.886083602905273,,0.0781395360827446,
92602368,0.001861892524175346,0.786007285118103,0.03537033125758171,0.05000000074505806,0.08514270186424255,0.3801569938659668,33.63996505737305,0.0011213470716029406,,,,
92667904,0.0023548153694719076,0.9475085139274597,0.04263788461685181,0.05000000074505806,0.1072823703289032,0.15211497247219086,34.33510208129883,0.00014787839609198272,,,,
92733440,0.0025721085257828236,1.3548802137374878,0.06096960976719856,0.05000000074505806,0.10917110741138458,0.47013381123542786,26.89084815979004,2.628585571073927e-05,,,,
92798976,0.001975016901269555,1.1042629480361938,0.049691833555698395,0.05000000074505806,0.08551791310310364,0.5711191892623901,32.530128479003906,3.315187859698199e-05,,,,
92864512,0.0031263036653399467,0.7429428696632385,0.033432431519031525,0.05000000074505806,0.05899985507130623,0.1823115199804306,33.576168060302734,0.00015994414570741355,,,,
92930048,0.0030195419676601887,0.5979862213134766,0.02690938115119934,0.05000000074505806,0.05083669349551201,0.16855815052986145,32.273345947265625,0.00025554466992616653,,,,
92995584,0.002635867800563574,0.6215255856513977,0.027968652546405792,0.05000000074505806,0.03248041868209839,0.1343112587928772,26.743772506713867,0.00012216164031997323,,,,
93061120,0.0025937745813280344,0.8311994075775146,0.037403978407382965,0.05000000074505806,0.07751832902431488,0.12807497382164001,31.948366165161133,3.300550815765746e-05,,,,
93126656,0.0009552117553539574,0.5784263014793396,0.026029184460639954,0.05000000074505806,0.09762203693389893,0.13240432739257812,32.635555267333984,5.443473855848424e-05,,,,
93192192,0.0018883842276409268,0.619493305683136,0.02787720039486885,0.05000000074505806,0.055434808135032654,0.14120234549045563,26.9189453125,0.0001565979328006506,,,,
93257728,0.0014312169514596462,0.5260705947875977,0.023673176765441895,0.05000000074505806,0.05631238967180252,0.20347845554351807,22.971345901489258,7.137764623621479e-05,,,,
93323264,0.0011070998152717948,0.4735940992832184,0.02131173573434353,0.05000000074505806,0.03756915032863617,0.12458264827728271,29.825162887573242,8.064642315730453e-05,,,,
93388800,0.002856704406440258,0.4957607388496399,0.022309232503175735,0.05000000074505806,0.04973020404577255,0.721174955368042,27.763181686401367,0.00012564013013616204,-28.573078155517578,,0.021967526525259018,
93454336,0.0016187746077775955,0.5514232516288757,0.024814048781991005,0.05000000074505806,0.050219468772411346,0.5557054281234741,29.925539016723633,0.00017440439842175692,,-42.633819580078125,,0.0
93519872,0.010269341990351677,3.618856906890869,0.1628485769033432,0.05000000074505806,0.03142162039875984,0.14833585917949677,51.34435272216797,3.61098391294945e-05,,,,
93585408,0.005472286604344845,3.6572675704956055,0.16457706689834595,0.05000000074505806,0.003929487429559231,0.4335247874259949,47.552101135253906,1.6013524145819247e-05,,,,
93650944,0.004365835338830948,3.6753413677215576,0.16539035737514496,0.05000000074505806,0.0030708767008036375,0.17531339824199677,44.35185623168945,7.097453817550559e-06,,,,
93716480,0.0031328427139669657,3.505765199661255,0.15775944292545319,0.05000000074505806,0.021636521443724632,0.22634458541870117,33.22483444213867,2.6575507945381105e-05,,,,
93782016,0.004380919970571995,3.414452075958252,0.15365034341812134,0.05000000074505806,0.007565316278487444,0.10214050114154816,34.73445510864258,1.0908635886153206e-05,,,,
93847552,0.0024267779663205147,1.4273507595062256,0.0642307922244072,0.05000000074505806,0.2087106853723526,0.16958026587963104,36.43819046020508,5.3997344366507605e-05,-35.45661926269531,,0.0008438818622380495,
93913088,0.0036579419393092394,0.5014221668243408,0.022564001381397247,0.05000000074505806,0.018503300845623016,0.11605210602283478,34.347373962402344,2.4667826437507756e-05,,,,
93978624,0.003488251008093357,1.1079676151275635,0.049858540296554565,0.05000000074505806,0.024161305278539658,0.14765788614749908,25.858213424682617,1.9504892406985164e-05,,,,
94044160,0.0025118887424468994,1.9284849166870117,0.0867818295955658,0.05000000074505806,0.007848966866731644,0.16359464824199677,29.41055679321289,1.4070229553908575e-05,,,,
94109696,0.002210586564615369,1.3704752922058105,0.061671383678913116,0.05000000074505806,0.03393486887216568,0.5733012557029724,35.57037353515625,2.2502570573124103e-05,,,,
94175232,0.001900269417092204,0.7634645700454712,0.03435590863227844,0.05000000074505806,0.07236870378255844,0.3493466377258301,36.985774993896484,0.000581428233999759,,,,
94240768,0.00046604289673268795,0.5380491018295288,0.02421220950782299,0.05000000074505806,0.030976036563515663,0.10865356028079987,31.008411407470703,0.0011986190220341086,,,,
94306304,0.0017939256504178047,0.5090019702911377,0.02290509082376957,0.05000000074505806,0.041585441678762436,0.07993258535861969,27.434677124023438,0.000172817351995036,,,,
94371840,0.001686538103967905,1.0870698690414429,0.04891814664006233,0.05000000074505806,0.03928534314036369,0.12814787030220032,24.64842987060547,2.7880476409336552e-05,,,,
94437376,0.0009417647961527109,0.9953340291976929,0.044790033251047134,0.05000000074505806,0.022306697443127632,0.07919782400131226,33.2506217956543,2.7119465812575072e-05,,,,
94502912,0.0005110525526106358,0.6141276359558105,0.027635745704174042,0.05000000074505806,0.029993966221809387,0.12702414393424988,26.94458770751953,0.00024781242245808244,-23.01117515563965,,0.02642444334924221,
94568448,0.0010124692926183343,0.48836687207221985,0.021976511925458908,0.05000000074505806,0.020337119698524475,0.09445253014564514,27.578521728515625,0.0004452190187294036,,,,
94633984,0.0014521488919854164,0.5107552409172058,0.022983988747000694,0.05000000074505806,0.026276716962456703,0.09352660179138184,25.077760696411133,0.00013600058446172625,,,,
94699520,0.002030271105468273,0.8672556281089783,0.03902650624513626,0.05000000074505806,0.03952012211084366,0.09470196068286896,30.140506744384766,3.632729931268841e-05,,,,
94765056,0.0012823117431253195,0.5639805793762207,0.025379125028848648,0.05000000074505806,0.09312361478805542,0.4390568733215332,38.97603988647461,6.750733882654458e-05,,,,
94830592,0.0025316926185041666,0.47213155031204224,0.021245919167995453,0.05000000074505806,0.028226204216480255,0.08184676617383957,29.725746154785156,0.00022158710635267198,,,,
94896128,0.00020927225705236197,0.3837128281593323,0.017267076298594475,0.05000000074505806,0.041362881660461426,0.09894069284200668,28.75956153869629,7.56209556129761e-05,,,,
94961664,0.0038235040847212076,0.3545047640800476,0.015952715650200844,0.05000000074505806,0.02343979850411415,0.09826809912919998,33.92192840576172,0.00013358956493902951,,,,
95027200,-0.0002483227290213108,0.5444685220718384,0.024501081556081772,0.05000000074505806,0.031746577471494675,0.11008963733911514,31.220550537109375,7.106208067853004e-05,,,,
95092736,0.00109408563002944,0.3715795874595642,0.016721080988645554,0.05000000074505806,0.0932404026389122,0.2988317608833313,33.965450286865234,5.823719038744457e-05,-27.761478424072266,-43.12894058227539,0.010212766006588936,0.0
95158272,0.017994260415434837,3.590620756149292,0.16157793998718262,0.05000000074505806,0.024266067892313004,0.36090636253356934,61.32050323486328,4.002599234809168e-05,,,,
95223808,0.0023809336125850677,3.7874882221221924,0.17043696343898773,0.05000000074505806,0.0009308423614129424,0.10755971074104309,40.700416564941406,1.726147092995234e-05,,,,
95289344,0.005201810505241156,3.7903404235839844,0.17056533694267273,0.05000000074505806,0.005894442088901997,0.23525404930114746,44.4431266784668,9.619770025892649e-06,,,,
95354880,0.002052644267678261,3.6110150814056396,0.1624957025051117,0.05000000074505806,0.028325075283646584,0.23166276514530182,27.071434020996094,9.829748705669772e-06,,,,
95420416,0.002340734703466296,3.5017201900482178,0.15757739543914795,0.05000000074505806,0.011421547271311283,0.11292916536331177,32.28525924682617,1.202605380967725e-05,,,,
95485952,0.00045824190601706505,1.427553415298462,0.06423990428447723,0.05000000074505806,0.2760278880596161,0.33778607845306396,35.37262725830078,4.287565025151707e-05,,,,
95551488,0.003765092696994543,0.601734459400177,0.0270780511200428,0.05000000074505806,0.008400963619351387,0.09880782663822174,35.59343338012695,2.0230927475495264e-05,,,,
95617024,0.001060629147104919,1.7426493167877197,0.07841922342777252,0.05000000074505806,0.0352277010679245,0.12441836297512054,23.71344566345215,2.475137443980202e-05,,,,
95682560,0.002993475180119276,2.5940093994140625,0.11673041433095932,0.05000000074505806,0.01786625385284424,0.30146992206573486,37.096927642822266,1.1238251317990944e-05,,,,
95748096,0.001445006113499403,2.9206197261810303,0.13142789900302887,0.05000000074505806,0.043361078947782516,0.3293893337249756,33.56100082397461,1.8016227841144428e-05,,,,
95813632,0.0014303590869531035,0.9609866142272949,0.04324439913034439,0.05000000074505806,0.432670533657074,0.38569194078445435,31.686573028564453,0.0013812811812385917,-27.752689361572266,,0.06112469360232353,
95879168,0.00290892506018281,0.5596990585327148,0.025186458602547646,0.05000000074505806,0.052420474588871,0.21161562204360962,35.35504913330078,0.0029510348103940487,,,,
95944704,-0.0005546805914491415,0.598236083984375,0.026920627802610397,0.05000000074505806,0.03420773148536682,0.10969801992177963,29.476072311401367,0.0002591142547316849,,,,
96010240,0.005885920487344265,0.7154932022094727,0.03219719976186752,0.05000000074505806,0.024635760113596916,0.1571577787399292,37.990089416503906,5.682194750988856e-05,,,,
96075776,0.005139260087162256,1.6140892505645752,0.0726340189576149,0.05000000074505806,0.03291376307606697,0.3650744557380676,38.65196228027344,2.1856896637473255e-05,,,,
96141312,-8.230074308812618e-05,0.9289832711219788,0.041804250329732895,0.05000000074505806,0.035837363451719284,0.11158942431211472,33.58978271484375,4.032123979413882e-05,,,,
96206848,7.22992408555001e-05,0.5850343704223633,0.02632654830813408,0.05000000074505806,0.024546967819333076,0.13088025152683258,33.53216552734375,0.00015252117009367794,,,,
96272384,0.0024333661422133446,0.5333795547485352,0.0240020789206028,0.05000000074505806,0.028260260820388794,0.16738417744636536,33.228515625,8.223151235142723e-05,,,,
96337920,0.0003768753958866,0.5079270005226135,0.02285671792924404,0.05000000074505806,0.041680529713630676,0.10270440578460693,30.353343963623047,5.5846961913630366e-05,,,,
96403456,0.0026660016737878323,0.755644679069519,0.03400401398539543,0.05000000074505806,0.043330468237400055,0.14519433677196503,27.997278213500977,7.877588359406218e-05,,,,
96468992,0.0007390163955278695,0.7205999493598938,0.03242700174450874,0.05000000074505806,0.07987603545188904,0.19693730771541595,30.475984573364258,3.46203196386341e-05,,,,
96534528,0.002644844353199005,0.5216349363327026,0.023473568260669708,0.05000000074505806,0.060244351625442505,0.11392773687839508,28.68194007873535,6.990667316131294e-05,,,,
96600064,0.00022152031306177378,0.8553353548049927,0.03849009424448013,0.05000000074505806,0.04146524891257286,0.12214292585849762,28.704090118408203,4.960541264154017e-05,,,,
96665600,0.00034419656731188297,0.7463665008544922,0.03358649089932442,0.05000000074505806,0.0844913125038147,0.6424046754837036,28.804763793945312,4.680227721109986e-05,-25.0198917388916,,0.02570921927690506,
96731136,0.0022575778421014547,0.538741946220398,0.024243390187621117,0.05000000074505806,0.068797267973423,0.20279526710510254,30.291423797607422,0.00021422005374915898,,-43.859092712402344,,0.0
96796672,0.005146195646375418,3.69503116607666,0.16627639532089233,0.05000000074505806,0.014097658917307854,0.06831216812133789,46.04513168334961,3.50096779584419e-05,,,,
96862208,0.002588347066193819,3.761239767074585,0.1692558079957962,0.05000000074505806,0.000859923311509192,0.15456630289554596,42.582801818847656,1.1573700248845853e-05,,,,
96927744,0.002592792734503746,3.715131998062134,0.16718092560768127,0.05000000074505806,0.0019914242438971996,0.14787077903747559,40.61103057861328,8.173088644980453e-06,,,,
96993280,0.0015308528672903776,3.569727659225464,0.160637766122818,0.05000000074505806,0.01818682812154293,0.13857519626617432,30.667526245117188,1.3710424354940187e-05,,,,
97058816,0.0016443185741081834,3.4909629821777344,0.157093346118927,0.05000000074505806,0.007540570106357336,0.3264612555503845,32.68994140625,1.7022144675138406e-05,,,,
97124352,0.002278669038787484,1.4796545505523682,0.06658446043729782,0.05000000074505806,0.29782724380493164,0.7837269306182861,38.118324279785156,3.660354559542611e-05,,,,
97189888,0.0001609188038855791,0.5437554121017456,0.02446899190545082,0.05000000074505806,0.008799294009804726,0.17414896190166473,30.570436477661133,1.719977990433108e-05,-33.9694709777832,,0.0009727626456879079,
97255424,0.003004566067829728,1.5278198719024658,0.06875190138816833,0.05000000074505806,0.03318873047828674,0.09347665309906006,33.45781707763672,2.110314198944252e-05,,,,
97320960,4.867091774940491e-06,2.60420560836792,0.11718925833702087,0.05000000074505806,0.012502560392022133,0.19301582872867584,28.085281372070312,1.4143791304377373e-05,,,,
97386496,0.00010640907566994429,2.0445215702056885,0.0920034795999527,0.05000000074505806,0.032296083867549896,0.3779962956905365,30.611417770385742,1.878611874417402e-05,,,,
97452032,-3.547011874616146e-05,0.7741703987121582,0.03483767434954643,0.05000000074505806,0.2017483413219452,0.6058807373046875,27.09687042236328,0.0016706676688045263,,,,
97517568,0.0008410242153331637,0.537628173828125,0.02419326826930046,0.05000000074505806,0.0447658933699131,0.16369645297527313,34.297340393066406,0.0022744638845324516,,,,
97583104,0.00233899406157434,0.4927124083042145,0.02217205800116062,0.05000000074505806,0.04508018493652344,0.10078165680170059,30.772253036499023,0.00018321469542570412,,,,
97648640,0.0012440585996955633,0.8061648011207581,0.036277417093515396,0.05000000074505806,0.030741412192583084,0.10719779133796692,26.56177520751953,6.005014438414946e-05,,,,
97714176,0.0012454752577468753,1.2401703596115112,0.05580766499042511,0.05000000074505806,0.027668166905641556,0.0986938551068306,28.4681339263916,2.015311474679038e-05,,,,
97779712,-0.0006501090829260647,0.7349967956542969,0.03307485207915306,0.05000000074505806,0.04028039425611496,0.09029629081487656,30.56336212158203,9.358431998407468e-05,-19.95633316040039,,0.05338417738676071,
97845248,0.0015071446541696787,0.4832790195941925,0.02174755558371544,0.05000000074505806,0.039606571197509766,0.09939582645893097,32.671234130859375,0.0006179885240271688,,,,
97910784,0.00035174941876903176,0.5004525184631348,0.022520365193486214,0.05000000074505806,0.027103766798973083,0.17086656391620636,25.709087371826172,0.00022476659796666354,,,,
97976320,7.836113218218088e-05,0.5672670602798462,0.025527019053697586,0.05000000074505806,0.07164925336837769,0.11612729728221893,27.52721405029297,5.9072925068903714e-05,,,,
98041856,0.0004908619448542595,0.4003675580024719,0.018016541376709938,0.05000000074505806,0.056663550436496735,0.6288101673126221,31.54715919494629,0.00013992332969792187,,,,
98107392,0.0015882155857980251,0.4277343153953552,0.01924804598093033,0.05000000074505806,0.053054653108119965,0.36765801906585693,31.116233825683594,0.00015452021034434438,,,,
98172928,0.0004578774096444249,0.4241275191307068,0.01908573880791664,0.05000000074505806,0.04516379535198212,0.08273199945688248,23.451135635375977,0.00010972670861519873,,,,
98238464,0.001386064337566495,0.3788566291332245,0.0170485470443964,0.05000000074505806,0.027250446379184723,0.08996187895536423,26.3030948638916,0.0001179566970677115,,,,
98304000,8.79783183336258e-05,0.9823793768882751,0.044207073748111725,0.05000000074505806,0.055196743458509445,0.17361311614513397,28.99002456665039,5.181316373636946e-05,,,,
98369536,0.000489742960780859,0.4510045051574707,0.02029520273208618,0.05000000074505806,0.12069371342658997,0.9654918313026428,34.919315338134766,9.14529082365334e-05,-28.789438247680664,-42.30304718017578,0.005489478353410959,0.0
98435072,0.010043897666037083,3.500192403793335,0.15750867128372192,0.05000000074505806,0.031900182366371155,0.2278674989938736,51.78112030029297,3.14617864205502e-05,,,,
98500608,0.0041575985960662365,3.6075150966644287,0.16233819723129272,0.05000000074505806,0.0010435777949169278,0.14091399312019348,48.71307373046875,1.0939721505565103e-05,,,,
98566144,0.0002965928288176656,3.614412784576416,0.16264857351779938,0.05000000074505806,0.002751048654317856,0.1916077584028244,31.394689559936523,7.449189979524817e-06,,,,
98631680,0.0022860111203044653,3.4355695247650146,0.15460063517093658,0.05000000074505806,0.03139688819646835,0.25107529759407043,36.50447463989258,1.838960815803148e-05,,,,
98697216,0.001416303450241685,3.3754000663757324,0.1518930047750473,0.05000000074505806,0.008405646309256554,0.1028430312871933,30.926082611083984,1.6535161194042303e-05,,,,
98762752,0.0022117076441645622,1.448216438293457,0.06516973674297333,0.05000000074505806,0.27111971378326416,0.4215914011001587,41.238243103027344,3.7774974771309644e-05,,,,
98828288,0.0017026681452989578,0.6290417313575745,0.028306879103183746,0.05000000074505806,0.013839814811944962,0.1701650470495224,38.86959457397461,1.3308008419699036e-05,,,,
98893824,-0.00019737938418984413,1.1410893201828003,0.05134902149438858,0.05000000074505806,0.03547345846891403,0.13833563029766083,23.904903411865234,2.196135392296128e-05,,,,
98959360,0.0009388277539983392,2.5878138542175293,0.11645163595676422,0.05000000074505806,0.02664661779999733,0.09587536752223969,27.602293014526367,1.0339601431041956e-05,,,,
99024896,0.0013722265139222145,1.6525604724884033,0.07436522841453552,0.05000000074505806,0.040239669382572174,0.17805974185466766,31.571073532104492,2.0679548470070586e-05,,,,
99090432,0.0007290454814210534,0.6311342716217041,0.02840103954076767,0.05000000074505806,0.16564783453941345,0.42878589034080505,29.93877410888672,0.0022909347899258137,-30.221670150756836,,0.032148897647857666,
99155968,0.00075382343493402,0.4829903244972229,0.021734565496444702,0.05000000074505806,0.04522639885544777,0.12545563280582428,29.952377319335938,0.001964344410225749,,,,
99221504,-0.0004511820152401924,0.4264141321182251,0.019188638776540756,0.05000000074505806,0.04598630592226982,0.11727673560380936,28.820558547973633,0.00012046118354192004,,,,
99287040,0.0028292573988437653,0.5734379887580872,0.025804709643125534,0.05000000074505806,0.046189554035663605,0.0862998515367508,25.79526138305664,4.640244151232764e-05,,,,
99352576,0.00014063139678910375,1.1043578386306763,0.04969610273838043,0.05000000074505806,0.02864713966846466,0.07686330378055573,29.004003524780273,1.3777113053947687e-05,,,,
99418112,-0.0017199649009853601,0.6639410853385925,0.029877353459596634,0.05000000074505806,0.0628151148557663,0.20484939217567444,28.429183959960938,0.00014162136358208954,,,,
99483648,0.0005074510117992759,0.44797176122665405,0.020158730447292328,0.05000000074505806,0.059169791638851166,0.12187130749225616,26.3980712890625,0.0009510990930721164,,,,
99549184,0.002328523900359869,0.46041861176490784,0.02071884088218212,0.05000000074505806,0.06763971596956253,0.40476343035697937,28.682865142822266,0.0002013833582168445,,,,
99614720,0.001160140847787261,0.4128008186817169,0.018576039001345634,0.05000000074505806,0.06861912459135056,0.15668974816799164,26.201562881469727,8.157709817169234e-05,,,,
99680256,0.001806754618883133,0.7576953172683716,0.03409628942608833,0.05000000074505806,0.06307260692119598,0.15377064049243927,30.61785125732422,8.749365224502981e-05,-24.566871643066406,,0.024975983425974846,
99745792,0.0003964747302234173,0.5722371339797974,0.025750672444701195,0.05000000074505806,0.13428626954555511,0.3629671037197113,31.271276473999023,3.8503436371684074e-05,,,,
99811328,-0.0009766124421730638,0.40458089113235474,0.018206141889095306,0.05000000074505806,0.06726863235235214,0.11107445508241653,23.166196823120117,0.0002666163200046867,,,,
99876864,0.0012128829257562757,0.42598825693130493,0.01916947215795517,0.05000000074505806,0.051286935806274414,0.14581717550754547,29.83709716796875,0.00024264122475869954,,,,
99942400,-0.0001718493876978755,0.8638679385185242,0.0388740599155426,0.05000000074505806,0.05225473642349243,0.12082582712173462,24.89862060546875,5.3204246796667576e-05,,,,
100007936,0.000917385914362967,0.47908321022987366,0.021558746695518494,0.05000000074505806,0.0731910765171051,0.5355668067932129,36.36371994018555,9.414121450390667e-05,,-42.7244873046875,,0.0
100073472,0.006631459575146437,3.5084381103515625,0.15787972509860992,0.05000000074505806,0.021222377195954323,0.3289700150489807,43.18465805053711,3.0487903131870553e-05,,,,
100139008,0.004680453334003687,3.6397767066955566,0.16378995776176453,0.05000000074505806,0.001547729130834341,0.169442817568779,48.134376525878906,1.481259550928371e-05,,,,
100204544,0.0034085847437381744,3.6774046421051025,0.1654832363128662,0.05000000074505806,0.004671381786465645,0.27037763595581055,39.44013214111328,8.527321369911078e-06,,,,
100270080,0.0006258186185732484,3.491530179977417,0.15711885690689087,0.05000000074505806,0.02372755855321884,0.435419499874115,26.273292541503906,2.093110015266575e-05,,,,
100335616,0.0022183104883879423,3.416104316711426,0.15372470021247864,0.05000000074505806,0.02080903947353363,0.14313411712646484,27.37224769592285,1.6436139048892073e-05,,,,
100401152,0.0013163904659450054,1.4727178812026978,0.0662723034620285,0.05000000074505806,0.19458943605422974,0.47714343667030334,38.72646713256836,3.723709596670233e-05,-36.47811508178711,,0.0066176471300423145,
100466688,0.001119059044867754,0.7128838896751404,0.032079774886369705,0.05000000074505806,0.02287190593779087,0.1304650604724884,25.8894100189209,1.6364623661502264e-05,,,,
100532224,0.0025587750133126974,1.1764522790908813,0.052940353751182556,0.05000000074505806,0.039098650217056274,0.28380200266838074,26.795093536376953,1.8294365872861817e-05,,,,
100597760,0.0020086304284632206,2.3932089805603027,0.10769440233707428,0.05000000074505806,0.00990454014390707,0.17764915525913239,36.779823303222656,1.352597519144183e-05,,,,
100663296,0.0004391670227050781,1.572603702545166,0.07076716423034668,0.05000000074505806,0.02827499434351921,0.3306806981563568,33.514625549316406,2.4523691536160186e-05,,,,
100728832,0.00388139090500772,0.6165429353713989,0.027744431048631668,0.05000000074505806,0.10173046588897705,0.21352224051952362,38.64474868774414,0.0017376805189996958,,,,
100794368,0.0037144096568226814,0.5022597908973694,0.022601690143346786,0.05000000074505806,0.028070269152522087,0.13139285147190094,48.18070602416992,0.0014926919247955084,,,,
100859904,0.0007116576889529824,0.4757400155067444,0.021408304572105408,0.05000000074505806,0.05008303374052048,0.13766886293888092,26.45263671875,0.00012520233576651663,,,,
100925440,0.0009830659255385399,0.5873920917510986,0.026432648301124573,0.05000000074505806,0.05359788239002228,0.1128024309873581,22.143451690673828,4.4836207962362096e-05,,,,
100990976,5.587562918663025e-05,0.9112297296524048,0.04100533574819565,0.05000000074505806,0.055785372853279114,0.1302141398191452,27.979183197021484,2.0442006643861532e-05,,,,
101056512,-0.0010196123039349914,0.6381325721740723,0.028715966269373894,0.05000000074505806,0.0585588738322258,0.1754201501607895,25.254369735717773,0.0002202729956479743,,,,
101122048,0.0001023921649903059,0.46988850831985474,0.021144982427358627,0.05000000074505806,0.03674015402793884,0.2928165793418884,27.870080947875977,0.0008086340967565775,-23.707651138305664,,0.041932541877031326,
101187584,0.002596384845674038,0.5102399587631226,0.02296079695224762,0.05000000074505806,0.02700779214501381,0.13479949533939362,32.2945442199707,0.00021262315567582846,,,,
101253120,-0.00041700946167111397,0.48468172550201416,0.021810680627822876,0.05000000074505806,0.04313459247350693,0.0793365091085434,24.698699951171875,5.59343425265979e-05,,,,
101318656,0.0021674109157174826,0.6993850469589233,0.03147232532501221,0.05000000074505806,0.06836242973804474,0.16604340076446533,24.829103469848633,7.064549572532997e-05,,,,
101384192,0.00013935216702520847,0.44349199533462524,0.01995714195072651,0.05000000074505806,0.08742377907037735,0.7850004434585571,28.63232421875,7.570809248136356e-05,,,,
101449728,0.00177699513733387,0.4321742653846741,0.019447840750217438,0.05000000074505806,0.05600752308964729,0.17519956827163696,28.06646156311035,0.0001978299842448905,,,,
101515264,0.001608212012797594,0.5600332617759705,0.025201497599482536,0.05000000074505806,0.03183159977197647,0.11385452747344971,26.106199264526367,0.0002355449687456712,,,,
101580800,0.0034919835161417723,1.199081301689148,0.05395865812897682,0.05000000074505806,0.04402873292565346,0.11683917045593262,39.547977447509766,4.621994594344869e-05,,,,
101646336,0.0009864561725407839,0.6856736540794373,0.030855312943458557,0.05000000074505806,0.08460758626461029,0.1257520318031311,36.82865905761719,9.913466783473268e-05,,-41.600650787353516,,0.0
101711872,0.011426879093050957,3.4128682613372803,0.15357908606529236,0.05000000074505806,0.018414705991744995,0.26347702741622925,54.479671478271484,3.407184703974053e-05,,,,
101777408,0.0029795346781611443,3.565340757369995,0.1604403406381607,0.05000000074505806,0.0012135261204093695,0.2946562170982361,40.71678161621094,1.5876135876169428e-05,,,,
101842944,0.0018178557511419058,3.6671507358551025,0.16502179205417633,0.05000000074505806,0.009323508478701115,0.23973478376865387,28.564311981201172,1.2702650565188378e-05,,,,
101908480,0.0008132204529829323,3.4184226989746094,0.15382902324199677,0.05000000074505806,0.022323161363601685,0.23165006935596466,25.62725830078125,1.2646886716538575e-05,,,,
101974016,0.0017116987146437168,3.305180549621582,0.14873315393924713,0.05000000074505806,0.01394658163189888,0.16223977506160736,29.788631439208984,1.8815222574630752e-05,,,,
102039552,-0.0001598122762516141,1.5340466499328613,0.06903209537267685,0.05000000074505806,0.23132412135601044,0.21819861233234406,31.01220703125,3.619240669650026e-05,-33.95747756958008,,0.004499437753111124,
102105088,0.0029204331804066896,0.5537908673286438,0.024920590221881866,0.05000000074505806,0.009252868592739105,0.14991874992847443,31.833581924438477,1.3946212675364222e-05,,,,
102170624,0.0009066597558557987,1.617895483970642,0.07280530035495758,0.05000000074505806,0.01740802824497223,0.05602850019931793,21.589616775512695,1.2630587661988102e-05,,,,
102236160,0.004376182332634926,2.4646313190460205,0.11090841889381409,0.05000000074505806,0.010834047570824623,0.2293843924999237,31.83226203918457,1.0819827366503887e-05,,,,
102301696,-0.00024003733415156603,1.8984839916229248,0.0854317843914032,0.05000000074505806,0.022049909457564354,0.2842573821544647,32.346832275390625,1.7969519831240177e-05,,,,
102367232,-0.0006552529521286488,0.6636736392974854,0.029865315183997154,0.05000000074505806,0.10681357979774475,0.7774785161018372,30.32343864440918,0.0022135875187814236,,,,
102432768,-0.000995757058262825,0.5128977298736572,0.02308039925992489,0.05000000074505806,0.041216492652893066,0.22498416900634766,27.990808486938477,0.0032383655197918415,,,,
102498304,-0.000984935904853046,0.5003870725631714,0.02251741848886013,0.05000000074505806,0.05350438505411148,0.10928273946046829,23.43861198425293,0.00014644126349594444,,,,
102563840,0.002797456458210945,1.0430293083190918,0.04693632200360298,0.05000000074505806,0.04749761521816254,0.05855773761868477,28.59238624572754,4.528541467152536e-05,,,,
102629376,0.0005659477319568396,0.9838364124298096,0.044272638857364655,0.05000000074505806,0.06742634624242783,0.12177813798189163,24.95692253112793,1.8394273865851574e-05,,,,
102694912,-0.000727678881958127,0.6971836686134338,0.031373269855976105,0.05000000074505806,0.07438179105520248,0.16284655034542084,27.979679107666016,0.0001623308489797637,,,,
102760448,0.0006068000802770257,0.47548097372055054,0.021396644413471222,0.05000000074505806,0.04874943941831589,0.15147019922733307,31.266252517700195,0.0009152211132459342,-22.37685203552246,,0.03139427676796913,
102825984,0.0005388017743825912,0.5910727977752686,0.02659827657043934,0.05000000074505806,0.03989585489034653,0.20413580536842346,25.888507843017578,0.00023458842770196497,,,,
102891520,-0.00029895082116127014,0.5028095841407776,0.02262643352150917,0.05000000074505806,0.03331539034843445,0.18156558275222778,31.005733489990234,4.691116919275373e-05,,,,
102957056,0.001241191290318966,0.5091744661331177,0.022912850603461266,0.05000000074505806,0.027934301644563675,0.13307936489582062,33.45627212524414,0.00015708825958427042,,,,
103022592,0.00024062313605099916,0.39598533511161804,0.017819341272115707,0.05000000074505806,0.07452615350484848,0.7082104682922363,31.02303123474121,5.286168016027659e-05,,,,
103088128,1.0436167940497398e-05,0.37710726261138916,0.016969827935099602,0.05000000074505806,0.0510488823056221,0.18035368621349335,27.869915008544922,0.0001537322241347283,,,,
103153664,0.0004029739648103714,0.43456894159317017,0.019555602222681046,0.05000000074505806,0.02777683362364769,0.0934612974524498,24.2325439453125,0.0003049188235308975,,,,
103219200,-0.0007481835782527924,1.1176531314849854,0.05029439553618431,0.05000000074505806,0.057648975402116776,0.11136520653963089,23.184804916381836,5.0380640459479764e-05,,,,
103284736,0.0009446539916098118,0.6045088768005371,0.027202900499105453,0.05000000074505806,0.12232448160648346,0.6879752278327942,32.63793182373047,9.241967927664518e-05,,-42.27800750732422,,0.0
103350272,0.004162146709859371,3.554226875305176,0.1599402129650116,0.05000000074505806,0.018763113766908646,0.10862339287996292,40.825782775878906,3.2127882150234655e-05,,,,
103415808,0.0035600715782493353,3.641301393508911,0.1638585776090622,0.05000000074505806,0.000844924827106297,0.15798383951187134,40.761512756347656,1.268210144189652e-05,,,,
103481344,0.001826427411288023,3.7136647701263428,0.16711492836475372,0.05000000074505806,0.013793674297630787,0.6545345783233643,23.51420021057129,7.785783054714557e-06,,,,
103546880,0.0006482883472926915,3.441195249557495,0.15485379099845886,0.05000000074505806,0.050983868539333344,0.22136405110359192,25.776140213012695,1.4542296412400901e-05,,,,
103612416,0.0005925456061959267,3.295802354812622,0.1483110934495926,0.05000000074505806,0.022867625579237938,0.1543305367231369,26.652334213256836,1.655657797527965e-05,,,,
103677952,0.0033236369490623474,1.4935011863708496,0.06720755249261856,0.05000000074505806,0.3022509217262268,0.20453496277332306,49.2393913269043,3.276136703789234e-05,-33.818294525146484,,0.0017482517287135124,
103743488,9.833124931901693e-05,0.6245380640029907,0.028104210272431374,0.05000000074505806,0.014123048633337021,0.135738804936409,25.65332794189453,1.557875657454133e-05,,,,
103809024,0.0010044490918517113,1.0138745307922363,0.04562435671687126,0.05000000074505806,0.04988686740398407,0.2319410741329193,22.03985595703125,2.1707166524720378e-05,,,,
103874560,0.0023422734811902046,1.7289905548095703,0.07780458778142929,0.05000000074505806,0.02272467128932476,0.12636645138263702,30.262287139892578,1.2938917279825546e-05,,,,
103940096,0.0035983037669211626,2.250535488128662,0.10127410292625427,0.05000000074505806,0.04303795099258423,0.33820441365242004,41.69807434082031,1.9986549887107685e-05,,,,
104005632,-0.0003440349828451872,1.0042929649353027,0.04519318789243698,0.05000000074505806,0.3735409379005432,0.20182235538959503,27.278926849365234,0.0004511343431659043,,,,
104071168,0.0024375959765166044,0.6574161052703857,0.029583726078271866,0.05000000074505806,0.09401117265224457,0.15820518136024475,36.3047981262207,0.0009066441562026739,,,,
104136704,0.0030340454541146755,0.7086865901947021,0.03189089149236679,0.05000000074505806,0.10407526791095734,0.3973104655742645,34.099761962890625,0.00012898101704195142,,,,
104202240,0.0012094056000933051,1.0210705995559692,0.045948177576065063,0.05000000074505806,0.09494846314191818,0.12716232240200043,27.154212951660156,3.581038617994636e-05,,,,
104267776,0.00045238074380904436,0.9218063354492188,0.04148128256201744,0.05000000074505806,0.08329662680625916,0.09726235270500183,27.788108825683594,2.4729190045036376e-05,,,,
104333312,-0.0006307836156338453,0.6015557646751404,0.02707000821828842,0.05000000074505806,0.08434844017028809,0.18991126120090485,29.281654357910156,0.00016472337301820517,,,,
104398848,0.0008137241238728166,0.4810640811920166,0.02164788916707039,0.05000000074505806,0.05772138386964798,0.13176435232162476,26.55131721496582,0.00050736014964059,-17.10585594177246,,0.104347825050354,
104464384,0.0003989306278526783,0.7443023920059204,0.033493608236312866,0.05000000074505806,0.04768918454647064,0.09004390239715576,26.142742156982422,0.00027958082500845194,,,,
104529920,0.00017734430730342865,0.48223167657852173,0.021700425073504448,0.05000000074505806,0.07962776720523834,0.15163658559322357,24.646968841552734,7.781483145663515e-05,,,,
104595456,0.00034136464819312096,0.4587593674659729,0.02064417116343975,0.05000000074505806,0.06020177900791168,0.2085278481245041,27.069547653198242,0.0002126825856976211,,,,
104660992,0.003007446648553014,0.4347439110279083,0.019563479349017143,0.05000000074505806,0.05309877544641495,0.3213772475719452,36.194671630859375,8.704153879079968e-05,,,,
104726528,0.0019014246063306928,0.4173447787761688,0.01878051646053791,0.05000000074505806,0.0468391478061676,0.1278950273990631,33.155860900878906,0.00011298152094241232,,,,
104792064,-6.684218533337116e-05,0.5610765218734741,0.025248443707823753,0.05000000074505806,0.029976222664117813,0.10197806358337402,24.309730529785156,0.0002533814695198089,,,,
104857600,0.0015715196495875716,1.1738882064819336,0.052824966609478,0.05000000074505806,0.0773228108882904,0.14278164505958557,31.2941837310791,4.379880556371063e-05,,,,
104923136,0.0008965358138084412,0.6316705346107483,0.028425173833966255,0.05000000074505806,0.11197742819786072,0.14715756475925446,35.513816833496094,8.294270082842559e-05,,-42.84746170043945,,0.0
104988672,0.0014210267690941691,3.55354642868042,0.15990959107875824,0.05000000074505806,0.02970866486430168,0.30563223361968994,36.7476806640625,3.0547893402399495e-05,,,,
105054208,0.004231595434248447,3.64737606048584,0.16413192451000214,0.05000000074505806,0.0013458684552460909,0.3371220529079437,44.33929443359375,1.1979990631516557e-05,,,,
105119744,0.0015468953642994165,3.7340946197509766,0.16803425550460815,0.05000000074505806,0.014137813821434975,0.5753076672554016,25.73185157775879,8.455443094135262e-06,,,,
105185280,0.001310691935941577,3.484714984893799,0.15681219100952148,0.05000000074505806,0.04664471745491028,0.20808827877044678,27.567977905273438,1.614573375263717e-05,,,,
105250816,0.002557290717959404,3.3388566970825195,0.15024855732917786,0.05000000074505806,0.03586788848042488,0.482896625995636,27.91616439819336,1.3421384210232645e-05,,,,
105316352,-9.994953870773315e-06,1.4993716478347778,0.06747172772884369,0.05000000074505806,0.24159832298755646,0.19932615756988525,31.97561264038086,3.2545383874094114e-05,-34.88788986206055,,0.0044843051582574844,
105381888,0.000490291160531342,0.5793272256851196,0.026069724932312965,0.05000000074505806,0.013870632275938988,0.08101008087396622,23.784780502319336,1.28695373859955e-05,,,,
105447424,0.0021226322278380394,1.627648115158081,0.07324416190385818,0.05000000074505806,0.025417357683181763,0.1269657164812088,27.85344886779785,1.1841220839414746e-05,,,,
105512960,-0.0006848672637715936,2.2149128913879395,0.09967108815908432,0.05000000074505806,0.010983138345181942,0.26661068201065063,21.89434814453125,1.193272510136012e-05,,,,
105578496,-0.0009053719695657492,2.7773241996765137,0.12497960776090622,0.05000000074505806,0.032721251249313354,0.3052881956100464,29.002948760986328,1.7702348486636765e-05,,,,
105644032,-6.580410990864038e-05,1.101631760597229,0.04957342892885208,0.05000000074505806,0.6370658874511719,0.21494778990745544,26.684829711914062,0.0006470999214798212,,,,
105709568,0.005221097264438868,0.7777121663093567,0.03499704971909523,0.05000000074505806,0.11693838238716125,0.1703852415084839,38.89518737792969,0.0017713684355840087,,,,
105775104,0.000332009163685143,0.9498082399368286,0.04274137318134308,0.05000000074505806,0.0355895534157753,0.11585260182619095,26.436752319335938,0.00018846651073545218,,,,
105840640,0.0021673988085240126,1.4116721153259277,0.0635252445936203,0.05000000074505806,0.07635082304477692,0.36004236340522766,25.811405181884766,4.625866858987138e-05,,,,
105906176,0.0009221062064170837,1.8342132568359375,0.08253959566354752,0.05000000074505806,0.08492985367774963,0.12694154679775238,24.13794708251953,1.9504179363138974e-05,,,,
105971712,0.004042154643684626,0.9613746404647827,0.04326185584068298,0.05000000074505806,0.055579084903001785,0.2569703757762909,47.20963668823242,6.759816460544243e-05,,,,
106037248,0.0013910658890381455,0.5742807388305664,0.025842634961009026,0.05000000074505806,0.030483169481158257,0.12339819222688675,30.932174682617188,0.0001436637103324756,,,,
106102784,3.884127363562584e-05,0.5527607202529907,0.024874232709407806,0.05000000074505806,0.0510600283741951,0.12092289328575134,25.481489181518555,8.268655074061826e-05,,,,
106168320,2.7699628844857216e-05,0.5642682909965515,0.025392072275280952,0.05000000074505806,0.07338859140872955,0.32681363821029663,27.13794708251953,4.584667840390466e-05,,,,
106233856,0.0018377667292952538,0.8859505653381348,0.03986778110265732,0.05000000074505806,0.05836697295308113,0.06668484956026077,24.828580856323242,5.2741939725819975e-05,,,,
106299392,0.0027359749656170607,0.6804721355438232,0.030621247366070747,0.05000000074505806,0.1171019971370697,0.12710896134376526,34.00920867919922,3.50989394064527e-05,-13.141661643981934,,0.15602189302444458,
106364928,0.0022278055548667908,0.5107585787773132,0.022984135895967484,0.05000000074505806,0.05379907786846161,0.11636614799499512,27.05694007873535,6.410315836546943e-05,,,,
106430464,0.001474723219871521,1.0106180906295776,0.045477814972400665,0.05000000074505806,0.04783295467495918,0.08800756931304932,27.248197555541992,5.098836118122563e-05,,,,
106496000,-0.0011138974223285913,1.332101821899414,0.05994458869099617,0.05000000074505806,0.07708220183849335,0.12067951261997223,26.96108627319336,2.9155149604775943e-05,,,,
106561536,0.0012685165274888277,0.7125536203384399,0.03206491470336914,0.05000000074505806,0.0790860503911972,0.09133953601121902,31.56991195678711,0.00015168929530773312,,-42.55742263793945,,0.0
106627072,0.0027157249860465527,3.6334471702575684,0.16350513696670532,0.05000000074505806,0.02286554127931595,0.07026933133602142,30.897159576416016,3.1922994821798056e-05,,,,
106692608,0.0012801875127479434,3.706083297729492,0.16677376627922058,0.05000000074505806,0.0016554368194192648,0.24654342234134674,39.06489944458008,1.2671308468270581e-05,,,,
106758144,0.0009576715528964996,3.729830503463745,0.16784235835075378,0.05000000074505806,0.00861511193215847,0.44778206944465637,28.77588653564453,9.646912076277658e-06,,,,
106823680,0.0014767462853342295,3.4999608993530273,0.15749822556972504,0.05000000074505806,0.023628104478120804,0.2378024458885193,35.479827880859375,1.3953361303720158e-05,,,,
106889216,0.004674169234931469,3.3795101642608643,0.15207797288894653,0.05000000074505806,0.029789069667458534,1.1127418279647827,39.954864501953125,2.3970405891304836e-05,,,,
106954752,0.0008772342698648572,1.5490224361419678,0.0697060078382492,0.05000000074505806,0.2680630683898926,0.45437631011009216,34.901153564453125,3.682528040371835e-05,-32.04041290283203,,0.001498127356171608,
107020288,0.002731548622250557,0.5987915396690369,0.02694561891257763,0.05000000074505806,0.020994015038013458,0.11787140369415283,27.084686279296875,1.5733287000330165e-05,,,,
107085824,0.0004076077602803707,1.1226911544799805,0.05052110552787781,0.05000000074505806,0.03016841597855091,0.14026585221290588,21.686927795410156,1.7103868231060915e-05,,,,
107151360,-0.0005104527808725834,1.8975574970245361,0.08539009839296341,0.05000000074505806,0.014035839587450027,0.13593384623527527,21.501914978027344,1.4732057024957612e-05,,,,
107216896,0.0027177196461707354,0.8588206768035889,0.03864692896604538,0.05000000074505806,0.025290489196777344,0.44842591881752014,39.7503776550293,2.5894616555888206e-05,,,,
107282432,0.0003372678183950484,0.5537090301513672,0.024916905909776688,0.05000000074505806,0.033327482640743256,0.4686756432056427,36.307647705078125,0.0013776669511571527,,,,
107347968,-0.0006546829827129841,0.5174718499183655,0.023286236450076103,0.05000000074505806,0.04242055118083954,0.17320074141025543,29.93663215637207,0.0009414107771590352,,,,
107413504,-0.00030348333530128,0.5212544202804565,0.023456452414393425,0.05000000074505806,0.025122899562120438,0.11423755437135696,29.337080001831055,0.00012501003220677376,,,,
107479040,0.0011753445724025369,1.2030068635940552,0.054135315120220184,0.05000000074505806,0.04942895099520683,0.09896893054246902,29.536605834960938,3.588213803595863e-05,,,,
107544576,-0.0004627495654858649,0.9045313596725464,0.0407039113342762,0.05000000074505806,0.047314632683992386,0.09816504269838333,28.529842376708984,3.20665021718014e-05,,,,
107610112,0.00028232845943421125,0.5688003301620483,0.0255960151553154,0.05000000074505806,0.045124370604753494,0.1402292102575302,32.44102478027344,0.0006863210583105683,-24.98102378845215,,0.021235520020127296,
107675648,0.00030129560036584735,0.5268473029136658,0.023708131164312363,0.05000000074505806,0.06110554188489914,0.2744213342666626,24.954219818115234,0.0009242088999599218,,,,
107741184,0.0010136384516954422,0.5310542583465576,0.0238974429666996,0.05000000074505806,0.049754031002521515,0.18009598553180695,24.731739044189453,0.00020898980437777936,,,,
107806720,-0.0006847507320344448,0.5145824551582336,0.023156212642788887,0.05000000074505806,0.042945221066474915,0.11201678216457367,29.322978973388672,7.894834561739117e-05,,,,
107872256,0.0007384060882031918,0.49257099628448486,0.022165697067975998,0.05000000074505806,0.06119844317436218,0.9259477853775024,28.89569664001465,3.0922037694836035e-05,,,,
107937792,0.004015726037323475,0.4269058108329773,0.01921076327562332,0.05000000074505806,0.06322097778320312,0.5997765064239502,42.075714111328125,0.00012377413804642856,,,,
108003328,0.0008025267743505538,0.3947560489177704,0.017764022573828697,0.05000000074505806,0.06898684799671173,0.1342947781085968,25.054439544677734,0.0003271970199421048,,,,
108068864,0.0003015400725416839,0.48675912618637085,0.02190416119992733,0.05000000074505806,0.05169335752725601,0.17169812321662903,25.579082489013672,0.00028962091892026365,,,,
108134400,-0.0011890821624547243,1.03493332862854,0.046571996062994,0.05000000074505806,0.0708194375038147,0.14760439097881317,24.5844669342041,3.768120950553566e-05,,,,
108199936,0.0005754972225986421,0.5901683568954468,0.02655757963657379,0.05000000074505806,0.11392241716384888,0.13174960017204285,29.435142517089844,0.00012291947496123612,,-42.13466262817383,,0.0009765625
108265472,0.002710213651880622,3.5080552101135254,0.15786248445510864,0.05000000074505806,0.032435767352581024,0.08947446197271347,37.32231903076172,3.430148717598058e-05,,,,
108331008,0.001922221970744431,3.5643837451934814,0.1603972613811493,0.05000000074505806,0.0013645184226334095,0.17119142413139343,38.959259033203125,1.2136975783505477e-05,,,,
108396544,0.0013473727740347385,3.558573007583618,0.16013580560684204,0.05000000074505806,0.012271367944777012,0.47926998138427734,30.602779388427734,7.434232884406811e-06,,,,
108462080,0.0016945060342550278,3.2720112800598145,0.1472405195236206,0.05000000074505806,0.04350021854043007,0.3161476254463196,31.042593002319336,1.70470211742213e-05,,,,
108527616,0.0018838264513760805,3.2040598392486572,0.14418268203735352,0.05000000074505806,0.033060472458601,0.2825292944908142,31.24492835998535,1.6427266018581577e-05,,,,
108593152,-0.0013409755192697048,1.4082156419754028,0.06336969882249832,0.05000000074505806,0.2043025642633438,0.2022218406200409,28.465171813964844,3.864704558509402e-05,-33.56948471069336,,0.005540166050195694,
108658688,0.004870067350566387,0.5491693019866943,0.024712616577744484,0.05000000074505806,0.008544346317648888,0.11489599198102951,49.153465270996094,1.2019834684906527e-05,,,,
108724224,-0.0004562970716506243,1.1543452739715576,0.05194553732872009,0.05000000074505806,0.0232632327824831,0.09158985316753387,23.48283576965332,1.5293946489691734e-05,,,,
108789760,0.0002691415138542652,2.36531138420105,0.1064390167593956,0.05000000074505806,0.005865573883056641,0.34997642040252686,30.54958724975586,9.293265065934975e-06,,,,
108855296,0.000499825575388968,0.8659611344337463,0.038968250155448914,0.05000000074505806,0.0294053815305233,0.5945031046867371,29.57806968688965,2.4674885935382918e-05,,,,
108920832,0.0013643251731991768,0.46408140659332275,0.02088366448879242,0.05000000074505806,0.05505584180355072,0.9401886463165283,39.27569580078125,0.0025862969923764467,,,,
108986368,3.362353891134262e-05,0.46224722266197205,0.020801126956939697,0.05000000074505806,0.03612460941076279,0.18560028076171875,34.81871032714844,0.0018452081130817533,,,,
109051904,0.00032834894955158234,0.4664672613143921,0.02099102921783924,0.05000000074505806,0.02772105298936367,0.10022348165512085,26.698898315429688,0.00011431871826061979,,,,
109117440,0.0001571205211803317,1.0656113624572754,0.04795251786708832,0.05000000074505806,0.02765803039073944,0.07732297480106354,21.708858489990234,3.138226020382717e-05,,,,
109182976,0.0012681586667895317,0.9660933017730713,0.04347419738769531,0.05000000074505806,0.037205249071121216,0.11429783701896667,31.808025360107422,2.172422864532564e-05,,,,
109248512,-0.002264684531837702,0.633121132850647,0.028490453958511353,0.05000000074505806,0.03959643840789795,0.10018114745616913,28.98957061767578,0.00032725874916650355,-25.27216339111328,,0.015828678384423256,
109314048,0.000707671046257019,0.5009753704071045,0.02254389226436615,0.05000000074505806,0.036493465304374695,0.10645231604576111,28.97152328491211,0.0008270688122138381,,,,
109379584,-0.0005717040039598942,0.5659667253494263,0.025468505918979645,0.05000000074505806,0.028137851506471634,0.11817707866430283,24.897260665893555,0.0001797789882402867,,,,
109445120,-0.0015380403492599726,0.6493245363235474,0.029219605028629303,0.05000000074505806,0.030329450964927673,0.12178102135658264,25.36709213256836,5.932458589086309e-05,,,,
109510656,-0.0020000291988253593,0.6855857372283936,0.03085136041045189,0.05000000074505806,0.09445678442716599,0.11890877038240433,23.422691345214844,2.3248045181389898e-05,,,,
109576192,-0.0010166866704821587,0.5054157376289368,0.02274370938539505,0.05000000074505806,0.10541528463363647,0.21043433248996735,26.0490779876709,6.503680197056383e-05,,,,
109641728,0.002652013674378395,0.4824701249599457,0.021711157634854317,0.05000000074505806,0.07291850447654724,0.23816433548927307,33.70627212524414,0.0002515594242140651,,,,
109707264,0.0018035771790891886,0.6248542070388794,0.028118442744016647,0.05000000074505806,0.05913436785340309,0.14083054661750793,28.633420944213867,0.00017644955369178206,,,,
109772800,0.0010509747080504894,0.5570663809776306,0.02506798505783081,0.05000000074505806,0.08375976234674454,0.37361574172973633,26.199167251586914,2.930165283032693e-05,,,,
109838336,-0.00030477973632514477,0.4600503444671631,0.020702265202999115,0.05000000074505806,0.1259474903345108,0.7574634552001953,26.619138717651367,0.00012444201274774969,,-41.98120880126953,,0.0009765625
109903872,0.000309978611767292,3.4517476558685303,0.1553286463022232,0.05000000074505806,0.021057315170764923,0.23786944150924683,29.81802749633789,3.8022575608920306e-05,,,,
109969408,0.0011110457126051188,3.579561948776245,0.16108030080795288,0.05000000074505806,0.0022925008088350296,0.24229779839515686,33.395835876464844,1.2604591574927326e-05,,,,
110034944,-9.725685231387615e-05,3.5187718868255615,0.15834474563598633,0.05000000074505806,0.0074747540056705475,0.24541598558425903,28.55283546447754,7.550578175141709e-06,,,,
110100480,0.002872105687856674,3.324063777923584,0.1495828628540039,0.05000000074505806,0.037060271948575974,0.301259845495224,31.109949111938477,9.569262147124391e-06,,,,
110166016,0.0006649285787716508,3.2525439262390137,0.1463644802570343,0.05000000074505806,0.03352466970682144,0.3843911588191986,28.134788513183594,1.5622192222508602e-05,,,,
110231552,0.0015380047261714935,1.4404757022857666,0.06482140719890594,0.05000000074505806,0.24818193912506104,0.5825330018997192,37.12873077392578,4.472109867492691e-05,-35.12643051147461,,0.002199010457843542,
110297088,5.303008947521448e-06,0.5529567003250122,0.024883052334189415,0.05000000074505806,0.009516880847513676,0.16336829960346222,24.016433715820312,1.7817370462580584e-05,,,,
110362624,0.0005089142941869795,1.1209609508514404,0.05044323951005936,0.05000000074505806,0.021974898874759674,0.07704991102218628,21.18991470336914,2.1169576939428225e-05,,,,
110428160,-1.8425402231514454e-05,2.263455390930176,0.10185548663139343,0.05000000074505806,0.007486501708626747,0.18283508718013763,28.928905487060547,1.0553840184002183e-05,,,,
110493696,-0.0017045973800122738,1.1131045818328857,0.05008970946073532,0.05000000074505806,0.024047166109085083,0.4596148431301117,23.066150665283203,1.886339123302605e-05,,,,
110559232,0.003274435643106699,0.6236461400985718,0.028064077720046043,0.05000000074505806,0.0400843620300293,0.2911040782928467,40.35205841064453,0.001068282057531178,,,,
110624768,0.0025020046159625053,0.6518694758415222,0.02933412790298462,0.05000000074505806,0.01940777152776718,0.10043556988239288,42.16281509399414,0.0016015369910746813,,,,
110690304,0.0002625701017677784,0.5857880711555481,0.026360459625720978,0.05000000074505806,0.03471849486231804,0.08815774321556091,25.39650535583496,0.0001359485904686153,,,,
110755840,-9.735580533742905e-05,0.7650390267372131,0.03442675620317459,0.05000000074505806,0.044114142656326294,0.10193668305873871,24.73910903930664,4.997783253202215e-05,,,,
110821376,0.0008868389995768666,1.2054524421691895,0.05424536019563675,0.05000000074505806,0.05958789587020874,0.13544823229312897,23.47036361694336,1.7524094801046886e-05,,,,
110886912,0.00014116428792476654,0.8513293266296387,0.038309819996356964,0.05000000074505806,0.06774395704269409,0.10997150093317032,31.11531639099121,5.680411049979739e-05,,,,
110952448,0.006801765412092209,0.6494442820549011,0.029224997386336327,0.05000000074505806,0.037180304527282715,0.44552522897720337,35.99637985229492,0.0003008059284184128,,,,
111017984,0.0008125700987875462,0.7002953886985779,0.03151329606771469,0.05000000074505806,0.03380417823791504,0.15248052775859833,31.976476669311523,9.312252950621769e-05,,,,
111083520,-3.116141306236386e-05,0.6773712635040283,0.03048170730471611,0.05000000074505806,0.0453236922621727,0.10286220908164978,25.618022918701172,4.599691237672232e-05,-22.963056564331055,,0.027001863345503807,
111149056,0.0004478681366890669,1.249913215637207,0.05624610185623169,0.05000000074505806,0.02262115851044655,0.175469771027565,29.607755661010742,6.744719576090574e-05,,,,
111214592,-0.0012026478070765734,0.9169748425483704,0.041263870894908905,0.05000000074505806,0.11489472538232803,0.14023268222808838,27.428071975708008,3.141071283607744e-05,,,,
111280128,0.002700409386307001,0.5102442502975464,0.022960994392633438,0.05000000074505806,0.06561508029699326,0.10658092796802521,28.270862579345703,0.00011408407590351999,,,,
111345664,0.0012936886632815003,0.9281294345855713,0.04176583141088486,0.05000000074505806,0.0460582859814167,0.11884112656116486,24.900611877441406,5.3215317166177556e-05,,,,
111411200,0.0007186238653957844,1.1934634447097778,0.053705859929323196,0.05000000074505806,0.10091367363929749,0.11207523941993713,24.275781631469727,2.1670399291906506e-05,,,,
111476736,-0.0001154233468696475,0.7515895962715149,0.033821530640125275,0.05000000074505806,0.14776474237442017,0.1648782342672348,28.893795013427734,0.00014285520592238754,,-42.734222412109375,,0.0009765625
111542272,0.00980367325246334,3.4840283393859863,0.15678128600120544,0.05000000074505806,0.04798578843474388,0.5825155377388,46.97172164916992,3.2511681638425216e-05,,,,
111607808,-0.0008460911922156811,3.612454891204834,0.16256049275398254,0.05000000074505806,0.0015521158929914236,0.1552877426147461,32.60475540161133,7.963252755871508e-06,,,,
111673344,0.0007574186893180013,3.6312296390533447,0.16340534389019012,0.05000000074505806,0.007191843818873167,0.3221970498561859,28.8243408203125,5.821565537189599e-06,,,,
111738880,0.0017153103835880756,3.3692150115966797,0.15161468088626862,0.05000000074505806,0.0533435195684433,0.1874958872795105,27.274477005004883,1.1018567420251202e-05,,,,
111804416,0.0013648897875100374,3.25426983833313,0.14644214510917664,0.05000000074505806,0.024826815351843834,0.38104426860809326,26.887237548828125,1.4051601283426862e-05,,,,
111869952,0.0007898397743701935,1.45343017578125,0.06540436297655106,0.05000000074505806,0.2621525228023529,0.24564942717552185,36.3050537109375,3.9142309105955064e-05,-32.90964126586914,,0.010825439356267452,
111935488,-0.0016715596430003643,0.5837552547454834,0.026268990710377693,0.05000000074505806,0.011807863600552082,0.13409829139709473,23.038837432861328,1.9468952814349905e-05,,,,
112001024,0.002659944584593177,1.018660545349121,0.04583972692489624,0.05000000074505806,0.03962511569261551,0.20077085494995117,30.409812927246094,1.665073068579659e-05,,,,
112066560,0.0009199576452374458,1.7310906648635864,0.07789908349514008,0.05000000074505806,0.010793829336762428,0.10066083073616028,28.399147033691406,8.536077075405046e-06,,,,
112132096,-0.0005555618554353714,1.5040524005889893,0.06768237054347992,0.05000000074505806,0.03160411864519119,0.5386003851890564,23.38800811767578,1.6128084098454565e-05,,,,
112197632,0.002166101476177573,0.954150378704071,0.042936772108078,0.05000000074505806,0.05774052441120148,0.7039663195610046,38.457672119140625,0.00023394764866679907,,,,
112263168,0.0008612723322585225,0.9407366514205933,0.042333148419857025,0.05000000074505806,0.02373391017317772,0.20069155097007751,38.1644172668457,0.0004614918143488467,,,,
112328704,-0.0010274461237713695,0.928085207939148,0.04176383465528488,0.05000000074505806,0.03586617857217789,0.10331586003303528,22.169557571411133,0.00010446099622640759,,,,
112394240,0.0002638421719893813,1.158243179321289,0.05212095007300377,0.05000000074505806,0.04908636957406998,0.08677183091640472,27.55620574951172,2.805336771416478e-05,,,,
112459776,0.0032976504880934954,1.3162858486175537,0.05923287197947502,0.05000000074505806,0.07213349640369415,0.1507663130760193,34.45505905151367,2.0835657778661698e-05,,,,
112525312,-0.00047010439448058605,0.8849709033966064,0.03982369229197502,0.05000000074505806,0.07345347851514816,0.13247905671596527,27.483285903930664,7.156432548072189e-05,,,,
112590848,0.00104054668918252,0.806242048740387,0.03628089278936386,0.05000000074505806,0.05975485220551491,0.25705015659332275,29.51496124267578,0.0001603224518476054,,,,
112656384,0.0003076238790526986,0.9235689640045166,0.04156060516834259,0.05000000074505806,0.04840492084622383,0.1686004251241684,23.41693115234375,6.409311026800424e-05,,,,
112721920,8.793827146291733e-05,1.292067527770996,0.05814304202795029,0.05000000074505806,0.09195572137832642,0.1020156741142273,26.671350479125977,3.9105081668822095e-05,-20.59270668029785,,0.02511627972126007,
112787456,0.0015915094409137964,0.9151157736778259,0.041180212050676346,0.05000000074505806,0.09227210283279419,0.153453066945076,37.916316986083984,3.689251025207341e-05,,,,
112852992,0.00026905909180641174,0.6416012048721313,0.02887205220758915,0.05000000074505806,0.09858854115009308,0.45185771584510803,25.98466682434082,7.270810601767153e-05,,,,
112918528,0.0010330283548682928,0.6317769289016724,0.028429964557290077,0.05000000074505806,0.07294115424156189,0.11018640547990799,25.8006649017334,4.0389080822933465e-05,,,,
112984064,0.0007620280375704169,0.8911078572273254,0.0400998555123806,0.05000000074505806,0.06978794932365417,0.2349221408367157,28.97393226623535,2.8755293897120282e-05,,,,
113049600,0.0010863470379263163,1.3111621141433716,0.059002287685871124,0.05000000074505806,0.12175671756267548,0.3011760115623474,27.707416534423828,2.048307578661479e-05,,,,
113115136,0.002240521600469947,0.7582685947418213,0.03412209078669548,0.05000000074505806,0.09948256611824036,0.23904737830162048,31.20612907409668,5.390491787693463e-05,,-41.93721008300781,,0.0
113180672,0.02267615497112274,3.56449031829834,0.1604020595550537,0.05000000074505806,0.05468707159161568,0.3423207104206085,50.071678161621094,2.9761655241600238e-05,,,,
113246208,-0.0026500956155359745,3.8023643493652344,0.17110641300678253,0.05000000074505806,0.0011071101762354374,0.11384370923042297,27.791345596313477,1.1376553629816044e-05,,,,
113311744,-5.8201170759275556e-05,3.864417314529419,0.1738988161087036,0.05000000074505806,0.011039060540497303,0.32995346188545227,26.969663619995117,6.073970780562377e-06,,,,
113377280,0.001044125179760158,3.5549418926239014,0.15997236967086792,0.05000000074505806,0.034424640238285065,0.1966765969991684,24.60423469543457,1.0602729162201285e-05,,,,
113442816,-0.00025021331384778023,3.4805681705474854,0.15662558376789093,0.05000000074505806,0.006560241337865591,0.0875798687338829,27.821828842163086,1.2851211977249477e-05,,,,
113508352,0.0008722872007638216,1.4965059757232666,0.06734277307987213,0.05000000074505806,0.3846789300441742,0.6428061723709106,37.12773513793945,3.67372231266927e-05,-35.871768951416016,,0.004936917219310999,
113573888,-0.0009410980856046081,0.6787819862365723,0.03054518811404705,0.05000000074505806,0.008146393112838268,0.10989022254943848,29.35926055908203,1.418526517227292e-05,,,,
113639424,0.0011595224495977163,1.1231729984283447,0.05054277926683426,0.05000000074505806,0.04794088751077652,0.06516900658607483,21.376201629638672,1.7642907550907694e-05,,,,
113704960,0.0007265352178364992,2.103443145751953,0.09465494006872177,0.05000000074505806,0.017973102629184723,0.1923563927412033,25.929149627685547,9.472470082982909e-06,,,,
113770496,0.0011540460400283337,2.4020562171936035,0.1080925464630127,0.05000000074505806,0.031687501817941666,0.370516836643219,29.044404983520508,1.889373015728779e-05,,,,
113836032,0.0008984870510175824,1.5144323110580444,0.06814946234226227,0.05000000074505806,0.09097612649202347,0.5856897234916687,31.344655990600586,0.00011251556861680001,,,,
113901568,-8.290508412756026e-05,1.5422263145446777,0.06940018385648727,0.05000000074505806,0.022530654445290565,0.134456604719162,31.9093017578125,0.0002104672894347459,,,,
113967104,0.001088007353246212,1.6542227268218994,0.07444003224372864,0.05000000074505806,0.0365162268280983,0.9773637056350708,33.644474029541016,4.7179146349662915e-05,,,,
114032640,0.0031189299188554287,1.9677295684814453,0.08854783326387405,0.05000000074505806,0.05531203746795654,0.2997210621833801,34.489662170410156,1.7894817574415356e-05,,,,
114098176,0.0009270281298086047,2.9930453300476074,0.13468703627586365,0.05000000074505806,0.04247378185391426,0.7850543856620789,28.924312591552734,1.2677388440351933e-05,,,,
114163712,2.651711110956967e-05,1.471436858177185,0.0662146583199501,0.05000000074505806,0.07618992030620575,0.5039523839950562,35.94005584716797,4.759106377605349e-05,,,,
114229248,-0.00014647026546299458,1.0797849893569946,0.04859032854437828,0.05000000074505806,0.08551043272018433,0.28828147053718567,29.735794067382812,0.00015363820421043783,,,,
114294784,0.0007170645985752344,0.9877030849456787,0.044446639716625214,0.05000000074505806,0.048286449164152145,0.14400820434093475,25.395601272583008,0.00018780556274577975,,,,
114360320,0.0005040653049945831,1.9619745016098022,0.08828885108232498,0.05000000074505806,0.0682024210691452,0.23716050386428833,25.260393142700195,5.215419514570385e-05,,,,
114425856,-0.0005018990486860275,1.445091962814331,0.06502913683652878,0.05000000074505806,0.08180883526802063,0.15201333165168762,27.429546356201172,2.9539836759795435e-05,,,,
114491392,0.0008029227610677481,0.9694449305534363,0.04362501949071884,0.05000000074505806,0.034952301532030106,0.11663836240768433,35.57838439941406,0.00012222258374094963,,,,
114556928,-8.2210055552423e-05,0.7069790959358215,0.03181406110525131,0.05000000074505806,0.05181356146931648,0.11565622687339783,24.095977783203125,0.00015579191676806659,,,,
114622464,0.0006961324252188206,0.7511976957321167,0.033803898841142654,0.05000000074505806,0.048358142375946045,0.08516008406877518,23.466276168823242,4.0554536099079996e-05,,,,
114688000,-0.00011956412345170975,0.9140891432762146,0.04113401472568512,0.05000000074505806,0.05153343081474304,0.10345214605331421,27.548110961914062,8.087228343356401e-05,-26.024526596069336,,0.04265402629971504,
114753536,-0.0013305384200066328,0.9782786965370178,0.04402254894375801,0.05000000074505806,0.05792676657438278,0.22989746928215027,25.759185791015625,0.00014723368803970516,,-41.91996383666992,,0.0
114819072,0.0012539038434624672,3.4650564193725586,0.15592755377292633,0.05000000074505806,0.04383617639541626,0.08006766438484192,30.854829788208008,2.7466914616525173e-05,,,,
114884608,-0.000662936014123261,3.748239040374756,0.16867077350616455,0.05000000074505806,0.002327699214220047,0.3563968539237976,36.827144622802734,9.499680345470551e-06,,,,
114950144,-0.00023144716396927834,3.798682928085327,0.17094072699546814,0.05000000074505806,0.016694748774170876,0.36662518978118896,22.656734466552734,5.566632808040595e-06,,,,
115015680,0.0004116868949495256,3.5828824043273926,0.16122974455356598,0.05000000074505806,0.0644637793302536,0.20905141532421112,24.805007934570312,1.9652430637506768e-05,,,,
115081216,0.0016527001280337572,3.725770950317383,0.1676596999168396,0.05000000074505806,0.01163707859814167,0.11306146532297134,31.122541427612305,9.300525562139228e-06,,,,
115146752,0.003101223148405552,1.7249400615692139,0.07762230187654495,0.05000000074505806,0.25225725769996643,0.21437931060791016,46.43535614013672,4.0097645978676155e-05,-33.86379623413086,,0.0007867820677347481,
115212288,-0.0006837915861979127,0.729210376739502,0.03281446546316147,0.05000000074505806,0.00939987227320671,0.17208395898342133,28.93486976623535,1.6044952644733712e-05,,,,
115277824,-0.0011760058114305139,1.3115260601043701,0.05901867896318436,0.05000000074505806,0.01448246743530035,0.10672929883003235,22.402225494384766,1.2277451787667815e-05,,,,
115343360,0.00029193528462201357,1.7925915718078613,0.08066663146018982,0.05000000074505806,0.030965909361839294,0.1497693657875061,23.580413818359375,8.424707630183548e-06,,,,
115408896,0.0014036904321983457,2.8221724033355713,0.12699776887893677,0.05000000074505806,0.03412893787026405,0.30689239501953125,24.277751922607422,1.69779214047594e-05,,,,
115474432,-0.0006724568083882332,1.5091911554336548,0.06791360676288605,0.05000000074505806,0.07037319242954254,0.18665991723537445,28.529380798339844,8.529421029379591e-05,,,,
115539968,0.0015322893159464002,1.6251366138458252,0.07313114404678345,0.05000000074505806,0.03110015019774437,0.09169454872608185,31.327919006347656,0.00012303676339797676,,,,
115605504,-0.0007153666228987277,1.8435571193695068,0.0829600840806961,0.05000000074505806,0.018143456429243088,0.08212100714445114,28.375568389892578,4.297183477319777e-05,,,,
115671040,0.00013319682329893112,2.0377161502838135,0.09169723838567734,0.05000000074505806,0.03913630172610283,0.16296438872814178,28.61543846130371,1.8055772670777515e-05,,,,
115736576,-0.0007055019959807396,1.5112143754959106,0.06800464540719986,0.05000000074505806,0.04563283175230026,0.38817188143730164,25.244159698486328,2.1437015675473958e-05,,,,
115802112,0.0003763523418456316,1.3373489379882812,0.06018070876598358,0.05000000074505806,0.07392147183418274,0.6838655471801758,31.21078109741211,8.73653480084613e-05,,,,
115867648,0.0003863925230689347,1.247481346130371,0.056136660277843475,0.05000000074505806,0.08090587705373764,0.5678510665893555,25.97931480407715,0.00013955586473457515,,,,
115933184,0.0025359485298395157,1.2752480506896973,0.05738617107272148,0.05000000074505806,0.05915096402168274,0.2157357633113861,33.251182556152344,0.0001364768686471507,,,,
115998720,0.00018394994549453259,1.6547908782958984,0.07446558773517609,0.05000000074505806,0.060620129108428955,0.14426754415035248,25.07952117919922,5.199267252464779e-05,,,,
116064256,4.384131170809269e-05,1.4301722049713135,0.06435775011777878,0.05000000074505806,0.08983738720417023,0.2171439230442047,31.770856857299805,3.009617648785934e-05,,,,
116129792,-0.0007887070532888174,1.0534530878067017,0.047405391931533813,0.05000000074505806,0.05969712510704994,0.16229256987571716,22.514217376708984,0.00019209434685762972,,,,
116195328,0.0009841513819992542,0.9834874868392944,0.044256940484046936,0.05000000074505806,0.08399415016174316,0.16185075044631958,26.65911102294922,0.00020606924954336137,,,,
116260864,-0.0003317226655781269,1.041375756263733,0.0468619167804718,0.05000000074505806,0.053396135568618774,0.14176729321479797,28.604751586914062,6.418120756279677e-05,-30.57062530517578,,0.029551954939961433,
116326400,0.0014955307124182582,1.0899255275726318,0.049046654254198074,0.05000000074505806,0.0797615572810173,0.35931605100631714,28.857393264770508,0.00014453222684096545,,,,
116391936,0.000837049214169383,1.0075401067733765,0.04533930495381355,0.05000000074505806,0.07998266816139221,0.49645036458969116,33.160465240478516,0.0001380729372613132,,-41.62132263183594,,0.0
116457472,0.0015959031879901886,3.4055678844451904,0.1532505601644516,0.05000000074505806,0.051350854337215424,0.07465482503175735,31.653409957885742,2.7948193746851757e-05,,,,
116523008,0.000364710227586329,3.6859452724456787,0.16586753726005554,0.05000000074505806,0.001977291889488697,0.3775565028190613,35.3901481628418,1.2448925190255977e-05,,,,
116588544,0.0019701882265508175,3.7256946563720703,0.16765624284744263,0.05000000074505806,0.06099667400121689,0.8218480348587036,25.780641555786133,5.801660790893948e-06,,,,
116654080,0.00277379946783185,3.487544059753418,0.15693950653076172,0.05000000074505806,0.0367983803153038,0.2539733350276947,37.53786849975586,1.3700040653930046e-05,,,,
116719616,0.001106067793443799,3.604684352874756,0.16221082210540771,0.05000000074505806,0.006172157358378172,0.09268896281719208,30.62778091430664,1.2031256119371392e-05,,,,
116785152,-0.0004413608112372458,1.6360403299331665,0.07362180948257446,0.05000000074505806,0.3052808344364166,0.4313396215438843,27.641300201416016,4.170661486568861e-05,-38.553184509277344,,0.0,
116850688,0.0006436551921069622,0.7901701331138611,0.03555765748023987,0.05000000074505806,0.02462932839989662,0.2174322009086609,24.51079559326172,1.3883545761927962e-05,,,,
116916224,0.0029360041953623295,1.1833335161209106,0.053250014781951904,0.05000000074505806,0.025262173265218735,0.07911263406276703,28.075801849365234,1.1093418834207114e-05,,,,
116981760,0.0004058615886606276,1.970381259918213,0.08866716176271439,0.05000000074505806,0.05225837975740433,0.31515568494796753,23.31928253173828,7.388352969428524e-06,,,,
117047296,7.658274262212217e-05,2.5263099670410156,0.11368395388126373,0.05000000074505806,0.03977246209979057,0.5867496132850647,27.37727165222168,1.4701683539897203e-05,,,,
117112832,-0.0010970127768814564,1.4453730583190918,0.06504179537296295,0.05000000074505806,0.057273898273706436,0.4964437782764435,28.658672332763672,8.388381684198976e-05,,,,
117178368,0.0026237075217068195,1.391345739364624,0.06261055916547775,0.05000000074505806,0.026092465966939926,0.1284560263156891,39.209625244140625,0.00016127144044730812,,,,
117243904,-0.0010564886033535004,1.3535516262054443,0.060909826308488846,0.05000000074505806,0.027012571692466736,0.09262987971305847,26.552474975585938,5.549444176722318e-05,,,,
117309440,0.0002780472859740257,1.4679887294769287,0.06605949997901917,0.05000000074505806,0.09007345139980316,0.12835922837257385,23.957454681396484,2.5219655071850866e-05,,,,
117374976,0.0009575418662279844,1.4377996921539307,0.06470098346471786,0.05000000074505806,0.05795513838529587,0.15804433822631836,30.868160247802734,1.891483407234773e-05,,,,
117440512,-0.0011378551134839654,1.0900256633758545,0.049051158130168915,0.05000000074505806,0.08213130384683609,0.17650189995765686,22.95821762084961,5.0089016440324485e-05,,,,
117506048,0.0008426159620285034,0.849315345287323,0.03821919113397598,0.05000000074505806,0.049712955951690674,0.14848695695400238,26.018428802490234,0.00013792025856673717,,,,
117571584,0.0027052676305174828,0.9448400735855103,0.042517803609371185,0.05000000074505806,0.046011220663785934,0.10006391257047653,33.302101135253906,7.302516314666718e-05,,,,
117637120,-0.0006735506467521191,1.565946340560913,0.07046758383512497,0.05000000074505806,0.045765023678541183,0.1399538218975067,28.012489318847656,2.5491648557363078e-05,,,,
117702656,-0.0005159587599337101,1.2962923049926758,0.05833315849304199,0.05000000074505806,0.1046672984957695,0.5525951385498047,25.179092407226562,2.3341459382208996e-05,,,,
117768192,0.0010998190846294165,0.7791005969047546,0.035059522837400436,0.05000000074505806,0.14094743132591248,0.17479532957077026,23.121747970581055,6.529876554850489e-05,,,,
117833728,0.0011539477854967117,0.8565704226493835,0.038545671850442886,0.05000000074505806,0.02997179701924324,0.08606056869029999,28.171350479125977,6.689633300993592e-05,,,,
117899264,-0.00026856129989027977,0.9681779742240906,0.04356801137328148,0.05000000074505806,0.0688149482011795,0.22043175995349884,26.62078857421875,5.2463052270468324e-05,-24.115985870361328,,0.059659093618392944,
117964800,0.0003364091971889138,0.9475009441375732,0.04263754561543465,0.05000000074505806,0.09698676317930222,0.4315315783023834,24.17310905456543,7.865727820899338e-05,,,,
118030336,0.0011226872447878122,0.8556652069091797,0.03850493207573891,0.05000000074505806,0.07675853371620178,0.39168351888656616,32.12928771972656,0.00017766676319297403,,-41.84355163574219,,0.0
118095872,0.0040768785402178764,3.481757879257202,0.15667910873889923,0.05000000074505806,0.1019107773900032,0.6416054964065552,33.512550354003906,2.7627820600173436e-05,,,,
118161408,0.0022333129309117794,3.7856287956237793,0.17035329341888428,0.05000000074505806,0.004896623082458973,0.24858810007572174,31.341394424438477,1.1252903277636506e-05,,,,
118226944,0.0024731848388910294,3.7520527839660645,0.1688423901796341,0.05000000074505806,0.06772933900356293,0.3039337992668152,29.209135055541992,4.572427314997185e-06,,,,
118292480,0.0007774020195938647,3.46201753616333,0.1557907909154892,0.05000000074505806,0.03452504053711891,0.1472165286540985,28.707826614379883,1.132546822191216e-05,,,,
118358016,0.0009377375245094299,3.5278069972991943,0.15875132381916046,0.05000000074505806,0.018806282430887222,0.11790014803409576,26.467727661132812,1.3040339581493754e-05,,,,
118423552,-0.00027805124409496784,1.5677490234375,0.07054870575666428,0.05000000074505806,0.403726726770401,0.43024152517318726,34.67991256713867,4.349803566583432e-05,-35.78055191040039,,0.0,
118489088,-8.034199709072709e-05,0.7078049182891846,0.03185122460126877,0.05000000074505806,0.017937766388058662,0.12695905566215515,29.460044860839844,1.6175541531993076e-05,,,,
118554624,0.0010595405474305153,1.1247203350067139,0.050612419843673706,0.05000000074505806,0.03541642427444458,0.059960395097732544,21.6975040435791,1.2162465282017365e-05,,,,
118620160,0.001016946043819189,2.037656784057617,0.09169454872608185,0.05000000074505806,0.045461591333150864,0.09964630752801895,26.493207931518555,6.8359231590875424e-06,,,,
118685696,0.0011656387941911817,2.4004693031311035,0.10802111029624939,0.05000000074505806,0.07207313179969788,0.3579559922218323,26.989587783813477,1.206040360557381e-05,,,,
118751232,0.00028213358018547297,1.1749533414840698,0.0528729073703289,0.05000000074505806,0.11346931010484695,0.1900871992111206,31.870849609375,0.00013942460645921528,,,,
118816768,4.601338878273964e-05,1.1190624237060547,0.050357818603515625,0.05000000074505806,0.05907679349184036,0.16254453361034393,29.792613983154297,0.00020681126625277102,,,,
118882304,0.00023260898888111115,1.1482216119766235,0.05166997015476227,0.05000000074505806,0.06228538975119591,0.1071004644036293,26.29297637939453,4.169870589976199e-05,,,,
118947840,0.00026536162476986647,1.6892834901809692,0.07601775228977203,0.05000000074505806,0.07626773416996002,0.15642189979553223,27.59532928466797,1.5068796528794337e-05,,,,
119013376,0.0007755534024909139,1.3012522459030151,0.05855635553598404,0.05000000074505806,0.054928749799728394,0.24179838597774506,30.045080184936523,2.110384048137348e-05,,,,
119078912,0.00045193603727966547,0.911327600479126,0.04100973904132843,0.05000000074505806,0.0787808895111084,0.3138023018836975,28.178096771240234,9.895402035908774e-05,,,,
119144448,0.0011681464966386557,0.6604152917861938,0.02971869334578514,0.05000000074505806,0.06190212070941925,0.19078071415424347,27.512439727783203,0.0002177829301217571,,,,
119209984,-0.0002648283261805773,0.859481930732727,0.03867668658494949,0.05000000074505806,0.06324873864650726,0.130135640501976,20.721881866455078,0.00010723288141889498,,,,
119275520,0.0014533200301229954,1.1150801181793213,0.050178609788417816,0.05000000074505806,0.0814218744635582,0.4616689085960388,24.7341365814209,2.4080245566437952e-05,,,,
119341056,-0.0011817797785624862,0.7937020659446716,0.03571659326553345,0.05000000074505806,0.17786653339862823,0.3021809160709381,24.19230079650879,2.6717576474766247e-05,,,,
119406592,0.0018136828439310193,0.5537222623825073,0.02491750195622444,0.05000000074505806,0.07237270474433899,0.11423396319150925,29.402950286865234,9.109982784138992e-05,-23.5530948638916,,0.04115996137261391,
119472128,0.0009577911696396768,0.5527745485305786,0.024874858558177948,0.05000000074505806,0.059122540056705475,0.14004740118980408,24.103286743164062,0.000171427454915829,,,,
119537664,0.0001233479124493897,1.3958396911621094,0.06281278282403946,0.05000000074505806,0.06151656061410904,0.09932833909988403,23.879165649414062,6.0392463637981564e-05,,,,
119603200,8.853222243487835e-05,1.2332420349121094,0.055495891720056534,0.05000000074505806,0.10796532034873962,0.1372653692960739,30.431625366210938,3.3147967769764364e-05,,,,
119668736,-0.0016752962255850434,0.7137929201126099,0.032120686024427414,0.05000000074505806,0.11483792960643768,0.1998734325170517,23.46589469909668,0.00017065626161638647,,-41.7181510925293,,0.0009765625
119734272,0.0035421145148575306,3.4647467136383057,0.15591362118721008,0.05000000074505806,0.04625196009874344,0.08813770860433578,38.7700080871582,2.936067721748259e-05,,,,
119799808,0.0002508922480046749,3.7150118350982666,0.1671755462884903,0.05000000074505806,0.0033978004939854145,0.4471447169780731,29.74887466430664,1.1489403732412029e-05,,,,
119865344,0.00211718725040555,3.6367104053497314,0.1636519730091095,0.05000000074505806,0.06211313605308533,0.45481884479522705,27.8364200592041,4.691384674515575e-06,,,,
119930880,-0.0004777703434228897,3.2823469638824463,0.14770559966564178,0.05000000074505806,0.03345565125346184,0.20453132688999176,25.748966217041016,1.3069671695120633e-05,,,,
119996416,0.00036208133678883314,3.299469232559204,0.14847610890865326,0.05000000074505806,0.014903034083545208,0.14650429785251617,24.421401977539062,1.2619890185305849e-05,,,,
120061952,-0.0002844235859811306,1.4781427383422852,0.06651642173528671,0.05000000074505806,0.45816242694854736,0.8102953433990479,30.384366989135742,4.459741830942221e-05,-35.56911849975586,,0.0018975331913679838,
120127488,0.00036558532156050205,0.7193557024002075,0.03237101063132286,0.05000000074505806,0.01844472996890545,0.1975000947713852,32.021400451660156,1.7114853108068928e-05,,,,
120193024,-2.977391704916954e-05,1.200675129890442,0.05403038114309311,0.05000000074505806,0.03623765707015991,0.157051682472229,23.08203125,9.06450532056624e-06,,,,
120258560,0.0024169250391423702,1.9175275564193726,0.08628875017166138,0.05000000074505806,0.06422488391399384,0.6016352772712708,25.156150817871094,7.773245670250617e-06,,,,
120324096,0.00037791242357343435,2.0072550773620605,0.09032648801803589,0.05000000074505806,0.06422436237335205,0.8232338428497314,29.134950637817383,1.6263375073322095e-05,,,,
120389632,-0.00041752285324037075,0.9553200006484985,0.042989399284124374,0.05000000074505806,0.12038076668977737,0.6188349723815918,30.096145629882812,0.00032836152240633965,,,,
120455168,-0.0007468657568097115,0.9421089887619019,0.042394910007715225,0.05000000074505806,0.03441708907485008,0.15248094499111176,27.969173431396484,0.0006788114551454782,,,,
120520704,0.0004319495055824518,0.9138563275337219,0.041123539209365845,0.05000000074505806,0.1022946834564209,0.14069414138793945,28.024757385253906,6.765718717360869e-05,,,,
120586240,0.00046317698433995247,1.2574104070663452,0.056583471596241,0.05000000074505806,0.14158204197883606,0.21319445967674255,26.797346115112305,2.3750646505504847e-05,,,,
120651776,-0.0010775639675557613,1.2157621383666992,0.0547093003988266,0.05000000074505806,0.11804293096065521,0.19804070889949799,24.326417922973633,2.3036312995827757e-05,,,,
120717312,5.078059621155262e-05,0.798754096031189,0.03594394028186798,0.05000000074505806,0.06533516943454742,0.10991989821195602,29.042116165161133,9.352508641313761e-05,,,,
120782848,-0.00011078733950853348,0.5557926893234253,0.025010671466588974,0.05000000074505806,0.05511699244379997,0.13539066910743713,22.337631225585938,0.0002777959161903709,,,,
120848384,-0.000434786343248561,0.5625113248825073,0.025313012301921844,0.05000000074505806,0.07297879457473755,0.49216073751449585,24.8720645904541,6.89766020514071e-05,,,,
120913920,-0.0007828203961253166,0.5578678250312805,0.02510405331850052,0.05000000074505806,0.06331945210695267,0.3143630623817444,26.047054290771484,3.4802269510691985e-05,,,,
120979456,0.0005396617343649268,0.5244749784469604,0.02360137179493904,0.05000000074505806,0.05528037250041962,0.4044834077358246,25.1855525970459,7.379628368653357e-05,,,,
121044992,0.001210200716741383,0.5353853702545166,0.02409234084188938,0.05000000074505806,0.07434890419244766,0.29524749517440796,25.95342445373535,3.133497011731379e-05,,,,
121110528,0.0017530652694404125,0.5687299370765686,0.025592846795916557,0.05000000074505806,0.09064297378063202,0.12394166737794876,27.347110748291016,0.00011901240213774145,,,,
121176064,-0.0016182668041437864,1.6877408027648926,0.0759483352303505,0.05000000074505806,0.10547327995300293,0.15609191358089447,20.761062622070312,6.306712748482823e-05,,,,
121241600,-0.001690473291091621,1.3163831233978271,0.05923724174499512,0.05000000074505806,0.1726868450641632,0.42416661977767944,26.302425384521484,2.390675035712775e-05,-23.913406372070312,,0.03199268877506256,
121307136,-0.000860119704157114,0.7680292129516602,0.034561317414045334,0.05000000074505806,0.1384623646736145,0.1431749314069748,25.042261123657227,8.424307452514768e-05,,-42.980491638183594,,0.0009765625
121372672,0.0067146457731723785,3.478440761566162,0.15652982890605927,0.05000000074505806,0.0651482492685318,0.1713957041501999,40.00458908081055,2.9243488825159147e-05,,,,
121438208,0.002032334916293621,3.5861892700195312,0.16137853264808655,0.05000000074505806,0.0029658423736691475,0.24645766615867615,39.12584686279297,8.195804184651934e-06,,,,
121503744,-0.00027488707564771175,3.476266384124756,0.15643200278282166,0.05000000074505806,0.06355990469455719,0.5579508543014526,20.348115921020508,4.0088448258757126e-06,,,,
121569280,0.00027059216517955065,3.098787307739258,0.1394454389810562,0.05000000074505806,0.0405423566699028,0.20403553545475006,27.475719451904297,1.4559519513568375e-05,,,,
121634816,0.00018622446805238724,3.069751501083374,0.13813883066177368,0.05000000074505806,0.024159854277968407,0.1761593222618103,27.356870651245117,1.376929685648065e-05,,,,
121700352,0.000561330933123827,1.3367741107940674,0.060154832899570465,0.05000000074505806,0.37525972723960876,0.30100905895233154,33.573062896728516,5.415651685325429e-05,-38.982398986816406,,0.0030372056644409895,
121765888,-0.0011880695819854736,0.5267878770828247,0.023705456405878067,0.05000000074505806,0.012911765836179256,0.13844630122184753,28.47858428955078,2.7929023417527787e-05,,,,
121831424,-0.000930720241740346,0.88197261095047,0.039688773453235626,0.05000000074505806,0.03462368994951248,0.0906369686126709,22.72051429748535,1.2135088581999298e-05,,,,
121896960,6.577931344509125e-05,1.7791210412979126,0.0800604522228241,0.05000000074505806,0.02141711860895157,0.12616202235221863,23.574230194091797,7.00338750903029e-06,,,,
121962496,-0.0011755588930100203,0.9251936674118042,0.041633713990449905,0.05000000074505806,0.03965568542480469,0.19782012701034546,25.910324096679688,2.1784879209008068e-05,,,,
122028032,-0.0010129984002560377,0.564308226108551,0.02539387159049511,0.05000000074505806,0.0654670000076294,0.3757411539554596,30.485435485839844,0.0006714154733344913,,,,
122093568,0.002479969523847103,0.5071434378623962,0.02282145619392395,0.05000000074505806,0.04203752428293228,0.13061439990997314,38.85205078125,0.0006514793494716287,,,,
122159104,0.0009647614788264036,0.4981191158294678,0.022415362298488617,0.05000000074505806,0.056877437978982925,0.08265809714794159,23.211933135986328,8.093000360531732e-05,,,,
122224640,0.0021903798915445805,0.6236845254898071,0.02806580625474453,0.05000000074505806,0.06515875458717346,0.10925022512674332,24.14278221130371,2.4353830667678267e-05,,,,
122290176,-0.0002898918464779854,1.0739643573760986,0.048328399658203125,0.05000000074505806,0.10548995435237885,0.10707584023475647,26.662687301635742,1.8567854567663744e-05,,,,
122355712,-0.0009666448459029198,0.6125370264053345,0.027564166113734245,0.05000000074505806,0.09151940047740936,0.13048212230205536,25.049049377441406,0.00021519564324989915,-25.389249801635742,,0.017513133585453033,
122421248,-0.0002836680505424738,0.5400732159614563,0.024303294718265533,0.05000000074505806,0.04180794954299927,0.14723004400730133,23.833009719848633,0.0004508090205490589,,,,
122486784,0.0009448816999793053,0.5249890089035034,0.02362450398504734,0.05000000074505806,0.057203032076358795,0.08582024276256561,24.461809158325195,0.00010902563371928409,,,,
122552320,0.0016554147005081177,0.7648630142211914,0.03441883623600006,0.05000000074505806,0.09399977326393127,0.09585990011692047,30.37984848022461,4.017168976133689e-05,,,,
122617856,0.003624129109084606,0.5017714500427246,0.02257971651852131,0.05000000074505806,0.14105604588985443,0.5066455602645874,42.80087661743164,3.842562364297919e-05,,,,
122683392,0.0014932649210095406,0.5410037040710449,0.024345165118575096,0.05000000074505806,0.07099305838346481,0.11965879797935486,27.229034423828125,0.0001085821058950387,,,,
122748928,-0.0004586042196024209,0.5368698239326477,0.0241591427475214,0.05000000074505806,0.1047298014163971,0.1741572767496109,22.858491897583008,0.00013078932533971965,,,,
122814464,-0.0006876526167616248,0.8806556463241577,0.039629507809877396,0.05000000074505806,0.09576618671417236,0.16201719641685486,22.337989807128906,4.1357441659783944e-05,,,,
122880000,0.0011820796644315124,0.7625002861022949,0.03431251272559166,0.05000000074505806,0.17514464259147644,0.16820311546325684,33.18812942504883,2.2630978492088616e-05,,,,
122945536,0.0004793617408722639,0.5916974544525146,0.026626383885741234,0.05000000074505806,0.10988762974739075,0.1685018539428711,23.909725189208984,0.00020185431640129536,-34.65993881225586,-41.973567962646484,0.012809564359486103,0.0009765625
123011072,0.011228873394429684,3.4009532928466797,0.15304291248321533,0.05000000074505806,0.08136777579784393,0.17031444609165192,50.541263580322266,3.0632752896053717e-05,,,,
123076608,0.0007286204490810633,3.517103910446167,0.15826968848705292,0.05000000074505806,0.0029668041970580816,0.20237916707992554,31.503684997558594,1.249478827958228e-05,,,,
123142144,0.0009377647656947374,3.45037841796875,0.15526703000068665,0.05000000074505806,0.037569209933280945,0.2759948968887329,26.828582763671875,3.984515842603287e-06,,,,
123207680,0.0009574035066179931,3.1220123767852783,0.1404905617237091,0.05000000074505806,0.05199506878852844,0.3077683746814728,28.579124450683594,1.4843263670627493e-05,,,,
123273216,0.0014920039102435112,3.1105005741119385,0.1399725377559662,0.05000000074505806,0.02015119418501854,0.521964967250824,32.922813415527344,1.4594164895243011e-05,,,,
123338752,4.33974782936275e-05,1.3372982740402222,0.060178425163030624,0.05000000074505806,0.4623981714248657,0.6888009309768677,32.13230514526367,5.4993397498037666e-05,,,,
123404288,-5.113903898745775e-05,0.5471515655517578,0.02462182007730007,0.05000000074505806,0.013183464296162128,0.16808271408081055,28.631641387939453,2.0073790437891148e-05,,,,
123469824,0.0002395112533122301,1.0412869453430176,0.046857915818691254,0.05000000074505806,0.03036939911544323,0.0719679445028305,24.055564880371094,1.3197315638535656e-05,,,,
123535360,0.0008702217019163072,2.273911952972412,0.10232604295015335,0.05000000074505806,0.016331229358911514,0.19148391485214233,27.639617919921875,7.525135515606962e-06,,,,
123600896,-0.0007716871332377195,0.9441527724266052,0.042486872524023056,0.05000000074505806,0.021345313638448715,0.18844464421272278,29.91897201538086,2.625537854328286e-05,,,,
123666432,-0.00265553779900074,0.5111188292503357,0.02300034835934639,0.05000000074505806,0.06283240020275116,0.5674248933792114,24.242197036743164,0.0018024638993665576,-33.933067321777344,,0.006456819828599691,
123731968,-0.0006897203857079148,0.4871240556240082,0.0219205841422081,0.05000000074505806,0.053283415734767914,0.14722532033920288,25.823402404785156,0.0012546898797154427,,,,
123797504,0.0019009239040315151,0.44368472695350647,0.01996581442654133,0.05000000074505806,0.03620113804936409,0.07104695588350296,26.251630783081055,9.807782771531492e-05,,,,
123863040,0.0018062440212816,1.1054048538208008,0.04974321648478508,0.05000000074505806,0.049782894551754,0.10658764094114304,30.391063690185547,3.7326688470784575e-05,,,,
123928576,0.00020980252884328365,1.0016294717788696,0.04507332295179367,0.05000000074505806,0.057078830897808075,0.15285879373550415,25.26671028137207,1.7588639821042307e-05,,,,
123994112,-0.0028807655908167362,0.6797155737876892,0.030587200075387955,0.05000000074505806,0.04700802266597748,0.10056489706039429,26.375347137451172,0.00018531807290855795,,,,
124059648,-0.0008272416889667511,0.514586329460144,0.023156385868787766,0.05000000074505806,0.049872905015945435,0.20897619426250458,27.210922241210938,0.0007544767577201128,,,,
124125184,0.0009139535832218826,0.5866889953613281,0.026401005685329437,0.05000000074505806,0.03765585273504257,0.14400281012058258,24.815160751342773,0.0002406778949080035,,,,
124190720,-0.0009686469566076994,0.5341757535934448,0.024037908762693405,0.05000000074505806,0.028373204171657562,0.06852172315120697,24.147096633911133,0.0001154805431724526,,,,
124256256,0.0014077037340030074,0.9520419836044312,0.042841892689466476,0.05000000074505806,0.07221585512161255,0.4621298015117645,24.380268096923828,6.766582373529673e-05,,,,
124321792,-0.002262517809867859,0.5658525228500366,0.025463365018367767,0.05000000074505806,0.07981208711862564,0.361667275428772,23.93582534790039,6.134800059953704e-05,-27.965587615966797,,0.019658120349049568,
124387328,0.0004832663107663393,0.5200662016868591,0.023402979597449303,0.05000000074505806,0.04598602280020714,0.09761664271354675,28.982616424560547,0.00029926272691227496,,,,
124452864,0.0014073975617066026,0.5024067759513855,0.022608306258916855,0.05000000074505806,0.050081055611371994,0.07643577456474304,20.904390335083008,0.00017753263819031417,,,,
124518400,0.0006280699744820595,1.1926456689834595,0.05366905406117439,0.05000000074505806,0.08086094260215759,0.10411246865987778,29.852428436279297,3.5672572266776115e-05,,,,
124583936,-0.0016917092725634575,0.6278526186943054,0.02825336717069149,0.05000000074505806,0.11228859424591064,0.5288428664207458,28.30784034729004,0.00019626482389867306,,-40.08583068847656,,0.001953125
124649472,0.012077288702130318,3.4241018295288086,0.15408456325531006,0.05000000074505806,0.0486120730638504,0.07367530465126038,43.29568862915039,3.492832547635771e-05,,,,
124715008,-6.984540959820151e-05,3.571751356124878,0.1607288271188736,0.05000000074505806,0.0038198407273739576,0.32425615191459656,27.128658294677734,1.5302723113563843e-05,,,,
124780544,0.002515551168471575,3.602783203125,0.16212524473667145,0.05000000074505806,0.05417723208665848,0.3866385519504547,31.48439598083496,4.769793122250121e-06,,,,
124846080,-0.0013173986226320267,3.199348211288452,0.14397065341472626,0.05000000074505806,0.05414421111345291,0.20364364981651306,22.71576499938965,2.0142297216807492e-05,,,,
124911616,-0.0012978496961295605,3.1509010791778564,0.14179055392742157,0.05000000074505806,0.021664347499608994,0.10483750700950623,19.756698608398438,1.6407839211751707e-05,,,,
124977152,-0.0012312035541981459,1.3558690547943115,0.06101411581039429,0.05000000074505806,0.33684462308883667,0.2398337870836258,29.811595916748047,3.732685945578851e-05,-35.4748649597168,,0.0037965071387588978,
125042688,0.004064848646521568,0.6198799014091492,0.02789459377527237,0.05000000074505806,0.02193097211420536,0.1377124935388565,37.61119842529297,1.8291697415406816e-05,,,,
125108224,0.0004882947541773319,0.9382522702217102,0.04222135990858078,0.05000000074505806,0.05109861493110657,0.11391572654247284,21.119606018066406,2.0575267626554705e-05,,,,
125173760,0.0008677700534462929,2.227358102798462,0.1002311185002327,0.05000000074505806,0.02437087520956993,0.2480907142162323,27.66583824157715,1.2315296771703288e-05,,,,
125239296,0.002420701552182436,1.5194861888885498,0.06837687641382217,0.05000000074505806,0.0358353853225708,0.4116109311580658,39.14622116088867,2.2608361177844927e-05,,,,
125304832,-0.00024803774431347847,0.667008101940155,0.030015364289283752,0.05000000074505806,0.0981275737285614,0.6765549182891846,31.319744110107422,0.0013699413975700736,,,,
125370368,0.0011490455362945795,0.6136952638626099,0.027616290375590324,0.05000000074505806,0.02667374163866043,0.12468606978654861,35.989112854003906,0.0020365966483950615,,,,
125435904,0.0006651420844718814,0.5915639996528625,0.026620380580425262,0.05000000074505806,0.04851585626602173,0.09453291445970535,29.172151565551758,0.00011392732267268002,,,,
125501440,0.0010558497160673141,0.9747529625892639,0.04386388137936592,0.05000000074505806,0.03996385261416435,0.09848067164421082,22.664827346801758,4.491981599130668e-05,,,,
125566976,-0.0002659107558429241,1.443402647972107,0.06495312601327896,0.05000000074505806,0.08220922946929932,0.14620119333267212,23.590293884277344,1.3617797776532825e-05,,,,
125632512,-0.001991105731576681,0.8511120676994324,0.0383000448346138,0.05000000074505806,0.053587656468153,0.08716050535440445,26.259117126464844,5.966213211650029e-05,,,,
125698048,0.0008661331376060843,0.5403945446014404,0.024317754432559013,0.05000000074505806,0.06945990025997162,0.10943588614463806,23.452022552490234,0.00039264559745788574,,,,
125763584,0.0014186957851052284,0.6159722805023193,0.02771875634789467,0.05000000074505806,0.06870235502719879,0.09556064754724503,22.3472843170166,0.0001705083268461749,,,,
125829120,-0.0022113751620054245,0.87691330909729,0.03946109861135483,0.05000000074505806,0.06666125357151031,0.12316687405109406,21.68442153930664,5.3355495765572414e-05,-21.83551025390625,,0.03632887080311775,
125894656,-0.0006714854389429092,0.7619287967681885,0.03428679704666138,0.05000000074505806,0.11929745972156525,0.457101047039032,22.952831268310547,3.306827420601621e-05,,,,
125960192,-0.0005728360265493393,0.526648223400116,0.023699169978499413,0.05000000074505806,0.16217070817947388,0.42428603768348694,23.934358596801758,4.62912030343432e-05,,,,
126025728,0.0007687478209845722,0.4707641005516052,0.021184388548135757,0.05000000074505806,0.12764835357666016,0.15922057628631592,29.6026668548584,0.0001325753255514428,,,,
126091264,-0.0005804968532174826,0.8342048525810242,0.03753921762108803,0.05000000074505806,0.09588633477687836,0.17676183581352234,25.338550567626953,0.00015577496378682554,,,,
126156800,-0.0003973189159296453,1.328902244567871,0.05980060249567032,0.05000000074505806,0.11264996230602264,0.09535390883684158,22.111730575561523,3.0728686397196725e-05,,,,
126222336,0.001367722637951374,0.7473211288452148,0.03362945467233658,0.05000000074505806,0.12300127744674683,0.17106348276138306,33.7703857421875,8.391350274905562e-05,,-42.11966323852539,,0.0
126287872,0.0023884931579232216,3.3668172359466553,0.15150679647922516,0.05000000074505806,0.05631560832262039,0.08001519739627838,35.64435958862305,2.9576003726106137e-05,,,,
126353408,0.0006377153331413865,3.544600009918213,0.15950700640678406,0.05000000074505806,0.006162336096167564,0.8174664974212646,31.70805549621582,1.2957661965629086e-05,,,,
126418944,0.0013689142651855946,3.518202304840088,0.1583191156387329,0.05000000074505806,0.025232912972569466,0.2252403199672699,28.704919815063477,5.831578619108768e-06,,,,
126484480,-0.0010332918027415872,3.1406962871551514,0.14133134484291077,0.05000000074505806,0.05406185984611511,0.17943499982357025,19.158565521240234,9.565572327119298e-06,,,,
126550016,0.0018317936919629574,3.0891308784484863,0.13901089131832123,0.05000000074505806,0.01997317001223564,0.1701277196407318,29.075847625732422,1.3799690350424498e-05,,,,
126615552,-0.00042088422924280167,1.362687587738037,0.06132093816995621,0.05000000074505806,0.30870169401168823,0.24596823751926422,29.297658920288086,4.632217678590678e-05,-37.53098678588867,,0.005924170836806297,
126681088,0.001150268130004406,0.5019319653511047,0.022586937993764877,0.05000000074505806,0.015879929065704346,0.23560349643230438,28.77147674560547,2.1153093257453293e-05,,,,
126746624,-0.0015393656212836504,1.10346257686615,0.049655817449092865,0.05000000074505806,0.01628134772181511,0.09382060170173645,22.439300537109375,1.2236274415045045e-05,,,,
126812160,0.0006020412547513843,2.092036008834839,0.09414161741733551,0.05000000074505806,0.03405510634183884,0.28123748302459717,25.191776275634766,1.126334518630756e-05,,,,
126877696,-0.000914720818400383,1.0341869592666626,0.04653841257095337,0.05000000074505806,0.06717656552791595,0.33489152789115906,27.357948303222656,2.0556830349960364e-05,,,,
126943232,-0.002170526422560215,0.5669957399368286,0.025514809414744377,0.05000000074505806,0.07786516100168228,0.37612277269363403,22.796932220458984,0.0009585530497133732,,,,
127008768,-7.434375584125519e-05,0.539824903011322,0.024292118847370148,0.05000000074505806,0.053041890263557434,0.12612050771713257,29.417892456054688,0.0008033868507482111,,,,
127074304,0.00199332763440907,0.5068699717521667,0.02280914969742298,0.05000000074505806,0.055342577397823334,0.15335620939731598,26.535432815551758,0.00010262894647894427,,,,
127139840,0.0013198396191000938,0.5284846425056458,0.02378181181848049,0.05000000074505806,0.02803795039653778,0.10961370170116425,28.874900817871094,3.264269616920501e-05,,,,
127205376,-0.000991597305983305,1.048534870147705,0.04718406870961189,0.05000000074505806,0.05480283498764038,0.11045374721288681,26.25760269165039,1.8465852917870507e-05,,,,
127270912,-0.0023434069007635117,0.7064111232757568,0.031788501888513565,0.05000000074505806,0.08970847725868225,0.1242709755897522,24.82347297668457,0.00011039194214390591,,,,
127336448,0.000929937930777669,0.5434810519218445,0.024456650018692017,0.05000000074505806,0.0770396739244461,0.618608295917511,27.07512664794922,0.000537359737791121,-27.007652282714844,,0.014354066923260689,
127401984,0.001244578044861555,0.5687038898468018,0.02559167519211769,0.05000000074505806,0.06740882247686386,0.13337484002113342,24.769668579101562,0.0002085760934278369,,,,
127467520,0.0001532319001853466,0.9604966044425964,0.04322235286235809,0.05000000074505806,0.06694702059030533,0.07198026031255722,24.842227935791016,6.0108268371550366e-05,,,,
127533056,-0.0005353732267394662,0.9719834923744202,0.043739259243011475,0.05000000074505806,0.09853475540876389,0.3832668662071228,27.268775939941406,2.1661002392647788e-05,,,,
127598592,-0.000893554650247097,0.5585517883300781,0.025134829804301262,0.05000000074505806,0.10847486555576324,0.097014419734478,26.4289608001709,6.524590571643785e-05,,,,
127664128,-0.001027645543217659,0.543353796005249,0.02445092238485813,0.05000000074505806,0.05780398100614548,0.11688628792762756,25.653682708740234,0.00015972154506016523,,,,
127729664,-0.0017135250382125378,0.5786226987838745,0.026038024574518204,0.05000000074505806,0.061136990785598755,0.10768202692270279,21.502513885498047,0.0001032951840898022,,,,
127795200,0.0036909603513777256,0.6473305821418762,0.02912987768650055,0.05000000074505806,0.047526247799396515,0.13460789620876312,33.108009338378906,5.4042840929469094e-05,,,,
127860736,0.0003977143205702305,0.537267804145813,0.024177050217986107,0.05000000074505806,0.06925784051418304,1.014573335647583,25.55701446533203,0.00014280421601142734,,-40.07294464111328,,0.0048828125
127926272,-0.0002573179081082344,3.2799007892608643,0.14759552478790283,0.05000000074505806,0.022603752091526985,0.12613801658153534,29.241336822509766,3.080881651840173e-05,,,,
127991808,-0.0001526277046650648,3.4575743675231934,0.15559086203575134,0.05000000074505806,0.0028173087630420923,0.18907417356967926,32.819149017333984,1.0977775673381984e-05,,,,
128057344,0.001145821064710617,3.381976366043091,0.15218894183635712,0.05000000074505806,0.04412471130490303,0.2701828181743622,25.53417205810547,4.41786596638849e-06,,,,
128122880,0.001891090883873403,2.921980857849121,0.13148914277553558,0.05000000074505806,0.04868457466363907,0.277326375246048,33.97196578979492,2.2198271835804917e-05,,,,
128188416,0.0007091099396348,2.9170241355895996,0.13126607239246368,0.05000000074505806,0.024516360834240913,0.12849348783493042,27.849061965942383,1.3743258023168892e-05,,,,
128253952,-0.0017405995167791843,1.264635682106018,0.056908607482910156,0.05000000074505806,0.2509635090827942,0.1853577196598053,24.356529235839844,4.742402961710468e-05,-35.21160125732422,,0.007825600914657116,
128319488,0.002055260818451643,0.579282283782959,0.02606770396232605,0.05000000074505806,0.0064829871989786625,0.08203495293855667,32.68206787109375,1.6918391338549554e-05,,,,
128385024,0.0009122928604483604,0.7858939170837402,0.03536522760987282,0.05000000074505806,0.05432092398405075,0.1963280737400055,24.95732307434082,1.705436261545401e-05,,,,
128450560,-0.0005582032026723027,1.5404627323150635,0.06932082772254944,0.05000000074505806,0.07074473798274994,0.7872399091720581,25.38428497314453,1.1324808838253375e-05,,,,
128516096,-0.0006655198521912098,0.6603468656539917,0.029715612530708313,0.05000000074505806,0.06120850890874863,0.29718780517578125,25.760969161987305,4.701392026618123e-05,,,,
128581632,-0.00026103382697328925,0.4842262864112854,0.02179018408060074,0.05000000074505806,0.04273521155118942,0.6889677047729492,30.58708953857422,0.0019406345672905445,,,,
128647168,-0.001040952280163765,0.47794079780578613,0.02150733768939972,0.05000000074505806,0.08224986493587494,0.12488166987895966,26.066513061523438,0.000744360382668674,,,,
128712704,0.0010907822288572788,0.46806952357292175,0.021063130348920822,0.05000000074505806,0.06089853495359421,0.24970200657844543,24.44532012939453,0.0001252338697668165,,,,
128778240,-0.0010452226269990206,0.9628088474273682,0.043326400220394135,0.05000000074505806,0.05372992530465126,0.09128338098526001,17.64092445373535,4.605019785230979e-05,,,,
128843776,-0.0007425680523738265,0.9921862483024597,0.04464837908744812,0.05000000074505806,0.05694849044084549,0.08479103446006775,26.210466384887695,1.4702575754199643e-05,,,,
128909312,-0.0027121584862470627,0.6802438497543335,0.03061097487807274,0.05000000074505806,0.07296312600374222,0.1519903689622879,24.90835952758789,0.00017393693269696087,,,,
128974848,0.0009665480465628207,0.5909855961799622,0.02659435197710991,0.05000000074505806,0.05628848448395729,0.1434558629989624,30.665029525756836,0.0007187663577497005,-28.673534393310547,,0.020335987210273743,
129040384,0.000904214452020824,0.6758542060852051,0.030413443222641945,0.05000000074505806,0.05660170316696167,0.11549509316682816,23.35118865966797,0.00015640482888557017,,,,
129105920,-0.0017027072608470917,0.6315289735794067,0.028418803587555885,0.05000000074505806,0.07374633848667145,0.07801379263401031,24.44280242919922,4.961524246027693e-05,,,,
129171456,-0.0003058193251490593,0.4794011116027832,0.021573051810264587,0.05000000074505806,0.10507199168205261,0.13815459609031677,24.845956802368164,3.6803212424274534e-05,,,,
129236992,-0.00026605045422911644,0.4689521789550781,0.021102849394083023,0.05000000074505806,0.07316143810749054,0.12225048243999481,25.90416717529297,0.00011561420251382515,,,,
129302528,-0.0006632987642660737,0.4346233904361725,0.019558053463697433,0.05000000074505806,0.09131994843482971,0.13164477050304413,26.307432174682617,0.0001566670835018158,,,,
129368064,0.001651139697059989,0.4714963436126709,0.021217336878180504,0.05000000074505806,0.0726940929889679,0.12487098574638367,23.387657165527344,0.00014033709885552526,,,,
129433600,0.0021773572079837322,0.5432536005973816,0.024446411058306694,0.05000000074505806,0.06739290058612823,0.09882190823554993,34.74374008178711,3.03679389617173e-05,,,,
129499136,-0.00166346225887537,0.5420595407485962,0.02439267933368683,0.05000000074505806,0.08551840484142303,0.20376227796077728,25.07008171081543,0.00010177285003010184,,-39.29167175292969,,0.001953125
129564672,0.004600657615810633,3.3907792568206787,0.15258507430553436,0.05000000074505806,0.05856548249721527,0.21294119954109192,41.19763946533203,3.1170617148745805e-05,,,,
129630208,0.00023632077500224113,3.508601665496826,0.1578870713710785,0.05000000074505806,0.0030916547402739525,0.09124741703271866,33.59403610229492,1.1798198102042079e-05,,,,
129695744,0.004457036033272743,3.4367668628692627,0.15465451776981354,0.05000000074505806,0.04780499264597893,0.49701258540153503,31.70616912841797,4.099678335478529e-06,,,,
129761280,0.00254848413169384,2.995582103729248,0.13480119407176971,0.05000000074505806,0.0353211835026741,0.3319791853427887,36.36778259277344,1.9811926904367283e-05,,,,
129826816,-3.248229040764272e-05,2.961122989654541,0.13325054943561554,0.05000000074505806,0.020438792183995247,0.15480738878250122,23.740863800048828,1.4316280612547416e-05,,,,
129892352,-8.442334365099669e-05,1.2967555522918701,0.058354008942842484,0.05000000074505806,0.2553890347480774,0.6340135931968689,29.58884620666504,4.974227340426296e-05,-37.08283996582031,,0.00219058059155941,
129957888,0.0012427852489054203,0.47630953788757324,0.021433930844068527,0.05000000074505806,0.014732757583260536,0.08508483320474625,25.734851837158203,2.476937515893951e-05,,,,
130023424,-0.0007595564238727093,1.0011296272277832,0.04505082964897156,0.05000000074505806,0.031783729791641235,0.08879625052213669,20.693315505981445,2.200872950197663e-05,,,,
130088960,0.0012941081076860428,2.0691111087799072,0.09311000257730484,0.05000000074505806,0.04816123843193054,0.15811318159103394,26.93036460876465,9.920974662236404e-06,,,,
130154496,0.004093449097126722,0.8413315415382385,0.03785991668701172,0.05000000074505806,0.0728665217757225,0.6226617097854614,40.05896759033203,3.688280048663728e-05,,,,
130220032,-0.001908780075609684,0.49989086389541626,0.022495087236166,0.05000000074505806,0.048777539283037186,0.4672212600708008,22.923336029052734,0.0035077270586043596,,,,
130285568,-0.0003638311754912138,0.4768851697444916,0.021459832787513733,0.05000000074505806,0.05099309980869293,0.12905815243721008,28.000898361206055,0.0015492907259613276,,,,
130351104,0.000446998979896307,0.46546047925949097,0.020945720374584198,0.05000000074505806,0.038630105555057526,0.08860998600721359,23.781646728515625,0.00010759027645690367,,,,
130416640,0.000472822692245245,1.017786979675293,0.04580041766166687,0.05000000074505806,0.033739686012268066,0.10633350163698196,21.824386596679688,3.325737634440884e-05,,,,
130482176,0.0018552071414887905,0.891018271446228,0.040095824748277664,0.05000000074505806,0.05667687579989433,0.08809731900691986,33.45500946044922,2.094700903398916e-05,,,,
130547712,-0.001306594000197947,0.5217202305793762,0.02347741276025772,0.05000000074505806,0.07262690365314484,0.11049441993236542,31.421615600585938,0.00043249386362731457,,,,
130613248,0.0001367391087114811,0.4896814227104187,0.022035663947463036,0.05000000074505806,0.06335151195526123,0.14605268836021423,28.158449172973633,0.0007375839632004499,-29.55744743347168,,0.017316017299890518,
130678784,-0.0007418745663017035,0.5325072407722473,0.023962825536727905,0.05000000074505806,0.048917822539806366,0.16032980382442474,21.540185928344727,0.0001548685395391658,,,,
130744320,-0.001551245804876089,0.4795103669166565,0.02157796546816826,0.05000000074505806,0.0496748611330986,0.21868614852428436,22.55775260925293,6.945033965166658e-05,,,,
130809856,0.000887501984834671,0.9985570907592773,0.044935066252946854,0.05000000074505806,0.11042246222496033,0.07993222773075104,21.561857223510742,3.9868908061180264e-05,,,,
130875392,-0.0031409384682774544,0.6514627933502197,0.029315827414393425,0.05000000074505806,0.18061009049415588,0.4020480811595917,24.95730209350586,7.44737044442445e-05,,,,
130940928,2.2555352188646793e-05,0.4690469205379486,0.021107112988829613,0.05000000074505806,0.11437934637069702,0.11438428610563278,23.327560424804688,0.0004419045872054994,,,,
131006464,-0.0007721912115812302,0.6785563826560974,0.030535036697983742,0.05000000074505806,0.06908587366342545,0.38566499948501587,20.320043563842773,0.0003023123135790229,,,,
131072000,-0.0005004231352359056,0.617397665977478,0.027782896533608437,0.05000000074505806,0.10367526113986969,0.11318466812372208,32.23442077636719,7.148267468437552e-05,,,,
131137536,0.0012631077552214265,0.5383719205856323,0.024226734414696693,0.05000000074505806,0.10653282701969147,0.12294894456863403,24.925634384155273,0.00039979175198823214,,-39.907161712646484,,0.0029296875
131203072,0.004941432736814022,3.365443468093872,0.1514449566602707,0.05000000074505806,0.040498699992895126,0.3592130243778229,40.35286331176758,2.9030772566329688e-05,,,,
131268608,0.00019365124171599746,3.571460723876953,0.1607157289981842,0.05000000074505806,0.0029273713007569313,0.32642897963523865,28.85804557800293,1.575249552843161e-05,,,,
131334144,0.0009323908016085625,3.530244827270508,0.15886101126670837,0.05000000074505806,0.056784410029649734,0.1639414280653,25.086849212646484,5.29600265508634e-06,,,,
131399680,-0.0008658068836666644,3.077975034713745,0.1385088860988617,0.05000000074505806,0.044334374368190765,0.14215460419654846,24.305553436279297,2.0832812879234552e-05,,,,
131465216,0.0034665102139115334,3.0021281242370605,0.1350957453250885,0.05000000074505806,0.01899513602256775,0.20847228169441223,37.897064208984375,1.4409619325306267e-05,,,,
131530752,-0.000848117284476757,1.3636889457702637,0.0613659992814064,0.05000000074505806,0.20137959718704224,0.22282017767429352,30.856834411621094,3.9439073589164764e-05,-34.573394775390625,,0.013414634391665459,
131596288,2.418062649667263e-06,0.5871449708938599,0.026421526446938515,0.05000000074505806,0.01585940644145012,0.1687534600496292,32.048561096191406,1.3679422409040853e-05,,,,
131661824,0.0002601160667836666,0.8561744689941406,0.03852785378694534,0.05000000074505806,0.06458470225334167,0.09781008213758469,21.53890037536621,2.018095983657986e-05,,,,
131727360,0.000942123238928616,2.2523906230926514,0.1013575941324234,0.05000000074505806,0.10383916646242142,0.20863914489746094,24.56521224975586,1.1137649380543735e-05,,,,
131792896,0.00011466268915683031,2.206084728240967,0.09927382320165634,0.05000000074505806,0.12548911571502686,0.8823511600494385,22.991525650024414,1.9994133253931068e-05,,,,
131858432,-0.002052470576018095,0.866855263710022,0.0390084907412529,0.05000000074505806,0.31340283155441284,0.3054259717464447,23.065494537353516,0.00153117417357862,,,,
131923968,-2.915901131927967e-05,0.7099978923797607,0.031949903815984726,0.05000000074505806,0.06184347718954086,0.1749040186405182,28.39126968383789,0.0019636410288512707,,,,
131989504,0.0007875021547079086,0.6609975099563599,0.029744889587163925,0.05000000074505806,0.06364235281944275,0.7443065643310547,28.762548446655273,0.0001467209222028032,,,,
132055040,2.2293534129858017e-07,1.5755479335784912,0.07089966535568237,0.05000000074505806,0.06416483968496323,0.12617042660713196,25.484960556030273,3.731718970811926e-05,,,,
132120576,8.392240852117538e-05,1.1247270107269287,0.05061272159218788,0.05000000074505806,0.0781061202287674,0.11259153485298157,26.55861473083496,1.9610875824582763e-05,,,,
132186112,-0.0005360635695978999,0.7410051822662354,0.03334523364901543,0.05000000074505806,0.04924493283033371,0.11262460052967072,33.10198211669922,0.00010665471927495673,,,,
132251648,0.0013448172248899937,0.506205677986145,0.022779256105422974,0.05000000074505806,0.04662825167179108,0.13627378642559052,31.206531524658203,0.0004508288111537695,,,,
132317184,0.000859332736581564,0.6307114362716675,0.028382018208503723,0.05000000074505806,0.0543878898024559,0.13564430177211761,25.477006912231445,0.000135004025651142,,,,
132382720,-0.0014279886381700635,0.5516784191131592,0.024825531989336014,0.05000000074505806,0.04542268067598343,0.08393469452857971,22.437713623046875,5.1670329412445426e-05,-21.52179527282715,,0.06604651361703873,
132448256,3.0471448553726077e-05,0.572884202003479,0.025779789313673973,0.05000000074505806,0.09132841229438782,0.13235211372375488,20.786169052124023,2.1632735297316685e-05,,,,
132513792,3.7144869565963745e-05,0.48439744114875793,0.02179788611829281,0.05000000074505806,0.1418532133102417,0.3464517295360565,27.44156265258789,5.155853068572469e-05,,,,
132579328,-0.00067029835190624,0.5012251734733582,0.02255513146519661,0.05000000074505806,0.1262514591217041,0.15470223128795624,23.201385498046875,0.00010591177851893008,,,,
132644864,-0.00048169889487326145,0.7972040176391602,0.03587418049573898,0.05000000074505806,0.1256847381591797,0.15237927436828613,21.66710090637207,0.00013146678975317627,,,,
132710400,-0.0018836804665625095,0.8412144184112549,0.037854649126529694,0.05000000074505806,0.16698578000068665,0.11075746268033981,26.444625854492188,3.2615731470286846e-05,,,,
132775936,0.00029891892336308956,0.5379367470741272,0.024207156151533127,0.05000000074505806,0.09013092517852783,0.1415114849805832,25.559778213500977,0.0001700524881016463,,-39.644866943359375,,0.0009765625
132841472,0.002502022311091423,3.367331027984619,0.151529923081398,0.05000000074505806,0.03857465088367462,0.15366826951503754,35.855499267578125,2.820654299284797e-05,,,,
132907008,0.00027272943407297134,3.5719153881073,0.16073618829250336,0.05000000074505806,0.012300648726522923,1.0643022060394287,31.808393478393555,1.3985800251248293e-05,,,,
132972544,0.004086311906576157,3.5305707454681396,0.1588757038116455,0.05000000074505806,0.02905164286494255,0.2731224298477173,34.92699432373047,5.944837084825849e-06,,,,
133038080,0.0001455515157431364,3.266932487487793,0.14701196551322937,0.05000000074505806,0.01947164162993431,0.12474112957715988,26.4096622467041,1.1570997230592184e-05,,,,
133103616,0.00034629739820957184,3.0844109058380127,0.13879849016666412,0.05000000074505806,0.006721779704093933,0.26306456327438354,28.970462799072266,1.447953127353685e-05,,,,
133169152,-0.0008577604312449694,1.3543797731399536,0.06094709411263466,0.05000000074505806,0.3149327039718628,0.27380526065826416,28.471717834472656,3.5589073377195746e-05,-38.24627685546875,,0.008074534125626087,
133234688,-0.0011064836289733648,0.6045290231704712,0.02720380574464798,0.05000000074505806,0.0158428642898798,0.16857540607452393,27.943096160888672,2.0973864593543112e-05,,,,
133300224,-0.0011881125392392278,1.0707831382751465,0.048185236752033234,0.05000000074505806,0.05267510563135147,0.1223151907324791,22.974720001220703,1.3160533853806555e-05,,,,
133365760,0.00020759622566401958,2.1381778717041016,0.09621800482273102,0.05000000074505806,0.10619638860225677,0.6611443758010864,21.857837677001953,8.51716504257638e-06,,,,
133431296,-0.0002834233455359936,1.5018446445465088,0.06758300960063934,0.05000000074505806,0.14046329259872437,0.351641982793808,22.702205657958984,1.7851376469479874e-05,,,,
133496832,-0.0024944881442934275,0.7975545525550842,0.03588995337486267,0.05000000074505806,0.17497935891151428,0.3005090355873108,24.569150924682617,0.0012369132600724697,,,,
133562368,0.00026065995916724205,0.7901667952537537,0.03555750846862793,0.05000000074505806,0.10366193950176239,0.4203593134880066,28.28679847717285,0.002164589473977685,,,,
133627904,0.0007307197083719075,0.759568989276886,0.03418060764670372,0.05000000074505806,0.2305961698293686,0.5831189751625061,24.432859420776367,0.0001884722732938826,,,,
133693440,0.0035359913017600775,1.0040334463119507,0.045181501656770706,0.05000000074505806,0.14209604263305664,0.5129077434539795,33.987693786621094,2.9695196644752286e-05,,,,
133758976,-0.0005335904425010085,1.200700283050537,0.05403150990605354,0.05000000074505806,0.1992000788450241,0.24714505672454834,25.04839515686035,1.4537827155436389e-05,,,,
133824512,-0.0005083530559204519,0.8085951209068298,0.03638678416609764,0.05000000074505806,0.11711037158966064,0.3854534924030304,32.054901123046875,5.0532737077446654e-05,,,,
133890048,0.0005458036903291941,0.4813627302646637,0.02166132442653179,0.05000000074505806,0.10462993383407593,0.1145419329404831,23.781675338745117,0.0002956755051854998,,,,
133955584,0.0005483012646436691,0.5804977416992188,0.026122398674488068,0.05000000074505806,0.10333826392889023,0.18813839554786682,20.91396713256836,9.588223474565893e-05,,,,
134021120,-1.4194403775036335e-05,0.5538037419319153,0.024921169504523277,0.05000000074505806,0.07797637581825256,0.12511307001113892,22.11765480041504,2.763637348834891e-05,,,,
134086656,0.001490522758103907,1.2097606658935547,0.054439228028059006,0.05000000074505806,0.11411912739276886,0.12500271201133728,25.07695198059082,3.558450407581404e-05,,,,
134152192,-0.00027711852453649044,0.6380648612976074,0.0287129208445549,0.05000000074505806,0.13820217549800873,0.2786925733089447,26.833816528320312,2.626708010211587e-05,-24.746187210083008,,0.05319149047136307,
134217728,-0.0003529125824570656,0.5330526232719421,0.023987367749214172,0.05000000074505806,0.09910901635885239,0.14579398930072784,23.263425827026367,0.0001338931906502694,,,,
134283264,1.1862954124808311e-05,0.6093424558639526,0.027420412749052048,0.05000000074505806,0.09525114297866821,0.1651303917169571,21.111305236816406,0.00017797962937038392,,,,
134348800,-0.0005507119931280613,1.1892651319503784,0.0535169318318367,0.05000000074505806,0.12544375658035278,0.1707259565591812,25.92627716064453,3.42430648743175e-05,,,,
134414336,-0.0017258485313504934,0.6520459651947021,0.02934207022190094,0.05000000074505806,0.10184038430452347,0.16847017407417297,21.79644775390625,6.893221870996058e-05,,-40.585575103759766,,0.0009765625
134479872,0.002644637133926153,3.455536365509033,0.15549913048744202,0.05000000074505806,0.03883162513375282,0.33554935455322266,36.167598724365234,2.7098887585452758e-05,,,,
134545408,0.0005139247514307499,3.602034091949463,0.16209152340888977,0.05000000074505806,0.004262098111212254,0.2719340920448303,34.54782485961914,1.1550868293852545e-05,,,,
134610944,0.0012417689431458712,3.5600838661193848,0.160203754901886,0.05000000074505806,0.04804959148168564,0.24967776238918304,28.120100021362305,6.072986707295058e-06,,,,
134676480,0.00014114915393292904,3.1414144039154053,0.14136366546154022,0.05000000074505806,0.02379843033850193,0.11742493510246277,24.366436004638672,8.65496986079961e-06,,,,
134742016,0.0010534059256315231,3.09784197807312,0.13940289616584778,0.05000000074505806,0.005936154164373875,0.11442065238952637,33.460174560546875,1.1898267075594049e-05,,,,
134807552,-0.0027253334410488605,1.3342021703720093,0.06003910303115845,0.05000000074505806,0.2716062068939209,0.20415396988391876,22.654333114624023,4.040338535560295e-05,-43.203651428222656,,0.0043196543119847775,
134873088,-0.00218747416511178,0.49946221709251404,0.022475801408290863,0.05000000074505806,0.013617845252156258,0.14561256766319275,24.195362091064453,2.3171525754150935e-05,,,,
134938624,-1.3147946447134018e-05,0.8472693562507629,0.038127124309539795,0.05000000074505806,0.05557791143655777,0.3491690754890442,28.160781860351562,1.2407706890371628e-05,,,,
135004160,-0.0003346228040754795,1.7575143575668335,0.07908813655376434,0.05000000074505806,0.15678611397743225,0.9836880564689636,23.344200134277344,9.108050107897725e-06,,,,
135069696,0.001929484773427248,1.6950792074203491,0.07627855986356735,0.05000000074505806,0.10901956260204315,0.3379366993904114,32.46348571777344,1.2063273061357904e-05,,,,
135135232,-0.0020819625351577997,0.7331287264823914,0.03299079090356827,0.05000000074505806,0.11026470363140106,0.2261006385087967,22.6306209564209,0.0009198083425872028,,,,
135200768,-0.0013420497998595238,0.574042797088623,0.025831924751400948,0.05000000074505806,0.0645940750837326,0.129221573472023,27.083370208740234,0.001757306046783924,,,,
135266304,0.003196042962372303,0.5704412460327148,0.02566985972225666,0.05000000074505806,0.07533591985702515,0.10352135449647903,27.64488410949707,0.00023404372041113675,,,,
135331840,0.0007617040537297726,0.6217242479324341,0.0279775932431221,0.05000000074505806,0.07625187188386917,0.11271508783102036,25.44745445251465,4.542067108559422e-05,,,,
135397376,-0.0007825752254575491,1.0706088542938232,0.04817739874124527,0.05000000074505806,0.10180415213108063,0.14868848025798798,27.498870849609375,1.6739810234867036e-05,,,,
135462912,-0.0019837310537695885,0.5914968252182007,0.02661735750734806,0.05000000074505806,0.16122502088546753,0.15315580368041992,22.873371124267578,0.00023407212574966252,-28.471290588378906,,0.02757352963089943,
135528448,0.001002657925710082,0.4378278851509094,0.019702255725860596,0.05000000074505806,0.114171601831913,0.10547758638858795,24.20183563232422,0.000489651458337903,,,,
135593984,0.00015731691382825375,0.5089194774627686,0.022901376709342003,0.05000000074505806,0.09510312229394913,0.14860425889492035,20.668277740478516,0.00020181246509309858,,,,
135659520,-0.0020782158244401217,0.5102815628051758,0.022962670773267746,0.05000000074505806,0.0858287364244461,0.11270301043987274,22.058618545532227,3.909814768121578e-05,,,,
135725056,-0.0012020522262901068,0.5391775965690613,0.024262992665171623,0.05000000074505806,0.16744668781757355,0.7270138263702393,27.930870056152344,3.822620783466846e-05,,,,
135790592,-0.002218242036178708,0.4556925892829895,0.02050616778433323,0.05000000074505806,0.1665065884590149,0.1590079516172409,20.312583923339844,7.792447286192328e-05,,,,
135856128,-0.0008871438913047314,0.45550429821014404,0.020497694611549377,0.05000000074505806,0.13505473732948303,0.1701192855834961,20.55181884765625,0.00017967565509025007,,,,
135921664,-0.00010442500934004784,0.5768792629241943,0.025959569960832596,0.05000000074505806,0.10365115106105804,0.45502468943595886,25.908523559570312,0.00011712100240401924,,,,
135987200,-0.0003085375064983964,0.5493467450141907,0.024720603600144386,0.05000000074505806,0.16744953393936157,0.5388049483299255,30.288183212280273,2.8810836738557555e-05,,,,
136052736,0.00030929630156606436,0.4534459412097931,0.02040507085621357,0.05000000074505806,0.1467621624469757,0.7402938008308411,27.47050666809082,0.00029084880952723324,-40.75001907348633,-38.779693603515625,0.0027075812686234713,0.0009765625
136118272,0.0005777333863079548,3.311206340789795,0.149004265666008,0.05000000074505806,0.03065277449786663,0.48359987139701843,29.8443660736084,2.7163301638211124e-05,,,,
136183808,0.0015421116258949041,3.5655999183654785,0.1604520082473755,0.05000000074505806,0.002637661062180996,0.12421958148479462,32.83183670043945,1.3182236216380261e-05,,,,
136249344,0.002588527509942651,3.597783088684082,0.16190025210380554,0.05000000074505806,0.03857041895389557,0.1518964320421219,27.528352737426758,5.69486746826442e-06,,,,
136314880,0.0018430245108902454,3.1930649280548096,0.1436879187822342,0.05000000074505806,0.03283132612705231,0.22020433843135834,37.18162155151367,1.6450607290607877e-05,,,,
136380416,0.00019748706836253405,3.1759164333343506,0.1429162472486496,0.05000000074505806,0.011936787515878677,0.17972977459430695,27.133991241455078,1.5517389329033904e-05,,,,
136445952,-0.000913844327442348,1.4097516536712646,0.06343882530927658,0.05000000074505806,0.26439741253852844,0.2079574018716812,26.16643714904785,3.4531723940744996e-05,,,,
136511488,0.0019787615165114403,0.7055654525756836,0.03175044432282448,0.05000000074505806,0.01154143363237381,0.11143036186695099,36.18790054321289,1.4668190488009714e-05,,,,
136577024,-0.002126605249941349,0.7831586003303528,0.03524214029312134,0.05000000074505806,0.060573969036340714,0.11200198531150818,22.884380340576172,1.7194375686813146e-05,,,,
136642560,-0.0005417857319116592,1.893417477607727,0.08520379662513733,0.05000000074505806,0.10172264277935028,0.2144174873828888,25.24925422668457,1.008865910989698e-05,,,,
136708096,-0.00029016996268182993,2.2154955863952637,0.0996973067522049,0.05000000074505806,0.09330350160598755,0.5069026947021484,23.023181915283203,1.6366489944630302e-05,,,,
136773632,-0.0014345888048410416,0.8264926671981812,0.037192173302173615,0.05000000074505806,0.15391546487808228,0.18750406801700592,25.66596031188965,0.0009488051873631775,-32.044498443603516,,0.02560240775346756,
136839168,-0.0005179212894290686,0.5397878885269165,0.024290455505251884,0.05000000074505806,0.04314899444580078,0.2703547775745392,25.79558563232422,0.0019168759463354945,,,,
136904704,0.0007006397936493158,0.5050777196884155,0.02272849529981613,0.05000000074505806,0.054905541241168976,0.10010276734828949,19.755970001220703,0.000272578647127375,,,,
136970240,0.00043209828436374664,0.6268210411071777,0.028206946328282356,0.05000000074505806,0.03978840634226799,0.10081829130649567,23.102869033813477,8.553475345252082e-05,,,,
137035776,-0.00015376321971416473,1.0224820375442505,0.04601169377565384,0.05000000074505806,0.04846350476145744,0.09180693328380585,22.021528244018555,1.618722853891086e-05,,,,
137101312,-0.0026515768840909004,0.6509623527526855,0.029293309897184372,0.05000000074505806,0.09635184705257416,0.16278617084026337,26.706092834472656,0.00013015337754040956,,,,
137166848,0.0025301240384578705,0.43591371178627014,0.01961611770093441,0.05000000074505806,0.08224384486675262,0.4122777581214905,30.631046295166016,0.0008470304892398417,,,,
137232384,0.000678026583045721,0.4429991841316223,0.019934963434934616,0.05000000074505806,0.04530034586787224,0.18392226099967957,25.926685333251953,0.0003410755598451942,,,,
137297920,-0.001609820406883955,0.47992563247680664,0.021596655249595642,0.05000000074505806,0.09160235524177551,0.13933466374874115,23.33405303955078,7.129048753995448e-05,-27.390127182006836,,0.017992425709962845,
137363456,-0.0008776774629950523,0.48150116205215454,0.02166755311191082,0.05000000074505806,0.16384601593017578,0.8219084143638611,25.99752426147461,5.030498869018629e-05,,,,
137428992,-0.00041365792276337743,0.5004726648330688,0.02252126857638359,0.05000000074505806,0.149171844124794,0.20997461676597595,27.182483673095703,9.584473446011543e-05,,,,
137494528,0.0007363338954746723,0.4719129204750061,0.021236080676317215,0.05000000074505806,0.1482687145471573,0.5309862494468689,27.426620483398438,0.0001476823672419414,,,,
137560064,0.001343495212495327,0.3824809193611145,0.01721164397895336,0.05000000074505806,0.11478523164987564,0.14384524524211884,25.149707794189453,0.00013430598482955247,,,,
137625600,-0.00023443426471203566,1.1685272455215454,0.0525837279856205,0.05000000074505806,0.09589283168315887,0.10000249743461609,30.5738525390625,5.775762110715732e-05,,,,
137691136,-0.003956903703510761,0.6787471175193787,0.03054361790418625,0.05000000074505806,0.14722388982772827,0.15783163905143738,23.39971923828125,4.311365046305582e-05,,-39.095497131347656,,0.0009765625
137756672,0.008972322568297386,3.37894868850708,0.15205270051956177,0.05000000074505806,0.029162462800741196,0.11677338182926178,43.22515106201172,2.5695298973005265e-05,,,,
137822208,0.004858809057623148,3.6514523029327393,0.1643153727054596,0.05000000074505806,0.0015757177025079727,0.09598210453987122,37.53916931152344,1.0301813745172694e-05,,,,
137887744,0.002935082418844104,3.760453224182129,0.16922041773796082,0.05000000074505806,0.035928815603256226,0.1683569997549057,31.170324325561523,5.295106348057743e-06,,,,
137953280,0.0011068525491282344,3.3634538650512695,0.15135543048381805,0.05000000074505806,0.04209708422422409,0.4054850935935974,27.970203399658203,1.3300984392117243e-05,,,,
138018816,0.0009400177514180541,3.36722993850708,0.1515253335237503,0.05000000074505806,0.017792344093322754,0.47263103723526,29.27863883972168,1.460002749809064e-05,,,,
138084352,0.0012622119393199682,1.5049159526824951,0.06772122532129288,0.05000000074505806,0.2489890158176422,0.21072673797607422,38.41889190673828,3.1175281037576497e-05,-38.592674255371094,,0.002870263997465372,
138149888,0.0024529772344976664,0.548175573348999,0.024667900055646896,0.05000000074505806,0.009994639083743095,0.16697941720485687,35.464839935302734,1.140773110819282e-05,,,,
138215424,-0.000401031575165689,1.2038077116012573,0.05417134612798691,0.05000000074505806,0.04029006138443947,0.09417058527469635,29.073062896728516,1.1993121916020755e-05,,,,
138280960,0.0010919829364866018,2.0412445068359375,0.09185601025819778,0.05000000074505806,0.10723653435707092,0.1954917162656784,29.30739974975586,7.4660279096860904e-06,,,,
138346496,-0.0008300899062305689,2.0215773582458496,0.09097098559141159,0.05000000074505806,0.06709043681621552,0.37716275453567505,28.73430633544922,1.7439837392885238e-05,,,,
138412032,-0.0019108252599835396,0.9917812943458557,0.04463016241788864,0.05000000074505806,0.44851285219192505,0.8416122198104858,23.295692443847656,0.0008282882045023143,,,,
138477568,-0.0004451720742508769,0.7526857256889343,0.03387086093425751,0.05000000074505806,0.0743158757686615,0.30485421419143677,31.256532669067383,0.001971475314348936,,,,
138543104,0.0002621295861899853,0.6653593182563782,0.029941175132989883,0.05000000074505806,0.10973770171403885,0.4261302649974823,26.38620376586914,0.00017120371921919286,,,,
138608640,0.0030239522457122803,0.6742312908172607,0.03034040704369545,0.05000000074505806,0.10221350193023682,0.20142407715320587,25.297679901123047,3.091146572842263e-05,,,,
138674176,0.0019140522927045822,1.4833195209503174,0.06674937903881073,0.05000000074505806,0.15887509286403656,0.21866999566555023,29.81098747253418,1.3371070053835865e-05,,,,
138739712,-0.0019121916266158223,0.8929584622383118,0.04018313065171242,0.05000000074505806,0.08177320659160614,0.1288101077079773,24.0247859954834,5.95719538978301e-05,,,,
138805248,-0.00016152230091392994,0.49414581060409546,0.02223656326532364,0.05000000074505806,0.11027854681015015,0.14804306626319885,23.30909538269043,0.0005492233904078603,-24.393428802490234,,0.07734303921461105,
138870784,0.0015025848988443613,0.5222743153572083,0.023502342402935028,0.05000000074505806,0.07567599415779114,0.12784981727600098,24.55182647705078,0.0001498370838817209,,,,
138936320,0.0002913745120167732,1.1378759145736694,0.051204413175582886,0.05000000074505806,0.08326682448387146,0.09775292128324509,23.79159164428711,7.448585529346019e-05,,,,
139001856,-0.0002636269200593233,1.1117751598358154,0.05002988502383232,0.05000000074505806,0.12584081292152405,0.09656229615211487,27.460956573486328,2.2574811737285927e-05,,,,
139067392,0.0005835834890604019,0.638160228729248,0.02871721237897873,0.05000000074505806,0.06248822063207626,0.09344726800918579,27.397693634033203,0.00012259847426321357,,,,
139132928,-7.327180355787277e-05,0.5804643034934998,0.02612089365720749,0.05000000074505806,0.07935820519924164,0.09885090589523315,19.903240203857422,0.00011018271470675245,,,,
139198464,0.0007379823364317417,0.5935326218605042,0.026708967983722687,0.05000000074505806,0.07852823287248611,0.1267615258693695,23.11777114868164,7.508545968448743e-05,,,,
139264000,-0.0012669332791119814,0.9047012329101562,0.04071155562996864,0.05000000074505806,0.05132449418306351,0.14268848299980164,22.162691116333008,3.827010004897602e-05,,,,
139329536,-0.0013140682131052017,0.5960662364959717,0.026822984218597412,0.05000000074505806,0.06554526090621948,0.19180843234062195,23.711837768554688,7.743624883005396e-05,-35.713768005371094,-37.36112976074219,0.013487475924193859,0.00390625
139395072,0.005186816677451134,3.4007906913757324,0.15303558111190796,0.05000000074505806,0.02870166301727295,0.11535006761550903,40.033203125,3.0683302611578256e-05,,,,
139460608,0.00034410733496770263,3.7224509716033936,0.1675102859735489,0.05000000074505806,0.002260715002194047,0.061824869364500046,28.34097671508789,1.2414949196681846e-05,,,,
139526144,0.0019458243623375893,3.8508191108703613,0.17328688502311707,0.05000000074505806,0.029433708637952805,0.5063071846961975,31.74921417236328,5.3868229770159815e-06,,,,
139591680,0.0003925735945813358,3.422236680984497,0.1540006399154663,0.05000000074505806,0.018435997888445854,0.11328503489494324,26.70942497253418,8.871040336089209e-06,,,,
139657216,0.001352365012280643,3.4491488933563232,0.1552116870880127,0.05000000074505806,0.013474088162183762,0.45375755429267883,30.353092193603516,1.2498407159000635e-05,,,,
139722752,-0.00011004973202943802,1.492838978767395,0.06717775017023087,0.05000000074505806,0.19835670292377472,0.3238549828529358,30.0567626953125,3.563737845979631e-05,,,,
139788288,-1.96963082998991e-05,0.6700561046600342,0.030152523890137672,0.05000000074505806,0.01613820530474186,0.11900560557842255,24.731651306152344,1.3671586202690378e-05,,,,
139853824,-0.0012212693691253662,1.030776023864746,0.04638491943478584,0.05000000074505806,0.06309879571199417,0.1814006119966507,21.598773956298828,1.6076850442914292e-05,,,,
139919360,0.0003827577456831932,1.6911226511001587,0.07610051333904266,0.05000000074505806,0.1605786383152008,0.3986850678920746,25.4676513671875,8.584502211306244e-06,,,,
139984896,0.0001019556075334549,2.1815714836120605,0.09817072749137878,0.05000000074505806,0.1017303466796875,0.4057769179344177,23.71135711669922,1.4218219803296961e-05,,,,
140050432,0.00011213868856430054,1.2237670421600342,0.05506952106952667,0.05000000074505806,0.34387174248695374,0.3317584693431854,28.783281326293945,0.00018342016846872866,-30.96002769470215,,0.05410122126340866,
140115968,-0.0005349395796656609,1.0127209424972534,0.045572444796562195,0.05000000074505806,0.09832610189914703,0.14381210505962372,24.884092330932617,0.0007068842533044517,,,,
140181504,0.00037047461955808103,0.967508852481842,0.04353790357708931,0.05000000074505806,0.17500147223472595,0.437563419342041,27.35906219482422,0.00011948941391892731,,,,
140247040,0.0011502450797706842,0.9454302787780762,0.04254436120390892,0.05000000074505806,0.17647318542003632,1.276278018951416,26.561758041381836,4.31299013143871e-05,,,,
140312576,-0.0005965002928860486,1.5489375591278076,0.06970220059156418,0.05000000074505806,0.12206170707941055,0.15222659707069397,26.476852416992188,1.6017087546060793e-05,,,,
140378112,-0.0024315081536769867,0.9548905491828918,0.04297007620334625,0.05000000074505806,0.12865954637527466,0.16236458718776703,27.157697677612305,3.6617679143091664e-05,,,,
140443648,-0.0009225890971720219,0.4862983524799347,0.02188342623412609,0.05000000074505806,0.08191322535276413,0.13767686486244202,23.548538208007812,0.0001057033587130718,,,,
140509184,-5.778210470452905e-05,0.48904186487197876,0.022006884217262268,0.05000000074505806,0.06667251884937286,0.09394297003746033,22.798526763916016,0.00013004841457586735,,,,
140574720,-0.0009063968900591135,0.9439177513122559,0.04247630387544632,0.05000000074505806,0.0618748664855957,0.119550421833992,22.12918472290039,4.649531911127269e-05,,,,
140640256,-0.00028169015422463417,0.9253408312797546,0.04164034128189087,0.05000000074505806,0.11096647381782532,0.11723768711090088,25.618446350097656,2.0373472580104135e-05,,,,
140705792,-0.0012482036836445332,0.6686218976974487,0.03008798323571682,0.05000000074505806,0.08071695268154144,0.11352366954088211,23.849565505981445,9.965153731172904e-05,,,,
140771328,-8.173054084181786e-05,0.7319430112838745,0.032937437295913696,0.05000000074505806,0.059442050755023956,0.11305456608533859,19.328550338745117,0.00014309785910882056,-27.992469787597656,,0.021698113530874252,
140836864,0.0002582742599770427,0.997680127620697,0.04489560425281525,0.05000000074505806,0.07088366895914078,0.12888911366462708,24.3641357421875,6.158668838907033e-05,,,,
140902400,-0.0003350090701133013,1.2193114757537842,0.054869018495082855,0.05000000074505806,0.10357154905796051,0.18966513872146606,30.029428482055664,2.819390283548273e-05,,,,
140967936,-0.000458554073702544,0.6819940209388733,0.030689731240272522,0.05000000074505806,0.10993008315563202,0.17513909935951233,26.034687042236328,0.00020079052774235606,,-39.32618713378906,,0.0
141033472,0.008352275937795639,3.4242196083068848,0.15408988296985626,0.05000000074505806,0.025413285940885544,0.06370541453361511,42.89704513549805,2.4832013878040016e-05,,,,
141099008,0.0016060748603194952,3.7345855236053467,0.16805635392665863,0.05000000074505806,0.0026398799382150173,0.14590230584144592,26.311187744140625,1.1629861546680331e-05,,,,
141164544,0.0010017905151471496,3.8155529499053955,0.1716998815536499,0.05000000074505806,0.030390441417694092,0.42944228649139404,24.198375701904297,4.279110726201907e-06,,,,
141230080,0.0013213937636464834,3.4474844932556152,0.1551368236541748,0.05000000074505806,0.012212241068482399,0.08499610424041748,32.2276611328125,9.791678166948259e-06,,,,
141295616,-0.00033340585650876164,3.4283831119537354,0.1542772352695465,0.05000000074505806,0.008985152468085289,0.0871916338801384,25.96385955810547,1.1754973456845619e-05,,,,
141361152,-0.001995521131902933,1.5351457595825195,0.06908155977725983,0.05000000074505806,0.23306533694267273,0.3381141424179077,29.12210464477539,3.425111572141759e-05,-41.80515670776367,,0.0020964359864592552,
141426688,0.003706293413415551,0.6350157856941223,0.028575707226991653,0.05000000074505806,0.007355134468525648,0.07377557456493378,32.963619232177734,1.3404415767581668e-05,,,,
141492224,0.003684015478938818,1.3427311182022095,0.060422901064157486,0.05000000074505806,0.04484860971570015,0.08862994611263275,36.344181060791016,9.120041795540601e-06,,,,
141557760,0.00033097201958298683,2.019617795944214,0.090882807970047,0.05000000074505806,0.09495405852794647,0.5531758069992065,25.645675659179688,6.623836725339061e-06,,,,
141623296,-0.0005535655654966831,2.517875909805298,0.11330441385507584,0.05000000074505806,0.07200164347887039,0.1793668121099472,24.682415008544922,1.3908245819038711e-05,,,,
141688832,-0.00025208317674696445,1.4585816860198975,0.06563617289066315,0.05000000074505806,0.2443035989999771,0.4030245840549469,28.118627548217773,0.0001744846231304109,,,,
141754368,-0.0005982364527881145,1.306532621383667,0.05879397317767143,0.05000000074505806,0.06844618916511536,0.1360204964876175,23.189781188964844,0.0007061068899929523,,,,
141819904,0.0003917701542377472,1.3119584321975708,0.05903813615441322,0.05000000074505806,0.06570397317409515,0.33912795782089233,23.671306610107422,0.00012994023563805968,,,,
141885440,0.0010200785472989082,1.146572470664978,0.051595766097307205,0.05000000074505806,0.05538022145628929,0.13997451961040497,30.011533737182617,1.9774033717112616e-05,,,,
141950976,0.0001159904059022665,1.6679718494415283,0.07505873590707779,0.05000000074505806,0.11339026689529419,0.8645788431167603,25.940776824951172,1.3119994036969729e-05,,,,
142016512,-0.002479907590895891,1.0012669563293457,0.0450570173561573,0.05000000074505806,0.07000519335269928,0.1909240186214447,24.0499267578125,3.5643875889945775e-05,,,,
142082048,-0.00034024601336568594,0.515372633934021,0.023191768676042557,0.05000000074505806,0.06136852502822876,0.12033362686634064,26.803672790527344,0.0001121439563576132,,,,
142147584,-0.0005237602163106203,0.5463762283325195,0.024586930871009827,0.05000000074505806,0.04365652799606323,0.1548956334590912,22.302352905273438,0.00010288806515745819,,,,
142213120,0.0014339127810671926,1.1397311687469482,0.05128790810704231,0.05000000074505806,0.09204773604869843,0.1037064865231514,24.304609298706055,5.286671512294561e-05,,,,
142278656,-0.0017448409926146269,0.9980599284172058,0.04491269588470459,0.05000000074505806,0.08202178031206131,0.12204093486070633,20.90022087097168,1.7753412976162508e-05,,,,
142344192,-0.0009941902244463563,0.69174724817276,0.031128626316785812,0.05000000074505806,0.09958980977535248,0.08682727068662643,22.007951736450195,8.108761539915577e-05,,,,
142409728,0.0002500597620382905,0.8106021285057068,0.03647709637880325,0.05000000074505806,0.03622077405452728,0.07927732169628143,23.37026596069336,0.00016950920689851046,,,,
142475264,-0.0011273338459432125,1.3032300472259521,0.05864536017179489,0.05000000074505806,0.0454113632440567,0.09684401005506516,21.786663055419922,5.6798275181790814e-05,,,,
142540800,-0.0004993212642148137,1.0458862781524658,0.0470648854970932,0.05000000074505806,0.08198751509189606,0.16942162811756134,25.448097229003906,3.674241452245042e-05,-23.425153732299805,,0.09589041024446487,
142606336,0.002457311376929283,0.9003223776817322,0.0405145138502121,0.05000000074505806,0.05065897852182388,0.18098722398281097,30.286720275878906,0.0003041546733584255,,-39.06827926635742,,0.0029296875
142671872,0.007460035849362612,3.408888578414917,0.1534000039100647,0.05000000074505806,0.044455818831920624,0.33670365810394287,41.55419921875,2.4575270799687132e-05,,,,
142737408,0.0004917931510135531,3.680612564086914,0.16562756896018982,0.05000000074505806,0.002294762060046196,0.13093169033527374,29.050203323364258,1.2898197383037768e-05,,,,
142802944,0.0009186186362057924,3.6530208587646484,0.16438594460487366,0.05000000074505806,0.01708701252937317,0.1927812099456787,26.67259407043457,4.2555443542369176e-06,,,,
142868480,-0.0007424964569509029,3.2054903507232666,0.14424706995487213,0.05000000074505806,0.012291369959712029,0.12192098051309586,26.394397735595703,1.200968381454004e-05,,,,
142934016,0.0015148662496358156,3.141334056854248,0.14136004447937012,0.05000000074505806,0.005481394473463297,0.1452837586402893,29.807575225830078,9.536628567730077e-06,,,,
142999552,0.0005468956078402698,1.3696041107177734,0.0616321861743927,0.05000000074505806,0.1915026307106018,0.30039265751838684,32.271873474121094,3.5260312870377675e-05,-34.08515548706055,,0.0008169934735633433,
143065088,0.0015876544639468193,0.5930802822113037,0.02668861299753189,0.05000000074505806,0.009400131180882454,0.0735950842499733,32.2926025390625,1.6822779798530973e-05,,,,
143130624,-0.0002139359712600708,1.081342339515686,0.048660408705472946,0.05000000074505806,0.09133589267730713,0.4687019884586334,22.39615821838379,1.0065741662401706e-05,,,,
143196160,0.0022151246666908264,1.75345778465271,0.0789056047797203,0.05000000074505806,0.13832873106002808,1.0971980094909668,29.147817611694336,6.6230841184733436e-06,,,,
143261696,-0.0009359794203191996,1.7630765438079834,0.0793384462594986,0.05000000074505806,0.08058184385299683,0.33025312423706055,23.044416427612305,1.0310729521734174e-05,,,,
143327232,-0.0020777289755642414,1.0359845161437988,0.04661930352449417,0.05000000074505806,0.10262325406074524,0.16878962516784668,25.522769927978516,0.0002583051682449877,,,,
143392768,0.0003676353953778744,0.9060877561569214,0.04077395051717758,0.05000000074505806,0.06671500205993652,0.1625394970178604,27.057035446166992,0.0006683028186671436,,,,
143458304,-0.00039206459769047797,0.8424360752105713,0.037909623235464096,0.05000000074505806,0.1424650251865387,0.4987572729587555,23.89580535888672,7.28375744074583e-05,,,,
143523840,0.0027830887120217085,1.2546381950378418,0.056458719074726105,0.05000000074505806,0.15885785222053528,1.2007575035095215,34.27854537963867,1.625074219191447e-05,,,,
143589376,-0.0014759359182789922,1.1692770719528198,0.05261746793985367,0.05000000074505806,0.10829851031303406,0.12394116073846817,26.446842193603516,2.095855597872287e-05,,,,
143654912,-0.0016437249723821878,0.7098482847213745,0.031943172216415405,0.05000000074505806,0.09679394960403442,0.14374782145023346,24.760894775390625,8.923486893763766e-05,,,,
143720448,6.280482921283692e-05,0.5340293645858765,0.024031320586800575,0.05000000074505806,0.07241157442331314,0.5932180285453796,25.16434669494629,0.00022875139256939292,,,,
143785984,-0.0002565758768469095,0.6339119672775269,0.02852603979408741,0.05000000074505806,0.06415475159883499,0.1537352055311203,23.788915634155273,6.816732638981193e-05,,,,
143851520,-0.0022262781858444214,0.5085192918777466,0.022883368656039238,0.05000000074505806,0.09705633670091629,0.15625432133674622,25.426414489746094,3.640201248344965e-05,-21.476665496826172,,0.029972752556204796,
143917056,0.0005323945078998804,0.7688938975334167,0.03460022434592247,0.05000000074505806,0.15813572704792023,0.1799718737602234,25.715478897094727,8.570615318603814e-05,,,,
143982592,-0.0005532408249564469,0.6699275374412537,0.03014674037694931,0.05000000074505806,0.08675709366798401,0.12022735923528671,22.443395614624023,4.4576645450433716e-05,,,,
144048128,0.00013238098472356796,0.6824055314064026,0.030708247795701027,0.05000000074505806,0.08050728589296341,0.13669154047966003,23.761051177978516,0.00015956541756168008,,,,
144113664,0.0015102250035852194,1.2960394620895386,0.05832177773118019,0.05000000074505806,0.08753647655248642,0.1505521535873413,27.58744239807129,6.782119453419e-05,,,,
144179200,-0.001221165293827653,1.0744624137878418,0.04835081100463867,0.05000000074505806,0.12190864980220795,0.12314220517873764,29.261661529541016,2.2999342036200687e-05,,,,
144244736,-0.0010020732879638672,0.6867398023605347,0.030903290957212448,0.05000000074505806,0.07491208612918854,0.12173023819923401,21.56644630432129,0.00012021798465866596,,-39.18235778808594,,0.0009765625
144310272,0.006149365566670895,3.4924867153167725,0.1571618914604187,0.05000000074505806,0.03871871531009674,0.24364857375621796,33.671142578125,2.3246524506248534e-05,,,,
144375808,-5.42269553989172e-05,3.7796988487243652,0.17008647322654724,0.05000000074505806,0.0016187337459996343,0.1240188404917717,33.21350860595703,8.70581698109163e-06,,,,
144441344,0.000305462657706812,3.803037643432617,0.17113669216632843,0.05000000074505806,0.028054291382431984,0.177406907081604,23.763851165771484,4.499489932641154e-06,,,,
144506880,-0.0003207579720765352,3.4022979736328125,0.15310342609882355,0.05000000074505806,0.009786061942577362,0.11878473311662674,26.133678436279297,1.0141278835362755e-05,,,,
144572416,0.0009262365056201816,3.3937573432922363,0.15271909534931183,0.05000000074505806,0.0033958135172724724,0.07123301178216934,32.354915618896484,1.2589603102242108e-05,,,,
144637952,0.0007887096144258976,1.488938570022583,0.06700222939252853,0.05000000074505806,0.19341358542442322,0.3397069275379181,32.15398025512695,3.592332359403372e-05,-39.599483489990234,,0.012673506513237953,
144703488,0.00038639095146209,0.6315979361534119,0.028421906754374504,0.05000000074505806,0.01386176235973835,0.09976747632026672,27.86390495300293,1.5741801689728163e-05,,,,
144769024,-0.00017545389709994197,1.0687124729156494,0.048092059791088104,0.05000000074505806,0.07870359718799591,0.11490527540445328,24.445714950561523,1.0623708476487081e-05,,,,
144834560,0.0003465837799012661,1.65195894241333,0.0743381530046463,0.05000000074505806,0.10167594999074936,0.1376410722732544,21.675357818603516,9.638645678933244e-06,,,,
144900096,-0.0006868753116577864,2.0857067108154297,0.0938568040728569,0.05000000074505806,0.058687880635261536,0.4681915044784546,23.24854278564453,1.1730764526873827e-05,,,,
144965632,-0.00240164902061224,1.1836780309677124,0.053265515714883804,0.05000000074505806,0.20340599119663239,0.3240518569946289,23.08211898803711,0.00015240559878293425,,,,
145031168,-0.00010668416507542133,0.9442672729492188,0.042492032051086426,0.05000000074505806,0.06578286737203598,0.11752689629793167,26.663480758666992,0.00042226581717841327,,,,
145096704,0.0004678012919612229,0.8845658898353577,0.039805468171834946,0.05000000074505806,0.11045226454734802,0.5738871097564697,28.10982322692871,8.355391764780506e-05,,,,
145162240,0.00020875968039035797,1.1497102975845337,0.05173696205019951,0.05000000074505806,0.08829838782548904,0.1639009714126587,27.33440589904785,3.306609141873196e-05,,,,
145227776,-0.0006326851435005665,1.6497225761413574,0.07423751056194305,0.05000000074505806,0.11401572823524475,0.572189211845398,23.818695068359375,1.3237779967312235e-05,,,,
145293312,-0.0019356468692421913,0.9375463724136353,0.0421895906329155,0.05000000074505806,0.07114322483539581,0.08485431969165802,29.533504486083984,3.911045496352017e-05,,,,
145358848,-0.0014285268262028694,0.5176405906677246,0.02329382672905922,0.05000000074505806,0.03324389085173607,0.15667083859443665,23.19108772277832,9.922112803906202e-05,,,,
145424384,-0.0002343968953937292,0.44630929827690125,0.020083919167518616,0.05000000074505806,0.0533527135848999,0.10298874974250793,20.571372985839844,5.555001553148031e-05,,,,
145489920,-0.0006232983432710171,0.4710591733455658,0.021197665482759476,0.05000000074505806,0.06008843332529068,0.3818516433238983,24.02640151977539,3.236736301914789e-05,-20.857481002807617,,0.046210721135139465,
145555456,0.0013151071034371853,1.1447601318359375,0.05151420831680298,0.05000000074505806,0.20325681567192078,0.5412700176239014,25.254261016845703,4.092441304237582e-05,,,,
145620992,-0.0007830720860511065,0.7342442274093628,0.03304099291563034,0.05000000074505806,0.17644454538822174,0.17562618851661682,26.459182739257812,3.1777366530150175e-05,,,,
145686528,0.00021369551541283727,0.8744094371795654,0.039348430931568146,0.05000000074505806,0.08354417979717255,0.13509532809257507,23.269775390625,0.00011257597361691296,,,,
145752064,-4.526739940047264e-05,1.2864675521850586,0.057891033589839935,0.05000000074505806,0.07761143893003464,0.12381382286548615,27.537818908691406,5.694796345778741e-05,,,,
145817600,-0.002021689200773835,1.3886804580688477,0.062490615993738174,0.05000000074505806,0.09779247641563416,0.10371378809213638,27.398296356201172,3.186280810041353e-05,,,,
145883136,-0.0017492779297754169,0.6940890550613403,0.031234007328748703,0.05000000074505806,0.10894447565078735,0.12786506116390228,24.586040496826172,0.00024097657296806574,,-39.759037017822266,,0.0
145948672,0.008398295380175114,3.532015323638916,0.15894070267677307,0.05000000074505806,0.043938420712947845,0.4383229613304138,34.18132400512695,2.724534715525806e-05,,,,
146014208,0.000984450802206993,3.8027420043945312,0.17112340033054352,0.05000000074505806,0.0015064723556861281,0.1066344678401947,34.360496520996094,1.328472080786014e-05,,,,
146079744,0.0006538652814924717,3.708151340484619,0.16686682403087616,0.05000000074505806,0.025194386020302773,0.17479488253593445,26.959814071655273,5.01133899888373e-06,,,,
146145280,-0.00032008555717766285,3.3907487392425537,0.15258370339870453,0.05000000074505806,0.01703047752380371,0.26890671253204346,21.729644775390625,8.08633012638893e-06,,,,
146210816,0.0012682599481195211,3.2789459228515625,0.14755257964134216,0.05000000074505806,0.011411409825086594,0.07857247442007065,23.21718406677246,9.982320079870988e-06,,,,
146276352,-0.002420848235487938,1.411252737045288,0.06350637972354889,0.05000000074505806,0.1964995414018631,0.20788493752479553,29.920146942138672,4.2148185457335785e-05,-36.68572998046875,,0.02107279561460018,
146341888,0.0011971822241321206,0.508736789226532,0.022893156856298447,0.05000000074505806,0.016400914639234543,0.25452306866645813,29.5008487701416,1.7350283087580465e-05,,,,
146407424,-2.365768887102604e-05,0.812106192111969,0.03654477745294571,0.05000000074505806,0.053591448813676834,0.4782489240169525,25.096799850463867,1.1207477655261755e-05,,,,
146472960,0.002559678629040718,1.7467612028121948,0.07860425859689713,0.05000000074505806,0.10737589001655579,0.1516239047050476,32.05475616455078,8.754513146413956e-06,,,,
146538496,-1.3629905879497528e-06,1.1438145637512207,0.05147165432572365,0.05000000074505806,0.060957666486501694,0.20790688693523407,22.57207489013672,1.5898593119345605e-05,,,,
146604032,-0.0009598570759408176,0.787531316280365,0.035438910126686096,0.05000000074505806,0.05699886754155159,0.1565089374780655,30.555553436279297,0.0007374893757514656,,,,
146669568,0.000865330221131444,0.6482300758361816,0.029170354828238487,0.05000000074505806,0.04549768567085266,0.14949609339237213,31.03148651123047,0.0008309744880534708,,,,
146735104,0.0003129802644252777,0.5996752977371216,0.02698538824915886,0.05000000074505806,0.05255778878927231,0.10956082493066788,23.888809204101562,0.00014430680312216282,,,,
146800640,-0.001529628993012011,0.9188622832298279,0.04134880378842354,0.05000000074505806,0.06830868124961853,0.09050622582435608,20.19243621826172,4.895738311461173e-05,,,,
146866176,-0.001026396406814456,1.2151517868041992,0.05468183010816574,0.05000000074505806,0.05184336379170418,0.10330016165971756,26.56209945678711,1.7702712284517474e-05,,,,
146931712,-0.001162470318377018,0.7201763391494751,0.032407939434051514,0.05000000074505806,0.07091905176639557,0.1754026710987091,27.083696365356445,0.00014831127191428095,-30.570032119750977,,0.02278481051325798,
146997248,-0.00018259091302752495,0.5056797862052917,0.022755589336156845,0.05000000074505806,0.03600871190428734,0.10387064516544342,23.92217254638672,0.0005402671522460878,,,,
147062784,-0.0005571912042796612,0.512223482131958,0.023050058633089066,0.05000000074505806,0.046850867569446564,0.08809968084096909,21.165210723876953,0.00014575872046407312,,,,
147128320,-0.0008553788065910339,0.5115227699279785,0.023018525913357735,0.05000000074505806,0.052223317325115204,0.09455494582653046,21.97594451904297,5.6838915043044835e-05,,,,
147193856,-3.0757859349250793e-05,0.8453713655471802,0.03804170712828636,0.05000000074505806,0.1306895911693573,0.6335998773574829,22.3619327545166,6.159315671538934e-05,,,,
147259392,-0.0004925387329421937,0.6039933562278748,0.027179701253771782,0.05000000074505806,0.09443562477827072,0.1819041222333908,27.664854049682617,7.341655873460695e-05,,,,
147324928,0.0033127127680927515,0.6198412179946899,0.027892857789993286,0.05000000074505806,0.04228287190198898,0.11301825940608978,31.054492950439453,0.0002180322480853647,,,,
147390464,0.0001694342354312539,0.5195747017860413,0.023380862548947334,0.05000000074505806,0.06442124396562576,0.0838945135474205,25.449604034423828,8.899482054403052e-05,,,,
147456000,-0.00048188772052526474,1.2313315868377686,0.05540992319583893,0.05000000074505806,0.11469749361276627,0.15992698073387146,28.618637084960938,2.3879712898633443e-05,,,,
147521536,-0.0013653882779181004,0.7551975846290588,0.03398388996720314,0.05000000074505806,0.12028851360082626,0.40719008445739746,25.632627487182617,0.00014995023957453668,-30.27304458618164,-37.277530670166016,0.022084806114435196,0.001953125
147587072,0.0020468158181756735,3.3638720512390137,0.15137425065040588,0.05000000074505806,0.0442657545208931,0.5040114521980286,40.30699920654297,2.56531493505463e-05,,,,
147652608,0.002044033259153366,3.7016096115112305,0.1665724515914917,0.05000000074505806,0.003193320706486702,0.15925970673561096,31.837087631225586,1.3926711289968807e-05,,,,
147718144,0.002300105756148696,3.632063865661621,0.16344287991523743,0.05000000074505806,0.02828672155737877,0.284450888633728,29.233963012695312,5.5919354053912684e-06,,,,
147783680,0.0016055169980973005,3.1804537773132324,0.1431204378604889,0.05000000074505806,0.011438971385359764,0.13080748915672302,34.06837463378906,5.8241876104148105e-06,,,,
147849216,0.0025360696017742157,3.1759033203125,0.14291565120220184,0.05000000074505806,0.003368847770616412,0.0772353783249855,39.6446418762207,1.3741315342485905e-05,,,,
147914752,-0.0003992192796431482,1.3906776905059814,0.06258048862218857,0.05000000074505806,0.2283124029636383,0.4122498035430908,36.12775802612305,4.437661846168339e-05,,,,
147980288,0.0019505420932546258,0.6806730031967163,0.030630288645625114,0.05000000074505806,0.01121535524725914,0.188242107629776,36.07390213012695,1.6749247151892632e-05,,,,
148045824,-0.0008741398341953754,1.144216775894165,0.051489751785993576,0.05000000074505806,0.048717521131038666,0.3937629163265228,23.36440658569336,1.4448702131630853e-05,,,,
148111360,0.00033691897988319397,2.2648701667785645,0.10191915929317474,0.05000000074505806,0.0721089094877243,0.3198561668395996,22.547021865844727,9.523669177724514e-06,,,,
148176896,0.0006531075341627002,1.8133831024169922,0.08160224556922913,0.05000000074505806,0.06857269257307053,0.40007418394088745,24.406116485595703,1.3257134014565963e-05,,,,
148242432,-0.0016769671346992254,0.8676412105560303,0.0390438586473465,0.05000000074505806,0.0964680090546608,0.24605557322502136,27.389877319335938,0.001449802191928029,-31.932527542114258,,0.01678445190191269,
148307968,0.0002995964605361223,0.6929344534873962,0.031182050704956055,0.05000000074505806,0.05380004644393921,0.22517696022987366,31.240921020507812,0.002152214292436838,,,,
148373504,-0.00018811027985066175,0.6058396100997925,0.027262786403298378,0.05000000074505806,0.05965296924114227,0.10793071240186691,22.4405460357666,0.00015981537580955774,,,,
148439040,0.00022745621390640736,0.7696241140365601,0.0346330851316452,0.05000000074505806,0.03572269529104233,0.09885719418525696,21.41286277770996,5.02917573612649e-05,,,,
148504576,-0.0007031912682577968,1.0764093399047852,0.0484384223818779,0.05000000074505806,0.08705973625183105,0.08587653934955597,23.65053939819336,1.7063122868421488e-05,,,,
148570112,-9.368511382490396e-05,0.7641416192054749,0.034386374056339264,0.05000000074505806,0.09151273965835571,0.15436206758022308,33.74201583862305,8.027011062949896e-05,,,,
148635648,-0.0010437611490488052,0.49510854482650757,0.022279884666204453,0.05000000074505806,0.07057523727416992,0.14147138595581055,18.860694885253906,0.0010020695626735687,,,,
148701184,-0.0005448565352708101,0.5282620191574097,0.023771794512867928,0.05000000074505806,0.07112374901771545,0.17106135189533234,20.097946166992188,0.0005008461885154247,,,,
148766720,-0.00010993005707859993,0.5178633332252502,0.02330384962260723,0.05000000074505806,0.08667901158332825,0.14192253351211548,23.17999267578125,0.00010360551095800474,-25.475749969482422,,0.019305018708109856,
148832256,-0.0005371250445023179,1.252363920211792,0.05635637789964676,0.05000000074505806,0.05057556927204132,0.0983109101653099,28.209453582763672,0.00011316744348732755,,,,
148897792,-0.001764278975315392,1.001766324043274,0.045079488307237625,0.05000000074505806,0.10875613987445831,0.0962124839425087,29.505905151367188,2.8427772122086026e-05,,,,
148963328,-0.001312431413680315,0.5434423089027405,0.024454906582832336,0.05000000074505806,0.10657259076833725,0.588228702545166,22.939802169799805,0.00018506951164454222,,,,
149028864,0.001436267513781786,0.710773229598999,0.03198479861021042,0.05000000074505806,0.0708702951669693,0.19057589769363403,25.88803482055664,0.00016502283688168973,,,,
149094400,-0.0024460407439619303,0.8272473812103271,0.03722613677382469,0.05000000074505806,0.08284835517406464,0.14273372292518616,29.69355583190918,4.0329687180928886e-05,,,,
149159936,0.00035714401747100055,0.5883470773696899,0.026475615799427032,0.05000000074505806,0.13729438185691833,0.15748025476932526,28.044979095458984,0.0002278980246046558,,-39.94478988647461,,0.0
149225472,0.004175785928964615,3.4848227500915527,0.15681703388690948,0.05000000074505806,0.06281083822250366,0.5847840905189514,34.986366271972656,2.3969887479324825e-05,,,,
149291008,0.001399071654304862,3.740381956100464,0.16831718385219574,0.05000000074505806,0.004193407017737627,0.30825141072273254,31.014619827270508,1.1192804777238052e-05,,,,
149356544,0.0026388135738670826,3.755190134048462,0.1689835786819458,0.05000000074505806,0.04945255070924759,0.25268834829330444,27.367168426513672,5.316623173712287e-06,,,,
149422080,0.0016029253602027893,3.404658794403076,0.1532096415758133,0.05000000074505806,0.02098831906914711,0.16467227041721344,24.389184951782227,1.0384333108959254e-05,,,,
149487616,0.002266181632876396,3.369825839996338,0.15164217352867126,0.05000000074505806,0.01751752197742462,0.10163098573684692,28.726167678833008,8.994479685497936e-06,,,,
149553152,-0.0004360722377896309,1.436737298965454,0.0646531730890274,0.05000000074505806,0.1725073754787445,0.22834981977939606,28.662216186523438,3.569881300791167e-05,-37.04856872558594,,0.010286553762853146,
149618688,-0.0006599947810173035,0.7386218905448914,0.03323798626661301,0.05000000074505806,0.012754964642226696,0.10901030898094177,25.52127456665039,1.6463980500702746e-05,,,,
149684224,-0.0015755178174003959,1.3292653560638428,0.05981694534420967,0.05000000074505806,0.04325243830680847,0.10402100533246994,23.129703521728516,1.0124190339411143e-05,,,,
149749760,0.0018560114549472928,2.239013671875,0.10075562447309494,0.05000000074505806,0.11447945982217789,0.8319501876831055,27.878602981567383,9.04019907466136e-06,,,,
149815296,0.001547137857414782,2.4478554725646973,0.11015351116657257,0.05000000074505806,0.07659261673688889,0.28400903940200806,26.62255096435547,1.5547389921266586e-05,,,,
149880832,-0.002480277791619301,1.121978521347046,0.050489041954278946,0.05000000074505806,0.2933446764945984,0.23024073243141174,21.754972457885742,0.0008178161806426942,,,,
149946368,-0.000814559985883534,0.8423606753349304,0.037906233221292496,0.05000000074505806,0.07933123409748077,0.17630301415920258,21.768611907958984,0.00170088408049196,,,,
150011904,0.000599368941038847,0.7537979483604431,0.03392091020941734,0.05000000074505806,0.13784697651863098,0.4834340810775757,24.693111419677734,0.00016749268979765475,,,,
150077440,0.0012071884702891111,1.3512049913406372,0.06080423295497894,0.05000000074505806,0.09917415678501129,0.21216465532779694,22.479217529296875,6.14249802310951e-05,,,,
150142976,-2.11048754863441e-05,1.6719551086425781,0.07523798197507858,0.05000000074505806,0.11446969211101532,0.1415487676858902,22.484317779541016,1.89830461749807e-05,,,,
150208512,-0.0030866204760968685,0.9562212228775024,0.04302995651960373,0.05000000074505806,0.08047311753034592,0.09148511290550232,23.133865356445312,6.40385624137707e-05,,,,
150274048,0.00036479049595072865,0.5646712779998779,0.025410208851099014,0.05000000074505806,0.08067022264003754,0.09628932923078537,27.66144561767578,0.0003868616768158972,,,,
150339584,0.001180840888991952,0.5865638256072998,0.026395371183753014,0.05000000074505806,0.06481197476387024,0.11185572296380997,25.5844783782959,0.00019644861458800733,,,,
150405120,-0.0017504694405943155,0.6520500183105469,0.029342252761125565,0.05000000074505806,0.09509357064962387,0.11722647398710251,24.919052124023438,5.980409696348943e-05,-20.487356185913086,,0.06845513731241226,
150470656,-4.5050925109535456e-05,0.781360387802124,0.03516121953725815,0.05000000074505806,0.08333080261945724,0.09676682204008102,26.616161346435547,0.0001073807361535728,,,,
150536192,-0.0001934906467795372,0.5843819975852966,0.0262971930205822,0.05000000074505806,0.14271068572998047,0.49152031540870667,28.69599151611328,4.5861997932661325e-05,,,,
150601728,-0.0002442318946123123,0.5593627095222473,0.025171324610710144,0.05000000074505806,0.1071767508983612,0.3967938721179962,23.768600463867188,9.865860920399427e-05,,,,
150667264,0.0005216146819293499,0.9139441251754761,0.041127488017082214,0.05000000074505806,0.09117963910102844,0.18329890072345734,22.64708709716797,9.012744703795761e-05,,,,
150732800,-0.000815939623862505,0.6525295972824097,0.029363835230469704,0.05000000074505806,0.10966175049543381,0.6636648774147034,25.75749397277832,2.3731612600386143e-05,,,,
150798336,-0.002538080792874098,0.6692115068435669,0.030114522203803062,0.05000000074505806,0.07708699256181717,0.17476093769073486,23.395620346069336,0.00015323211846407503,,-39.09330368041992,,0.0009765625
150863872,0.01744242012500763,3.4178099632263184,0.15380144119262695,0.05000000074505806,0.03970806300640106,0.1801626980304718,32.24955368041992,2.544513699831441e-05,,,,
150929408,0.0006766524165868759,3.863919496536255,0.17387637495994568,0.05000000074505806,0.0017665139166638255,0.23843130469322205,33.06871795654297,1.1835001714644022e-05,,,,
150994944,0.0007543591782450676,3.8744473457336426,0.17435012757778168,0.05000000074505806,0.048705071210861206,0.24501366913318634,23.492361068725586,4.660185368265957e-06,,,,
151060480,0.0011393539607524872,3.651637315750122,0.16432368755340576,0.05000000074505806,0.014076804742217064,0.09794644266366959,22.543596267700195,7.16889371688012e-06,,,,
151126016,0.0014022518880665302,3.700286626815796,0.16651292145252228,0.05000000074505806,0.008818775415420532,0.48424869775772095,31.21685791015625,9.978219168260694e-06,,,,
151191552,0.0048769512213766575,1.5716137886047363,0.07072262465953827,0.05000000074505806,0.21158704161643982,0.17199425399303436,33.936649322509766,4.085614637006074e-05,-43.07699966430664,,0.001936733373440802,
151257088,-0.001203683903440833,0.7149669528007507,0.0321735143661499,0.05000000074505806,0.010484602302312851,0.11311917006969452,22.381681442260742,1.9923438230762258e-05,,,,
151322624,0.000923486310057342,1.0655332803726196,0.04794899374246597,0.05000000074505806,0.0496504120528698,0.09079299867153168,27.29812240600586,1.0528595339565072e-05,,,,
151388160,0.0017963931895792484,1.9283883571624756,0.0867774710059166,0.05000000074505806,0.134076789021492,0.9870223999023438,26.264999389648438,8.492291271977592e-06,,,,
151453696,0.002565473783761263,1.5289411544799805,0.0688023492693901,0.05000000074505806,0.10234049707651138,0.5653393268585205,28.713214874267578,1.2160942787886597e-05,,,,
151519232,0.00023660296574234962,0.9458714723587036,0.04256421700119972,0.05000000074505806,0.09589777886867523,0.3795577585697174,26.975942611694336,0.0005941622657701373,,,,
151584768,-0.0016357327112928033,0.7608135938644409,0.034236613661050797,0.05000000074505806,0.08940920233726501,0.15382568538188934,21.436304092407227,0.000997990369796753,,,,
151650304,0.0008100778795778751,0.6935044527053833,0.031207703053951263,0.05000000074505806,0.11297628283500671,0.8495365381240845,27.728164672851562,0.00011516637459862977,,,,
151715840,-0.0002661207690834999,1.005922794342041,0.0452665276825428,0.05000000074505806,0.14684371650218964,0.45361989736557007,26.1381893157959,2.0604360543075018e-05,,,,
151781376,-0.002368205226957798,0.9109925627708435,0.04099467024207115,0.05000000074505806,0.16401255130767822,0.1769837737083435,20.925085067749023,2.1853633370483294e-05,,,,
151846912,-0.0013208818854764104,0.6010277271270752,0.027046246454119682,0.05000000074505806,0.11247606575489044,0.22110669314861298,24.861656188964844,0.0002493330684956163,,,,
151912448,0.0015027089975774288,0.5816227793693542,0.026173025369644165,0.05000000074505806,0.09228421002626419,0.0898522213101387,29.11232566833496,0.0003476585552562028,-31.219858169555664,,0.019999999552965164,
151977984,-0.0006817402318120003,0.6624953150749207,0.029812289401888847,0.05000000074505806,0.10699885338544846,0.14274056255817413,20.364843368530273,6.242687231861055e-05,,,,
152043520,-0.0011297414312139153,0.6088912487030029,0.02740010805428028,0.05000000074505806,0.1563100814819336,0.11829638481140137,27.53055763244629,2.6859976060222834e-05,,,,
152109056,-0.0018541784957051277,0.6339848637580872,0.028529316186904907,0.05000000074505806,0.22504134476184845,0.2016811966896057,23.70897102355957,3.2527270377613604e-05,,,,
152174592,-0.0010395897552371025,0.5695928335189819,0.025631679221987724,0.05000000074505806,0.13894596695899963,0.1365198791027069,21.131010055541992,5.562463411479257e-05,,,,
152240128,0.0002825639385264367,0.499161034822464,0.02246224693953991,0.05000000074505806,0.1364370882511139,0.8686714172363281,27.611345291137695,5.851948299095966e-05,,,,
152305664,-0.0007452217396348715,0.9151468873023987,0.04118161275982857,0.05000000074505806,0.11858703196048737,0.13695316016674042,27.44127655029297,4.594635174726136e-05,,,,
152371200,-0.0020027330610901117,1.477702260017395,0.06649661809206009,0.05000000074505806,0.13621731102466583,0.1253453940153122,23.77618408203125,1.5685676771681756e-05,,,,
152436736,-0.0025080344639718533,0.8004438877105713,0.03601997718214989,0.05000000074505806,0.08040817081928253,0.08151094615459442,22.237043380737305,7.296775584109128e-05,-42.90138244628906,-40.304168701171875,0.015734266489744186,0.0009765625
152502272,0.0006502149626612663,3.438671827316284,0.15474025905132294,0.05000000074505806,0.03388335555791855,0.0657762810587883,30.557079315185547,2.0512970877462067e-05,,,,
152567808,0.0014216317795217037,3.7797441482543945,0.1700884997844696,0.05000000074505806,0.001418951665982604,0.09673488140106201,36.855838775634766,8.373049240617547e-06,,,,
152633344,0.00131884403526783,3.8252065181732178,0.17213429510593414,0.05000000074505806,0.044020723551511765,0.18484175205230713,24.357929229736328,3.656864464574028e-06,,,,
152698880,0.000933900591917336,3.567903757095337,0.1605556756258011,0.05000000074505806,0.013216797262430191,0.11050010472536087,26.913177490234375,1.1963324141106568e-05,,,,
152764416,0.0007506387773901224,3.614326000213623,0.16264469921588898,0.05000000074505806,0.0061998688615858555,0.09538174420595169,28.7969970703125,1.0638874300639145e-05,,,,
152829952,-0.00091214245185256,1.5673930644989014,0.07053269445896149,0.05000000074505806,0.15043899416923523,0.30131784081459045,27.490644454956055,4.027876639156602e-05,,,,
152895488,0.0005984090967103839,0.7058701515197754,0.031764160841703415,0.05000000074505806,0.010108770802617073,0.07185449451208115,23.97110939025879,1.6011139450711198e-05,,,,
152961024,-0.00025526992976665497,1.3898861408233643,0.06254488229751587,0.05000000074505806,0.03263844922184944,0.0742659792304039,25.144920349121094,7.283187187567819e-06,,,,
153026560,-0.00026022351812571287,2.117194652557373,0.09527377039194107,0.05000000074505806,0.03040420450270176,0.19540292024612427,25.22164535522461,6.581822162843309e-06,,,,
153092096,0.0011237745638936758,2.181366443634033,0.0981614962220192,0.05000000074505806,0.020814739167690277,0.12767229974269867,27.687318801879883,8.96603160072118e-06,,,,
153157632,-0.0011914519127458334,1.1652923822402954,0.0524381585419178,0.05000000074505806,0.13097062706947327,0.4724248945713043,25.493488311767578,0.0008285639341920614,-32.17575454711914,,0.025423727929592133,
153223168,0.0001681133289821446,0.971595287322998,0.04372179135680199,0.05000000074505806,0.03420163691043854,0.13131552934646606,29.112823486328125,0.001712788362056017,,,,
153288704,-0.001111428253352642,0.8362846374511719,0.037632815539836884,0.05000000074505806,0.05713585019111633,0.12017865478992462,25.25448226928711,0.0001343697658739984,,,,
153354240,0.0030491903889924288,1.1444119215011597,0.05149853602051735,0.05000000074505806,0.08147359639406204,0.8366903066635132,29.372135162353516,3.611427018768154e-05,,,,
153419776,0.00041420781053602695,1.54990816116333,0.06974586844444275,0.05000000074505806,0.11506585776805878,0.09419234842061996,22.612958908081055,1.0624490641930606e-05,,,,
153485312,0.0007637265371158719,0.889945387840271,0.040047548711299896,0.05000000074505806,0.05684623867273331,0.09062536060810089,32.506805419921875,5.3266056056600064e-05,,,,
153550848,-0.0006788724567741156,0.5663724541664124,0.025486763566732407,0.05000000074505806,0.05483287572860718,0.13233628869056702,21.50591468811035,0.0002695612784009427,,,,
153616384,0.0022479835897684097,0.5694685578346252,0.025626087561249733,0.05000000074505806,0.047832369804382324,0.09785545617341995,27.3267822265625,0.00011787975381594151,,,,
153681920,-0.0005479422397911549,0.6236848831176758,0.028065819293260574,0.05000000074505806,0.06465139240026474,0.09648072719573975,26.170989990234375,5.241477265371941e-05,,,,
153747456,0.00015864497981965542,0.9986969828605652,0.044941361993551254,0.05000000074505806,0.06847219169139862,0.24595746397972107,22.320796966552734,2.1994461349095218e-05,,,,
153812992,-0.0024943030439317226,0.7927013039588928,0.03567156195640564,0.05000000074505806,0.1059996634721756,0.16325782239437103,22.61027717590332,3.2267307688016444e-05,,,,
153878528,0.00015037006232887506,0.5160782337188721,0.0232235174626112,0.05000000074505806,0.06004684418439865,0.10905008763074875,22.410295486450195,0.00010358821600675583,,,,
153944064,0.001414136728271842,0.6137167811393738,0.027617255225777626,0.05000000074505806,0.04908329248428345,0.10141591727733612,22.02503204345703,6.062931788619608e-05,,,,
154009600,-0.0028197041247040033,0.8867834210395813,0.039905257523059845,0.05000000074505806,0.087906613945961,0.18422184884548187,19.872859954833984,2.3305950890062377e-05,-29.393098831176758,,0.017560074105858803,
154075136,-0.001617302419617772,0.6922934651374817,0.031153207644820213,0.05000000074505806,0.048092279583215714,0.22193661332130432,26.806671142578125,0.00030223693465813994,,-39.95060729980469,,0.0009765625
154140672,0.0076158014126122,3.3977105617523193,0.15289698541164398,0.05000000074505806,0.03277549147605896,0.06295255571603775,37.16279602050781,2.213504194514826e-05,,,,
154206208,0.000430293963290751,3.8737192153930664,0.1743173748254776,0.05000000074505806,0.0015610482078045607,0.0848507508635521,29.138240814208984,1.3440035218081903e-05,,,,
154271744,0.0002775774337351322,3.8800859451293945,0.1746038794517517,0.05000000074505806,0.04141724854707718,0.5616767406463623,22.898733139038086,4.584174348565284e-06,,,,
154337280,0.0012610426638275385,3.678325891494751,0.1655246615409851,0.05000000074505806,0.008033627644181252,0.1177239939570427,32.464752197265625,8.650079507788178e-06,,,,
154402816,-0.00037798285484313965,3.7075562477111816,0.16684001684188843,0.05000000074505806,0.0035532102920114994,0.09534464031457901,25.5655574798584,9.535521712678019e-06,,,,
154468352,-0.0009026024490594864,1.609337568283081,0.07242020219564438,0.05000000074505806,0.19358496367931366,0.18183282017707825,29.97568130493164,3.893527900800109e-05,-35.61897659301758,,0.0016038492321968079,
154533888,-0.0005826667184010148,0.825411856174469,0.037143535912036896,0.05000000074505806,0.009630609303712845,0.07122495770454407,26.424816131591797,2.320361090824008e-05,,,,
154599424,0.0004960529040545225,1.037908673286438,0.04670589789748192,0.05000000074505806,0.0694219321012497,0.12808340787887573,23.39927864074707,1.3441750525089446e-05,,,,
154664960,0.0005344187375158072,1.9141968488693237,0.08613885939121246,0.05000000074505806,0.0961327776312828,0.3795230984687805,24.331789016723633,7.642621312697884e-06,,,,
154730496,0.00040029443334788084,2.3113579750061035,0.10401111841201782,0.05000000074505806,0.053377944976091385,0.43427515029907227,23.042755126953125,1.2917251297039911e-05,,,,
154796032,-0.0001893267035484314,1.2161813974380493,0.05472816526889801,0.05000000074505806,0.18698549270629883,0.24819272756576538,26.473310470581055,0.00034847125061787665,,,,
154861568,-0.001139738131314516,0.9265167713165283,0.04169325903058052,0.05000000074505806,0.05168849229812622,0.15486618876457214,24.906599044799805,0.0007194823119789362,,,,
154927104,0.0014027571305632591,0.8479611277580261,0.03815825283527374,0.05000000074505806,0.13122664391994476,0.13320812582969666,25.25469398498535,9.743856935529038e-05,,,,
154992640,0.006084362044930458,1.1886804103851318,0.05349062383174896,0.05000000074505806,0.10436612367630005,0.14245367050170898,33.754905700683594,2.5346445909235626e-05,,,,
155058176,0.000999663257971406,1.2440458536148071,0.0559820681810379,0.05000000074505806,0.0727386623620987,0.11019684374332428,25.61377716064453,1.1642673598544206e-05,,,,
155123712,-0.002156624337658286,0.7595398426055908,0.03417929261922836,0.05000000074505806,0.0632040873169899,0.09232556819915771,29.86367416381836,5.536023309105076e-05,,,,
155189248,0.0001160941319540143,0.5278215408325195,0.02375197224318981,0.05000000074505806,0.04153963923454285,0.10058273375034332,26.782787322998047,0.0002809719881042838,,,,
155254784,0.0006272271275520325,0.6225283741950989,0.02801378071308136,0.05000000074505806,0.04114311933517456,0.12088259309530258,24.287296295166016,0.00013418767775874585,,,,
155320320,-0.0013389263767749071,0.5972943902015686,0.026878250762820244,0.05000000074505806,0.05903644114732742,0.09358366578817368,22.686744689941406,3.756078513106331e-05,-22.652406692504883,,0.06317689269781113,
155385856,-0.0004414403811097145,1.0999279022216797,0.04949675500392914,0.05000000074505806,0.16806408762931824,0.3760555386543274,19.580299377441406,2.1650765120284632e-05,,,,
155451392,-0.001753498101606965,0.6263304948806763,0.02818487212061882,0.05000000074505806,0.0871758908033371,0.12390387058258057,26.40650177001953,2.6266468921676278e-05,,,,
155516928,-0.0006806417950429022,0.5545158386230469,0.024953214451670647,0.05000000074505806,0.06336179375648499,0.11083506792783737,22.175273895263672,8.47204719320871e-05,,,,
155582464,0.0008899233653210104,0.67098069190979,0.030194133520126343,0.05000000074505806,0.052277371287345886,0.09706328809261322,22.762351989746094,8.031274046516046e-05,,,,
155648000,-0.0022772722877562046,0.873833954334259,0.03932252526283264,0.05000000074505806,0.06905034184455872,0.164315864443779,24.235721588134766,2.631490133353509e-05,,,,
155713536,-0.00026418454945087433,0.6641561985015869,0.02988702990114689,0.05000000074505806,0.08115759491920471,0.10639628022909164,23.31329917907715,0.00022759681451134384,,-38.93645477294922,,0.0009765625
155779072,0.0035301409661769867,3.4654760360717773,0.15594641864299774,0.05000000074505806,0.044735055416822433,0.1916956901550293,33.909481048583984,2.262490670545958e-05,,,,
155844608,0.0003091308753937483,3.9796133041381836,0.17908260226249695,0.05000000074505806,0.0014964602887630463,0.18761366605758667,33.4043083190918,1.3062931429885793e-05,,,,
155910144,0.0009793649660423398,4.018457412719727,0.18083059787750244,0.05000000074505806,0.058829549700021744,0.5963260531425476,24.24245834350586,4.6372151700779796e-06,,,,
155975680,0.0004949891590513289,3.81615948677063,0.17172718048095703,0.05000000074505806,0.01571318879723549,0.18042294681072235,27.12030601501465,8.120347956719343e-06,,,,
156041216,0.0021926984190940857,3.8650312423706055,0.17392641305923462,0.05000000074505806,0.0037224753759801388,0.16276562213897705,32.89126205444336,9.463497917749919e-06,,,,
156106752,-0.0002968509215861559,1.701770305633545,0.07657967507839203,0.05000000074505806,0.1539609581232071,0.26240071654319763,27.848867416381836,4.438422547536902e-05,-37.2713623046875,,0.01650540716946125,
156172288,0.0013356261188164353,0.7851130366325378,0.03533008694648743,0.05000000074505806,0.0108952596783638,0.05165483057498932,22.68495750427246,2.504709664208349e-05,,,,
156237824,0.0011774798622354865,0.9715830087661743,0.043721236288547516,0.05000000074505806,0.07593411207199097,0.5866866111755371,27.9993953704834,1.0607546755636577e-05,,,,
156303360,-0.000301864231005311,1.8419588804244995,0.0828881561756134,0.05000000074505806,0.07439900189638138,0.4318346083164215,20.986345291137695,7.680461749259848e-06,,,,
156368896,0.0009656678885221481,2.1372365951538086,0.0961756557226181,0.05000000074505806,0.04025308042764664,0.5240194201469421,27.51824378967285,9.950605090125464e-06,,,,
156434432,-0.0011144119780510664,1.1027064323425293,0.049621790647506714,0.05000000074505806,0.08147250860929489,0.22718122601509094,27.1015625,0.0003097795997746289,,,,
156499968,0.0003967375960201025,0.7884500026702881,0.03548024967312813,0.05000000074505806,0.03933598846197128,0.14096254110336304,26.573970794677734,0.000575156242121011,,,,
156565504,0.00032221851870417595,0.7123801708221436,0.03205711022019386,0.05000000074505806,0.08758792281150818,0.5724908113479614,21.017715454101562,9.83190257102251e-05,,,,
156631040,0.0009081821190193295,1.30592679977417,0.058766718953847885,0.05000000074505806,0.10291115939617157,0.126750648021698,26.426921844482422,3.0349554435815662e-05,,,,
156696576,-0.0014102701097726822,1.121544599533081,0.05046950653195381,0.05000000074505806,0.0901380330324173,0.12910804152488708,25.11762046813965,2.2585993065149523e-05,,,,
156762112,-0.000367236090824008,0.6278526782989502,0.028253372758626938,0.05000000074505806,0.03582128882408142,0.10264776647090912,21.336402893066406,0.00018284970428794622,-28.28169059753418,,0.020370369777083397,
156827648,0.0012932487297803164,0.5091843605041504,0.02291329950094223,0.05000000074505806,0.037857405841350555,0.09334670752286911,27.918964385986328,0.00030991536914370954,,,,
156893184,0.0015698133502155542,0.6502550840377808,0.029261479154229164,0.05000000074505806,0.037520959973335266,0.07758304476737976,19.329952239990234,0.00010269211634295061,,,,
156958720,-0.0006847165059298277,1.191221833229065,0.053604982793331146,0.05000000074505806,0.05135062336921692,0.10102910548448563,23.60165786743164,2.495157787052449e-05,,,,
157024256,-0.0016837951261550188,0.6279599666595459,0.028258202597498894,0.05000000074505806,0.06852750480175018,0.2626090347766876,27.602603912353516,5.4505373555002734e-05,,,,
157089792,0.003281249664723873,0.7107119560241699,0.03198204189538956,0.05000000074505806,0.04629833623766899,0.09147761017084122,21.636266708374023,0.00013857251906301826,,,,
157155328,-0.0015206976095214486,0.5834629535675049,0.026255832985043526,0.05000000074505806,0.09546450525522232,0.09988357126712799,23.377267837524414,3.243074388592504e-05,,,,
157220864,-0.001429889933206141,0.6600889563560486,0.029704004526138306,0.05000000074505806,0.0842730849981308,0.2284117192029953,21.612930297851562,3.205970278941095e-05,,,,
157286400,-0.0008735632291063666,0.6217026710510254,0.027976620942354202,0.05000000074505806,0.1425805538892746,0.6374173760414124,27.103588104248047,2.236777072539553e-05,,,,
157351936,-0.0004969281144440174,0.6989808082580566,0.031454138457775116,0.05000000074505806,0.10186045616865158,0.3346920311450958,27.424890518188477,3.547751111909747e-05,-34.390380859375,-41.066951751708984,0.007419620640575886,0.0
157417472,-0.00028252508491277695,3.5612967014312744,0.16025835275650024,0.05000000074505806,0.026387866586446762,0.0752921998500824,33.11188888549805,2.145356484106742e-05,,,,
157483008,0.0004898831248283386,4.000247001647949,0.18001113831996918,0.05000000074505806,0.0029936719220131636,0.16485722362995148,26.662948608398438,8.511008672940079e-06,,,,
157548544,-7.675390224903822e-05,3.9964308738708496,0.17983940243721008,0.05000000074505806,0.079555444419384,0.6166470050811768,22.218637466430664,3.5205202948418446e-06,,,,
157614080,0.0003132473211735487,3.84157133102417,0.1728707253932953,0.05000000074505806,0.01992366462945938,0.1658775955438614,25.524168014526367,1.3242146451375447e-05,,,,
157679616,0.0007506953552365303,3.9338839054107666,0.17702476680278778,0.05000000074505806,0.011000597849488258,0.5484682321548462,26.350101470947266,9.890335604723077e-06,,,,
157745152,0.001245102845132351,1.7423934936523438,0.07840771973133087,0.05000000074505806,0.17327888309955597,0.3076089918613434,30.07970428466797,5.205391425988637e-05,,,,
157810688,0.0015584558714181185,0.8587144613265991,0.03864214941859245,0.05000000074505806,0.0063904160633683205,0.09818947315216064,30.056699752807617,3.189604831277393e-05,,,,
157876224,0.0018255125032737851,1.2402673959732056,0.055812038481235504,0.05000000074505806,0.03708350658416748,0.07409311830997467,23.576404571533203,1.056798646459356e-05,,,,
157941760,0.0012185713276267052,1.883864402770996,0.08477389812469482,0.05000000074505806,0.025463048368692398,0.1193455159664154,26.373239517211914,8.71053180162562e-06,,,,
158007296,-0.0008648298680782318,2.5009765625,0.11254394054412842,0.05000000074505806,0.009789766743779182,0.16626213490962982,22.745559692382812,1.2448866982595064e-05,,,,
158072832,0.0010077080223709345,1.5190473794937134,0.06835713237524033,0.05000000074505806,0.0535721629858017,0.45282313227653503,26.82666015625,0.00017324884538538754,,,,
158138368,0.0007138587534427643,1.3553367853164673,0.06099015474319458,0.05000000074505806,0.028863098472356796,0.09779536724090576,26.8758602142334,0.0004623031709343195,-34.034053802490234,,0.008166968822479248,
158203904,0.003408886259421706,1.3195834159851074,0.059381257742643356,0.05000000074505806,0.11522594094276428,0.7314041256904602,28.983610153198242,8.57399427331984e-05,,,,
158269440,0.0016879918985068798,1.603898048400879,0.07217541337013245,0.05000000074505806,0.10762394964694977,0.5344971418380737,26.955944061279297,2.6243840693496168e-05,,,,
158334976,-0.0012427496258169413,2.1043572425842285,0.09469608962535858,0.05000000074505806,0.09463679790496826,0.1416248381137848,20.496593475341797,9.4219876700663e-06,,,,
158400512,-0.0005692692939192057,1.15176522731781,0.05182943493127823,0.05000000074505806,0.06217333674430847,0.10484305769205093,28.66071319580078,4.27108934673015e-05,,,,
158466048,0.001825797138735652,0.8770120739936829,0.03946554288268089,0.05000000074505806,0.05097980052232742,0.10695836693048477,26.62492561340332,0.00013062306970823556,,,,
158531584,0.0004056481411680579,1.2635324001312256,0.05685896426439285,0.05000000074505806,0.0437655933201313,0.10193394124507904,26.911693572998047,4.086702028871514e-05,,,,
158597120,-0.0012134136632084846,1.351034164428711,0.06079654395580292,0.05000000074505806,0.0720193088054657,0.10298813134431839,24.05359649658203,1.358247573080007e-05,,,,
158662656,-0.0014352350262925029,1.098804235458374,0.049446191638708115,0.05000000074505806,0.09962166100740433,0.1138046532869339,22.29922866821289,1.728413553792052e-05,,,,
158728192,0.0011438698275014758,0.8235187530517578,0.03705834969878197,0.05000000074505806,0.06970299780368805,0.11984020471572876,28.18992805480957,6.68754946673289e-05,,,,
158793728,-0.0016237832605838776,0.7768628597259521,0.03495883196592331,0.05000000074505806,0.08232930302619934,0.28375405073165894,18.240663528442383,8.742411591811106e-05,,,,
158859264,0.0008446471765637398,0.8051102161407471,0.03622995689511299,0.05000000074505806,0.04956715926527977,0.0846036821603775,23.84429359436035,6.807074532844126e-05,,,,
158924800,-0.0001858940813690424,1.1724750995635986,0.05276137962937355,0.05000000074505806,0.040190428495407104,0.09516149759292603,22.040285110473633,5.3399649914354086e-05,,,,
158990336,-0.0013645461294800043,0.8686903715133667,0.039091069251298904,0.05000000074505806,0.04715759679675102,0.08412937819957733,25.635915756225586,3.693857797770761e-05,-31.080930709838867,-41.23703384399414,0.020501138642430305,0.0
159055872,0.005913460161536932,3.450380325317383,0.155267134308815,0.05000000074505806,0.020489118993282318,0.08310951292514801,35.48908996582031,1.9793660612776875e-05,,,,
159121408,0.0005857360083609819,3.98639178276062,0.1793876439332962,0.05000000074505806,0.0008437008364126086,0.0742168202996254,35.821380615234375,9.012172995426226e-06,,,,
159186944,0.0018740654923021793,4.029813289642334,0.18134160339832306,0.05000000074505806,0.07493693381547928,0.24216358363628387,25.276403427124023,3.976329026045278e-06,,,,
159252480,7.311487570405006e-05,3.84687876701355,0.17310954630374908,0.05000000074505806,0.008665632456541061,0.21472613513469696,26.135448455810547,1.4640513654740062e-05,,,,
159318016,0.00022676563821732998,3.924705743789673,0.1766117662191391,0.05000000074505806,0.00609324686229229,0.1837589591741562,24.76244354248047,8.490775144309737e-06,,,,
159383552,0.003338335547596216,1.7353218793869019,0.07808947563171387,0.05000000074505806,0.15994802117347717,0.3079790771007538,34.21426773071289,4.768613871419802e-05,,,,
159449088,0.0024885039310902357,0.8918362855911255,0.040132634341716766,0.05000000074505806,0.005936718545854092,0.09532323479652405,34.03159713745117,3.5487599234329537e-05,,,,
159514624,0.0002774689346551895,1.1512922048568726,0.051808152347803116,0.05000000074505806,0.04572742432355881,0.11691494286060333,19.4449520111084,1.2508109648479149e-05,,,,
159580160,-0.0006500298622995615,1.9331493377685547,0.08699172735214233,0.05000000074505806,0.026627156883478165,0.0874422937631607,20.563343048095703,7.936292604426853e-06,,,,
159645696,0.0018399485852569342,2.383878469467163,0.10727453231811523,0.05000000074505806,0.02291978895664215,0.39800068736076355,30.363380432128906,1.328359758190345e-05,,,,
159711232,0.0022411812096834183,1.5041447877883911,0.0676865205168724,0.05000000074505806,0.05720473453402519,0.24396419525146484,29.747392654418945,0.00012980197789147496,-34.518226623535156,,0.006737247109413147,
159776768,0.0017585991881787777,1.354003667831421,0.06093016266822815,0.05000000074505806,0.04619418829679489,0.17523427307605743,31.791046142578125,0.00018732268654275686,,,,
159842304,0.00010201043915003538,1.2851574420928955,0.057832084596157074,0.05000000074505806,0.11020927131175995,1.1609406471252441,21.455059051513672,3.94643830077257e-05,,,,
159907840,0.0037400047294795513,2.299741268157959,0.10348836332559586,0.05000000074505806,0.1349702775478363,0.7632613182067871,31.934598922729492,2.5398841899004765e-05,,,,
159973376,-0.0014551107306033373,1.3803074359893799,0.06211383268237114,0.05000000074505806,0.12382453680038452,0.11727318167686462,22.243600845336914,1.9991512090200558e-05,,,,
160038912,0.0015548698138445616,0.908772885799408,0.04089478403329849,0.05000000074505806,0.05049915611743927,0.10851681232452393,29.71734619140625,4.2703974031610414e-05,,,,
160104448,-0.0003794595832005143,0.6811351180076599,0.03065108321607113,0.05000000074505806,0.03837012127041817,0.11563446372747421,22.131855010986328,0.00011082347919000313,,,,
160169984,-0.0006223052623681724,1.212023138999939,0.05454103648662567,0.05000000074505806,0.047046102583408356,0.15004515647888184,22.80897331237793,2.8738182663801126e-05,,,,
160235520,-0.0013090538559481502,1.0342544317245483,0.04654144495725632,0.05000000074505806,0.06738637387752533,0.08089575171470642,24.126405715942383,1.8577226001070812e-05,,,,
160301056,-0.0003322524135001004,0.8218939304351807,0.03698522970080376,0.05000000074505806,0.10620801150798798,0.14227241277694702,26.925567626953125,3.956051295972429e-05,,,,
160366592,-0.002040976658463478,0.7221628427505493,0.032497331500053406,0.05000000074505806,0.06259578466415405,0.13154888153076172,21.52130126953125,6.127509550424293e-05,,,,
160432128,-0.001658191904425621,0.7033967971801758,0.03165286034345627,0.05000000074505806,0.043822288513183594,0.0832090675830841,20.87753677368164,5.628388680634089e-05,,,,
160497664,-0.0004496604669839144,0.9465200901031494,0.04259340465068817,0.05000000074505806,0.028786566108465195,0.10291172564029694,24.076648712158203,9.650229912949726e-05,,,,
160563200,-0.0006249059806577861,1.1935545206069946,0.0537099614739418,0.05000000074505806,0.06190474331378937,0.48915326595306396,22.633277893066406,2.707364001253154e-05,,,,
160628736,-0.002000262960791588,0.835609495639801,0.03760242834687233,0.05000000074505806,0.07401525974273682,0.29603901505470276,24.1385498046875,5.0580620154505596e-05,-29.805587768554688,-42.423072814941406,0.02364864945411682,0.0009765625
160694272,0.0009617735631763935,3.5690813064575195,0.1606086790561676,0.05000000074505806,0.03140534460544586,0.0876828283071518,37.002967834472656,1.7785852833185345e-05,,,,
160759808,0.00043234729673713446,4.035790920257568,0.1816106140613556,0.05000000074505806,0.001163832494057715,0.14670057594776154,30.514081954956055,1.1026162610505708e-05,,,,
160825344,0.0019144995603710413,4.2239251136779785,0.19007661938667297,0.05000000074505806,0.07432463765144348,0.6449549794197083,24.896860122680664,4.15979593526572e-06,,,,
160890880,0.0018297303467988968,4.044285774230957,0.18199287354946136,0.05000000074505806,0.015794895589351654,0.337368369102478,26.659870147705078,8.475814865960274e-06,,,,
160956416,0.00482049910351634,4.113613605499268,0.1851126104593277,0.05000000074505806,0.015803709626197815,0.4018658995628357,34.368099212646484,7.508314865845023e-06,,,,
161021952,0.0009965350618585944,1.7876675128936768,0.08044503629207611,0.05000000074505806,0.17150145769119263,0.30275511741638184,29.892465591430664,3.933597690775059e-05,,,,
161087488,0.0012370118638500571,0.8439928889274597,0.03797968104481697,0.05000000074505806,0.009607583284378052,0.05189221724867821,27.48542594909668,1.9472514395602047e-05,,,,
161153024,0.0018389946781098843,0.9849567413330078,0.04432305693626404,0.05000000074505806,0.05383025482296944,0.07911216467618942,20.292360305786133,1.2609101759153418e-05,,,,
161218560,0.0005252601113170385,1.7772889137268066,0.07997800409793854,0.05000000074505806,0.05433450639247894,0.09863299131393433,21.46906852722168,6.9947745942045e-06,,,,
161284096,0.0021476028487086296,2.03751802444458,0.09168830513954163,0.05000000074505806,0.03462117165327072,0.5152662396430969,29.2860050201416,9.381593372381758e-06,,,,
161349632,0.0014913879567757249,1.3050544261932373,0.058727461844682693,0.05000000074505806,0.06730683892965317,0.38841181993484497,25.968524932861328,0.00013556735939346254,-34.450599670410156,,0.01197053398936987,
161415168,-0.0012126527726650238,1.105351448059082,0.04974081367254257,0.05000000074505806,0.049009982496500015,0.10212904959917068,23.480443954467773,0.0001731259690131992,,,,
161480704,0.0006116009317338467,1.0354655981063843,0.04659595340490341,0.05000000074505806,0.05131923407316208,0.13060320913791656,26.777475357055664,4.3772917706519365e-05,,,,
161546240,0.0013860519975423813,1.8144257068634033,0.08164916187524796,0.05000000074505806,0.09491201490163803,0.13550743460655212,26.84283447265625,2.0031031453981996e-05,,,,
161611776,-0.0024420111440122128,1.1476771831512451,0.05164548009634018,0.05000000074505806,0.08609957247972488,0.1017184779047966,23.300811767578125,2.9344679205678403e-05,,,,
161677312,-0.0012546873185783625,0.6410833597183228,0.02884875424206257,0.05000000074505806,0.045933328568935394,0.1213613972067833,20.451438903808594,0.00023295784194488078,,,,
161742848,-0.0003683832474052906,0.5598266124725342,0.025192199274897575,0.05000000074505806,0.027659278362989426,0.07435838878154755,23.82566261291504,0.00024921997101046145,,,,
161808384,9.932799730449915e-05,0.6675365567207336,0.030039146542549133,0.05000000074505806,0.0303286574780941,0.08759233355522156,18.359920501708984,5.077496825833805e-05,,,,
161873920,0.0023132318165153265,1.2186424732208252,0.054838914424180984,0.05000000074505806,0.05181664973497391,0.09168150275945663,25.983440399169922,1.3856529221811797e-05,,,,
161939456,-0.0005162100424058735,0.7497491836547852,0.033738721162080765,0.05000000074505806,0.0673881247639656,0.10306570678949356,27.749784469604492,2.7393087293603458e-05,,,,
162004992,-8.067235467024148e-05,0.694320797920227,0.031244438141584396,0.05000000074505806,0.02324857749044895,0.07289452850818634,20.85537338256836,4.2900075641227886e-05,,,,
162070528,-0.0005592578090727329,0.6964207291603088,0.03133893013000488,0.05000000074505806,0.04103583097457886,0.12868203222751617,20.682636260986328,2.8960892450413667e-05,,,,
162136064,0.0002322150394320488,0.7137099504470825,0.03211694955825806,0.05000000074505806,0.05330704152584076,0.1821315586566925,20.399272918701172,1.8217440810985863e-05,,,,
162201600,-0.0009651680011302233,0.9074419736862183,0.04083488881587982,0.05000000074505806,0.04498150199651718,0.23479029536247253,24.441516876220703,2.7176118237548508e-05,,,,
162267136,-0.0020839208737015724,0.8020195960998535,0.03609088063240051,0.05000000074505806,0.07048362493515015,0.538718044757843,24.062177658081055,4.372606417746283e-05,-29.20979881286621,-40.28238296508789,0.009797517210245132,0.0048828125
162332672,0.0007097916677594185,3.495551824569702,0.15729984641075134,0.05000000074505806,0.020488623529672623,0.08500690758228302,33.26457977294922,2.0644491087296046e-05,,,,
162398208,0.00022462254855781794,3.9887945652008057,0.17949578166007996,0.05000000074505806,0.0012988655362278223,0.09503573924303055,32.27576446533203,9.140816473518498e-06,,,,
162463744,0.001783626852557063,4.205470561981201,0.18924616277217865,0.05000000074505806,0.062215447425842285,0.21679151058197021,25.394432067871094,3.292259407317033e-06,,,,
162529280,0.0002190044615417719,3.9621357917785645,0.17829613387584686,0.05000000074505806,0.021744677796959877,0.1382257342338562,25.038867950439453,7.312301477213623e-06,,,,
162594816,-3.9726030081510544e-05,3.8623340129852295,0.17380505800247192,0.05000000074505806,0.019962528720498085,0.632810652256012,22.215450286865234,8.77774346008664e-06,,,,
162660352,-0.0007032225839793682,1.6804237365722656,0.07561905682086945,0.05000000074505806,0.1771855354309082,0.16754011809825897,27.40799331665039,3.671185550047085e-05,,,,
162725888,0.0029353154823184013,0.829311728477478,0.037319034337997437,0.05000000074505806,0.005744565278291702,0.09513908624649048,28.630199432373047,1.6730295101297088e-05,,,,
162791424,0.0008110753260552883,0.9326167106628418,0.04196775704622269,0.05000000074505806,0.06093624234199524,0.11474389582872391,22.480369567871094,1.5757439541630447e-05,,,,
162856960,-0.0004536071792244911,1.7322375774383545,0.07795069366693497,0.05000000074505806,0.09327410161495209,0.132040336728096,21.731422424316406,8.426104614045471e-06,,,,
162922496,0.00108107621781528,2.1186959743499756,0.09534131735563278,0.05000000074505806,0.05368369445204735,0.5082207918167114,25.825340270996094,1.2662747394642793e-05,,,,
162988032,-0.0024597151204943657,1.2927589416503906,0.05817415937781334,0.05000000074505806,0.11249833554029465,0.42494896054267883,23.256561279296875,0.00016780091391410679,-32.34225845336914,,0.02767857164144516,
163053568,-0.0011850828304886818,1.0987980365753174,0.04944591224193573,0.05000000074505806,0.04734675958752632,0.13600964844226837,21.336166381835938,0.00041388950194232166,,,,
163119104,0.0006708740256726742,1.0265721082687378,0.04619574546813965,0.05000000074505806,0.06989602744579315,0.13375000655651093,24.708189010620117,4.643747161026113e-05,,,,
163184640,-7.938360795378685e-05,1.6578032970428467,0.07460114359855652,0.05000000074505806,0.060942620038986206,0.15549658238887787,22.18742561340332,2.772581865428947e-05,,,,
163250176,-0.0007948014535941184,1.2912545204162598,0.058106452226638794,0.05000000074505806,0.08726806938648224,0.3308890163898468,19.92101287841797,1.4665923117718194e-05,,,,
163315712,-0.002281628083437681,0.8284233212471008,0.03727905824780464,0.05000000074505806,0.05007999390363693,0.16047100722789764,26.424949645996094,6.0579248383874074e-05,,,,
163381248,0.001178401755169034,0.547398567199707,0.02463294006884098,0.05000000074505806,0.03826680779457092,0.09456762671470642,26.630691528320312,0.00016764539759606123,,,,
163446784,-0.00043446244671940804,1.066646695137024,0.047999102622270584,0.05000000074505806,0.05769328027963638,0.12916143238544464,23.79374122619629,9.554165444569662e-05,,,,
163512320,-0.00239435862749815,0.7722389101982117,0.03475075215101242,0.05000000074505806,0.09117613732814789,0.12676681578159332,20.855756759643555,2.3752045308356173e-05,,,,
163577856,-0.0017911167815327644,0.6809107065200806,0.03064098209142685,0.05000000074505806,0.11209693551063538,0.14404802024364471,19.802499771118164,5.718664397136308e-05,,,,
163643392,-0.0007011884590610862,0.6365699768066406,0.028645651414990425,0.05000000074505806,0.06086880713701248,0.1257641613483429,28.734853744506836,5.4257157898973674e-05,,,,
163708928,-0.00039652822306379676,0.6447741389274597,0.029014836996793747,0.05000000074505806,0.04855578392744064,0.09931454807519913,21.731971740722656,7.85701849963516e-05,,,,
163774464,-0.0004885838716290891,0.8315778374671936,0.03742099925875664,0.05000000074505806,0.036424554884433746,0.07189688831567764,21.943679809570312,0.00010738354467321187,,,,
163840000,-0.002214797306805849,0.9237382411956787,0.041568223387002945,0.05000000074505806,0.09595984220504761,0.19979026913642883,22.52617645263672,3.2350093533750623e-05,-27.105693817138672,,0.034259259700775146,
163905536,0.0011752101127058268,0.7312847375869751,0.032907817512750626,0.05000000074505806,0.0695841982960701,0.5842598676681519,26.215530395507812,0.0003091016551479697,,-39.57090759277344,,0.001953125
163971072,0.008990279398858547,3.501150131225586,0.15755176544189453,0.05000000074505806,0.0642622858285904,0.38459786772727966,48.51942443847656,2.5393188479938544e-05,,,,
164036608,0.001574200578033924,3.9293956756591797,0.17682279646396637,0.05000000074505806,0.002300549764186144,0.15952415764331818,30.756547927856445,1.348120622424176e-05,,,,
164102144,0.0008264051284641027,4.033641338348389,0.18151389062404633,0.05000000074505806,0.05694521963596344,0.16658128798007965,25.159605026245117,3.631797881098464e-06,,,,
164167680,0.0003350963816046715,3.812178611755371,0.1715480089187622,0.05000000074505806,0.010854315012693405,0.15831871330738068,27.733850479125977,8.896478902897798e-06,,,,
164233216,0.0024855732917785645,3.764986276626587,0.1694243848323822,0.05000000074505806,0.0071257296949625015,0.14386017620563507,32.38838195800781,9.032015441334806e-06,,,,
164298752,-0.0011242455802857876,1.6294877529144287,0.0733269602060318,0.05000000074505806,0.16923129558563232,0.47591888904571533,27.925643920898438,4.029333285870962e-05,-34.94142150878906,,0.003169572213664651,
164364288,0.0012679845094680786,0.7716962695121765,0.034726332873106,0.05000000074505806,0.009542383253574371,0.057530805468559265,29.628158569335938,2.0653496903833002e-05,,,,
164429824,0.0012484414037317038,0.7979597449302673,0.03590819239616394,0.05000000074505806,0.05407097190618515,0.25006359815597534,24.81088638305664,1.5961828466970474e-05,,,,
164495360,-0.0004846043884754181,1.6074459552764893,0.07233506441116333,0.05000000074505806,0.05356361344456673,0.16322457790374756,21.30083465576172,6.662806299573276e-06,,,,
164560896,3.200513310730457e-05,2.1383469104766846,0.09622561931610107,0.05000000074505806,0.03471074625849724,0.5021015405654907,25.203413009643555,1.1053589332732372e-05,,,,
164626432,-0.0021028455812484026,1.0606681108474731,0.04773007333278656,0.05000000074505806,0.08291246742010117,0.21040156483650208,22.641450881958008,0.00021308916620910168,,,,
164691968,-0.000933943665586412,0.7636388540267944,0.034363750368356705,0.05000000074505806,0.050175003707408905,0.11788668483495712,25.02294921875,0.000512348604388535,,,,
164757504,0.0007600231911055744,0.6603537797927856,0.029715923592448235,0.05000000074505806,0.09105739742517471,0.7427645921707153,21.166763305664062,0.00010935612954199314,,,,
164823040,0.006519031710922718,1.0331733226776123,0.0464928038418293,0.05000000074505806,0.09219053387641907,0.12475188076496124,34.66590881347656,4.69802507723216e-05,,,,
164888576,-0.001548960106447339,1.2089195251464844,0.05440138280391693,0.05000000074505806,0.08793812245130539,0.09006914496421814,24.359872817993164,1.8785747670335695e-05,,,,
164954112,-0.0007059245835989714,0.7049181461334229,0.031721316277980804,0.05000000074505806,0.07400228083133698,0.09030512720346451,24.73517417907715,0.0001039831549860537,-25.402212142944336,,0.03700277581810951,
165019648,-0.0012943530455231667,0.5587229132652283,0.025142531841993332,0.05000000074505806,0.05605185404419899,0.11536151170730591,18.988475799560547,0.00020730179676320404,,,,
165085184,0.00013398774899542332,0.5707892775535583,0.025685520842671394,0.05000000074505806,0.06985630840063095,0.15057173371315002,20.310375213623047,3.948056109948084e-05,,,,
165150720,-0.0016068504191935062,0.6628435850143433,0.029827959835529327,0.05000000074505806,0.0617729052901268,0.0900125652551651,22.337732315063477,2.0545052393572405e-05,,,,
165216256,-0.00024250661954283714,0.8708409070968628,0.03918784111738205,0.05000000074505806,0.16225779056549072,0.19950032234191895,19.598838806152344,2.6079240342369303e-05,,,,
165281792,-0.0016603214899078012,0.6855455040931702,0.030849546194076538,0.05000000074505806,0.06447023153305054,0.11236926913261414,20.964920043945312,2.8757680411217734e-05,,,,
165347328,0.0001709659118205309,0.654839038848877,0.029467761516571045,0.05000000074505806,0.06670576333999634,0.10399928689002991,24.54352569580078,5.583321399171837e-05,,,,
165412864,-0.0013041512575000525,1.09320068359375,0.049194030463695526,0.05000000074505806,0.03735797107219696,0.08934365957975388,23.46348762512207,4.527084456640296e-05,,,,
165478400,-0.0008579739369452,1.2501804828643799,0.05625811964273453,0.05000000074505806,0.07516735792160034,0.13786135613918304,26.425439834594727,2.126718027284369e-05,,,,
165543936,-0.0021150854881852865,0.7375772595405579,0.033190980553627014,0.05000000074505806,0.06125328689813614,0.27373915910720825,24.85771369934082,0.00020979292457923293,-33.659400939941406,-40.81546401977539,0.019199999049305916,0.0
165609472,0.006365274079144001,3.5278642177581787,0.1587538719177246,0.05000000074505806,0.036781176924705505,0.12027433514595032,38.391422271728516,1.8440054191160016e-05,,,,
165675008,-0.00018307706341147423,3.988494873046875,0.17948228120803833,0.05000000074505806,0.0032023992389440536,0.14298734068870544,23.019336700439453,9.768983545654919e-06,,,,
165740544,0.0023473603650927544,4.123100757598877,0.18553952872753143,0.05000000074505806,0.08836009353399277,0.4135328233242035,26.903663635253906,3.5454013413982466e-06,,,,
165806080,0.0019631357863545418,3.876099109649658,0.17442448437213898,0.05000000074505806,0.024536889046430588,0.4516870081424713,28.397159576416016,7.675555025343783e-06,,,,
165871616,0.0007030401611700654,3.8768367767333984,0.17445765435695648,0.05000000074505806,0.014158686622977257,0.12189392000436783,22.534269332885742,9.894098184304312e-06,,,,
165937152,0.0011046536965295672,1.756126046180725,0.07902567088603973,0.05000000074505806,0.21050789952278137,0.3340628147125244,25.88939094543457,4.335958874435164e-05,,,,
166002688,0.004703824874013662,0.9463120698928833,0.042584046721458435,0.05000000074505806,0.011857997626066208,0.20047563314437866,40.934329986572266,2.2845055354991928e-05,,,,
166068224,0.0005102576687932014,1.3442590236663818,0.0604916550219059,0.05000000074505806,0.03569316118955612,0.1187354326248169,23.779361724853516,9.43571012612665e-06,,,,
166133760,-0.0008984431042335927,2.2024765014648438,0.09911143779754639,0.05000000074505806,0.05367504432797432,0.1345166563987732,18.15049934387207,5.9827420955116395e-06,,,,
166199296,0.0001870238920673728,2.25396466255188,0.10142840445041656,0.05000000074505806,0.022661849856376648,0.3816949129104614,21.851726531982422,9.25979475141503e-06,,,,
166264832,0.0021942630410194397,1.3417472839355469,0.060378625988960266,0.05000000074505806,0.09448203444480896,0.41349363327026367,28.207801818847656,0.00033308134879916906,,,,
166330368,0.0012767761945724487,1.1306238174438477,0.050878074020147324,0.05000000074505806,0.03614604473114014,0.13147874176502228,34.235172271728516,0.000812562124338001,-32.50441360473633,,0.015553521923720837,
166395904,0.0022981290239840746,1.0278719663619995,0.0462542399764061,0.05000000074505806,0.05118842422962189,0.1303846836090088,31.34783935546875,9.868718916550279e-05,,,,
166461440,-0.00011214218102395535,1.4027729034423828,0.06312479078769684,0.05000000074505806,0.06129796430468559,0.4671851396560669,19.906538009643555,2.3236725610331632e-05,,,,
166526976,0.0007815095596015453,1.3265039920806885,0.05969267711043358,0.05000000074505806,0.07569295912981033,0.4597681760787964,26.715721130371094,1.1382531738490798e-05,,,,
166592512,-0.002354091964662075,0.9057410955429077,0.04075834900140762,0.05000000074505806,0.0731201097369194,0.11022169888019562,23.874252319335938,5.595982656814158e-05,,,,
166658048,-0.0006213421002030373,0.5481492877006531,0.024666719138622284,0.05000000074505806,0.06559355556964874,0.4265543520450592,20.870250701904297,0.00022841960890218616,,,,
166723584,2.7836998924613e-05,0.685010552406311,0.030825475230813026,0.05000000074505806,0.04721389710903168,0.13242816925048828,26.289609909057617,8.022409747354686e-05,,,,
166789120,-0.0009210148127749562,0.7454765439033508,0.03354644775390625,0.05000000074505806,0.07425575703382492,0.10994097590446472,23.51422119140625,3.832295988104306e-05,,,,
166854656,0.0012776186922565103,0.608593761920929,0.02738671936094761,0.05000000074505806,0.06436146795749664,0.09650430083274841,25.095035552978516,8.689448441145942e-05,,,,
166920192,8.855614578351378e-05,0.62871915102005,0.02829236350953579,0.05000000074505806,0.06984920054674149,0.09786942601203918,19.659990310668945,5.7406210544286296e-05,,,,
166985728,0.00024644937366247177,0.6390469074249268,0.028757112100720406,0.05000000074505806,0.0738394558429718,0.0995507538318634,21.948623657226562,3.1000170565675944e-05,,,,
167051264,0.0006843050941824913,1.2546348571777344,0.056458573788404465,0.05000000074505806,0.06820519268512726,0.20735041797161102,22.554424285888672,4.1009039705386385e-05,,,,
167116800,-0.0023062294349074364,1.1834527254104614,0.05325537174940109,0.05000000074505806,0.1120467558503151,0.34937623143196106,22.193817138671875,2.5039667889359407e-05,,,,
167182336,-0.0009528502123430371,0.8079804182052612,0.03635912016034126,0.05000000074505806,0.0409630686044693,0.11307843029499054,27.39890480041504,0.00016638949455227703,-28.29047966003418,-40.80646896362305,0.026722924783825874,0.0009765625
167247872,0.002974480390548706,3.4877991676330566,0.1569509655237198,0.05000000074505806,0.049498721957206726,0.271525502204895,35.631317138671875,1.8265343896928243e-05,,,,
167313408,0.0006872776430100203,3.8656835556030273,0.1739557534456253,0.05000000074505806,0.0018579132156446576,0.09958820044994354,32.47537612915039,9.118156413023826e-06,,,,
167378944,0.0032326215878129005,3.933474540710449,0.17700636386871338,0.05000000074505806,0.06907008588314056,0.4487191438674927,31.405832290649414,3.3843598430394195e-06,,,,
167444480,0.0020508491434156895,3.6584315299987793,0.16462941467761993,0.05000000074505806,0.027089349925518036,0.16388174891471863,21.932071685791016,9.330770808446687e-06,,,,
167510016,-2.0506384316831827e-05,3.7314133644104004,0.16791361570358276,0.05000000074505806,0.010769713670015335,0.5256770849227905,28.49240493774414,9.430196769244503e-06,,,,
167575552,-0.00018314097542315722,1.683875322341919,0.07577439397573471,0.05000000074505806,0.2598033845424652,0.23054710030555725,32.08960723876953,3.604983430705033e-05,,,,
167641088,0.0006799931288696826,0.9519044756889343,0.04283570870757103,0.05000000074505806,0.011555783450603485,0.09347307682037354,27.239137649536133,1.914956737891771e-05,,,,
167706624,0.000367241445928812,1.13724946975708,0.05117622762918472,0.05000000074505806,0.05990023538470268,0.1060965284705162,22.552677154541016,1.375574356643483e-05,,,,
167772160,6.1386963352561e-05,2.0845706462860107,0.09380567073822021,0.05000000074505806,0.06003608554601669,0.41365182399749756,20.244876861572266,6.597464107471751e-06,,,,
167837696,0.0008312752470374107,2.439112424850464,0.10976006090641022,0.05000000074505806,0.04431983828544617,0.33800873160362244,22.61733627319336,1.4780340279685333e-05,,,,
167903232,0.0005604908801615238,1.3895792961120605,0.06253106892108917,0.05000000074505806,0.14693664014339447,0.30527037382125854,28.51089859008789,0.0002248240343760699,,,,
167968768,-0.00034189200960099697,1.1465253829956055,0.05159364268183708,0.05000000074505806,0.03208521008491516,0.09679310023784637,25.3894100189209,0.0005966207827441394,-31.56916618347168,,0.029712162911891937,
168034304,0.00020866654813289642,1.0957679748535156,0.049309566617012024,0.05000000074505806,0.12192873656749725,0.4518735408782959,24.907800674438477,8.8572058302816e-05,,,,
168099840,0.01014513149857521,1.1208484172821045,0.050438184291124344,0.05000000074505806,0.12836551666259766,1.3836469650268555,41.876220703125,2.187111385865137e-05,,,,
168165376,-0.0013706975150853395,1.6188186407089233,0.07284684479236603,0.05000000074505806,0.10291692614555359,0.09965741634368896,19.62917709350586,7.4804388532356825e-06,,,,
168230912,-0.0006448747590184212,1.0354559421539307,0.04659552127122879,0.05000000074505806,0.08553897589445114,0.1298954337835312,30.25819969177246,3.7970607081661e-05,,,,
168296448,-0.0006208536215126514,0.5844371318817139,0.026299672201275826,0.05000000074505806,0.06390634179115295,0.13232865929603577,22.45440101623535,6.375746306730434e-05,,,,
168361984,-0.0013768444769084454,1.0694067478179932,0.0481233075261116,0.05000000074505806,0.05266553908586502,0.08678174763917923,19.165353775024414,6.61532612866722e-05,,,,
168427520,-0.0023240502923727036,0.7109088897705078,0.0319909043610096,0.05000000074505806,0.09303013980388641,0.09128522127866745,22.37387466430664,3.1835632398724556e-05,,,,
168493056,0.0007388534722849727,1.1831012964248657,0.05323956161737442,0.05000000074505806,0.07241711765527725,0.11747424304485321,22.71300506591797,3.397315231268294e-05,,,,
168558592,-0.0017916117794811726,0.9366028904914856,0.042147133499383926,0.05000000074505806,0.11690253764390945,0.14377102255821228,20.947580337524414,3.684636249090545e-05,,,,
168624128,0.0013314762618392706,0.926706075668335,0.041701775044202805,0.05000000074505806,0.06326919794082642,0.45443928241729736,21.097965240478516,6.125467916717753e-05,,,,
168689664,-0.001279598567634821,1.1738433837890625,0.052822962403297424,0.05000000074505806,0.04758564010262489,0.11186273396015167,19.369487762451172,2.9462504244293086e-05,,,,
168755200,-0.002745309378951788,1.2641193866729736,0.05688537657260895,0.05000000074505806,0.09496749937534332,0.14392510056495667,23.876096725463867,2.6829062335309573e-05,,,,
168820736,-0.0011267545633018017,0.9611055850982666,0.04324974864721298,0.05000000074505806,0.07541781663894653,0.10267515480518341,24.655624389648438,0.0001354221167275682,-29.651386260986328,-40.099212646484375,0.030075188726186752,0.0
168886272,0.0037548705004155636,3.5136337280273438,0.1581135392189026,0.05000000074505806,0.030705809593200684,0.09889724850654602,32.14121627807617,1.9212087863706984e-05,,,,
168951808,0.0016339165158569813,3.7354965209960938,0.1680973470211029,0.05000000074505806,0.00204072380438447,0.21246524155139923,35.24713897705078,9.633669833419845e-06,,,,
169017344,0.0007572354516014457,3.823587417602539,0.17206144332885742,0.05000000074505806,0.027499988675117493,0.1879158318042755,28.32128143310547,3.809927420661552e-06,,,,
169082880,0.001951873884536326,3.54486083984375,0.1595187485218048,0.05000000074505806,0.028927303850650787,0.26187658309936523,25.416385650634766,1.1044455277442466e-05,,,,
169148416,-0.0019434783607721329,3.517690658569336,0.15829609334468842,0.05000000074505806,0.006955883000046015,0.12310327589511871,24.33631134033203,9.408412552147638e-06,,,,
169213952,-0.0009152374695986509,1.5266218185424805,0.06869799643754959,0.05000000074505806,0.3188021183013916,0.23611819744110107,28.211400985717773,3.9064390875864774e-05,,,,
169279488,7.570628076791763e-05,0.7831909656524658,0.03524359315633774,0.05000000074505806,0.01038020197302103,0.07685486972332001,30.28515625,2.158984716515988e-05,,,,
169345024,-0.0003009946085512638,1.3374751806259155,0.06018637865781784,0.05000000074505806,0.044452227652072906,0.10410474240779877,23.251575469970703,1.002212957246229e-05,,,,
169410560,0.0007393444539047778,2.172930955886841,0.09778189659118652,0.05000000074505806,0.05167172849178314,0.15149416029453278,23.314342498779297,6.3264465097745415e-06,,,,
169476096,-0.0005508163012564182,2.4585814476013184,0.11063617467880249,0.05000000074505806,0.05144285038113594,0.4041263163089752,25.73217010498047,1.1350858585501555e-05,,,,
169541632,-0.0018309031147509813,1.2344400882720947,0.05554980784654617,0.05000000074505806,0.2280227690935135,0.3008883595466614,19.291954040527344,0.0004479813214857131,-30.0849552154541,,0.053977273404598236,
169607168,-0.0009315232746303082,1.0289713144302368,0.04630371183156967,0.05000000074505806,0.04178805649280548,0.24786025285720825,28.306549072265625,0.0010288710473105311,,,,
169672704,-7.35986977815628e-05,1.001753330230713,0.04507890343666077,0.05000000074505806,0.1297328919172287,0.21110482513904572,29.46578025817871,9.22603503568098e-05,,,,
169738240,-0.0004266418982297182,1.2660317420959473,0.05697142705321312,0.05000000074505806,0.19553425908088684,2.1598312854766846,25.57655143737793,2.3741467884974554e-05,,,,
169803776,-7.093383464962244e-05,1.592031717300415,0.07164143025875092,0.05000000074505806,0.11886153370141983,0.1494029015302658,24.613231658935547,1.0191345609200653e-05,,,,
169869312,-0.0028996714390814304,1.0518178939819336,0.047331806272268295,0.05000000074505806,0.05982162803411484,0.09440265595912933,23.16322898864746,3.8433136069215834e-05,,,,
169934848,-0.001712470781058073,0.6191845536231995,0.027863306924700737,0.05000000074505806,0.037209734320640564,0.15702787041664124,24.53714370727539,0.00011931896005989984,,,,
170000384,-0.0023754711728543043,0.6121222972869873,0.0275455042719841,0.05000000074505806,0.031051907688379288,0.4954594671726227,19.06892967224121,7.147230644477531e-05,,,,
170065920,-0.001342736417427659,0.5631462335586548,0.025341583415865898,0.05000000074505806,0.05250900983810425,0.4712749123573303,21.442623138427734,2.8953154469490983e-05,,,,
170131456,0.000797417014837265,1.0286461114883423,0.04628907889127731,0.05000000074505806,0.03392435237765312,0.06587357074022293,24.855775833129883,0.00015187491953838617,,,,
170196992,-0.0027362972032278776,1.1358293294906616,0.05111231654882431,0.05000000074505806,0.06806635111570358,0.16428546607494354,23.114980697631836,2.3551727281301282e-05,,,,
170262528,-0.001068795914761722,0.8507102131843567,0.03828195855021477,0.05000000074505806,0.07839739322662354,0.13243426382541656,22.48815155029297,4.486021134653129e-05,,,,
170328064,0.0009452734375372529,1.635033130645752,0.07357649505138397,0.05000000074505806,0.04267945513129234,0.10514645278453827,26.688814163208008,6.226231926120818e-05,,,,
170393600,-0.0004538801731541753,1.5318844318389893,0.06893479824066162,0.05000000074505806,0.07067196816205978,0.11173374205827713,24.486160278320312,2.6268186047673225e-05,,,,
170459136,-0.0012619525659829378,0.9086673855781555,0.040890034288167953,0.05000000074505806,0.0703761875629425,0.09337509423494339,22.353404998779297,7.596927753183991e-05,-29.24703025817871,-40.00891876220703,0.024428684264421463,0.0009765625
170524672,0.0032435983885079622,3.58778977394104,0.16145053505897522,0.05000000074505806,0.02514212764799595,0.08651593327522278,34.9504280090332,1.7789603589335456e-05,,,,
170590208,-0.0008002612739801407,3.756425380706787,0.16903914511203766,0.05000000074505806,0.0029694787226617336,0.28439176082611084,28.539857864379883,8.293864084407687e-06,,,,
170655744,0.0012370592448860407,3.8830208778381348,0.17473594844341278,0.05000000074505806,0.026221314445137978,0.21222102642059326,24.37702178955078,3.226880835427437e-06,,,,
170721280,0.0007132590981200337,3.5458312034606934,0.15956242382526398,0.05000000074505806,0.016289381310343742,0.15517164766788483,25.099998474121094,8.42901772557525e-06,,,,
170786816,0.0021478754933923483,3.4356374740600586,0.15460370481014252,0.05000000074505806,0.008592680096626282,0.14599297940731049,30.954978942871094,7.613944944750983e-06,,,,
170852352,-0.0015254267491400242,1.460013747215271,0.06570062786340714,0.05000000074505806,0.2261756807565689,0.2267311066389084,29.547086715698242,3.607036705943756e-05,,,,
170917888,-0.0008277302840724587,0.6856182217597961,0.030852822586894035,0.05000000074505806,0.010352376848459244,0.07033838331699371,21.124107360839844,2.572233643149957e-05,,,,
170983424,0.002521669026464224,0.8114163279533386,0.036513738334178925,0.05000000074505806,0.047879960387945175,0.1383553296327591,29.462181091308594,1.1071534572693054e-05,,,,
171048960,0.0011062875855714083,1.7242281436920166,0.07759027183055878,0.05000000074505806,0.07432518899440765,0.12373216450214386,24.186214447021484,6.533301984745776e-06,,,,
171114496,0.0004734507529065013,1.6110824346542358,0.07249870896339417,0.05000000074505806,0.07203096896409988,0.4530375003814697,23.436080932617188,1.0099886821990367e-05,,,,
171180032,-0.0015725092962384224,0.968792736530304,0.04359567165374756,0.05000000074505806,0.06912315636873245,0.17657187581062317,27.045955657958984,0.00025597616331651807,-31.584632873535156,,0.011990407481789589,
171245568,-0.002288057468831539,0.7575290203094482,0.03408880531787872,0.05000000074505806,0.03742648661136627,0.13732783496379852,21.177270889282227,0.0005078553804196417,,,,
171311104,-0.001670332159847021,0.697353720664978,0.03138091415166855,0.05000000074505806,0.0880410224199295,0.16015088558197021,22.3081111907959,0.00014687352813780308,,,,
171376640,0.0007228553295135498,0.8098877668380737,0.036444950848817825,0.05000000074505806,0.10841110348701477,0.13322457671165466,22.26901626586914,3.057240246562287e-05,,,,
171442176,-0.00011110538616776466,0.8997683525085449,0.04048957675695419,0.05000000074505806,0.14041875302791595,0.18199598789215088,29.640727996826172,2.3116832380765118e-05,,,,
171507712,-0.0015794677892699838,0.5414250493049622,0.024364126846194267,0.05000000074505806,0.13837820291519165,0.16809776425361633,21.18852424621582,0.00023434613831341267,,,,
171573248,0.0010076889302581549,0.5243542194366455,0.023595940321683884,0.05000000074505806,0.09634312987327576,0.355377733707428,24.489282608032227,0.0003410346689634025,,,,
171638784,0.0005401365924626589,0.485584020614624,0.021851282566785812,0.05000000074505806,0.08366711437702179,0.15866871178150177,22.4674072265625,7.777454447932541e-05,,,,
171704320,-1.7304264474660158e-05,0.46940624713897705,0.021123280748724937,0.05000000074505806,0.09923561662435532,0.13882099092006683,17.581605911254883,4.2446874431334436e-05,,,,
171769856,-0.0009017583215609193,0.7365292310714722,0.03314381465315819,0.05000000074505806,0.155004620552063,0.8517320156097412,21.63563346862793,6.943060725461692e-05,,,,
171835392,0.00166578427888453,0.6868380904197693,0.03090771473944187,0.05000000074505806,0.10381489992141724,0.19091059267520905,24.505449295043945,5.456051439978182e-05,-29.008216857910156,,0.027027027681469917,
171900928,0.000197296729311347,0.7187992930412292,0.0323459655046463,0.05000000074505806,0.07677485048770905,0.11156607419252396,20.237913131713867,0.0001695824903436005,,,,
171966464,-0.0010550492443144321,1.403968334197998,0.06317858397960663,0.05000000074505806,0.06128673255443573,0.10608842223882675,21.161518096923828,0.0001243625010829419,,,,
172032000,-0.001840152544900775,1.012296199798584,0.04555333033204079,0.05000000074505806,0.10171365737915039,0.09609276056289673,28.118392944335938,3.19065002258867e-05,,,,
172097536,-8.630636148154736e-05,0.7023031115531921,0.03160364180803299,0.05000000074505806,0.06249656900763512,0.17770618200302124,26.718215942382812,0.0004231053462717682,,-39.13038635253906,,0.0
172163072,0.008333740755915642,3.5077147483825684,0.15784718096256256,0.05000000074505806,0.04772172123193741,0.32763662934303284,46.41902542114258,2.2430900571634993e-05,,,,
172228608,0.00015008216723799706,3.81365704536438,0.17161458730697632,0.05000000074505806,0.0010872685816138983,0.13543179631233215,31.124359130859375,1.2575879736687057e-05,,,,
172294144,0.0014521130360662937,3.9950003623962402,0.17977502942085266,0.05000000074505806,0.07169131189584732,0.2130471020936966,24.390588760375977,4.289327989681624e-06,,,,
172359680,-0.0008694499847479165,3.7035646438598633,0.16666042804718018,0.05000000074505806,0.03828746825456619,0.3990902602672577,21.66641616821289,6.619952728215139e-06,,,,
172425216,0.0008596119005233049,3.5449914932250977,0.15952463448047638,0.05000000074505806,0.022679690271615982,0.1377951055765152,21.63979721069336,8.356064427061938e-06,,,,
172490752,-0.000672556459903717,1.5575919151306152,0.07009164243936539,0.05000000074505806,0.16241958737373352,0.3345537781715393,26.130720138549805,4.7915815230226144e-05,-42.28438186645508,,0.0007739937864243984,
172556288,0.0017008325085043907,0.793160080909729,0.03569220378994942,0.05000000074505806,0.01799965836107731,0.10590142011642456,31.085792541503906,2.6950805477099493e-05,,,,
172621824,0.001628089346922934,0.9366538524627686,0.04214942827820778,0.05000000074505806,0.08897846937179565,0.15712593495845795,27.613609313964844,1.39549729283317e-05,,,,
172687360,-2.301728818565607e-05,1.878953456878662,0.08455291390419006,0.05000000074505806,0.08606953918933868,0.6220143437385559,25.08405303955078,7.768148861941881e-06,,,,
172752896,-0.0005255788564682007,1.747835636138916,0.07865260541439056,0.05000000074505806,0.0332646518945694,0.20929397642612457,23.21876335144043,1.0159560588363092e-05,,,,
172818432,-0.0018587314989417791,0.9862591028213501,0.04438166320323944,0.05000000074505806,0.05577266961336136,0.1762477457523346,24.289737701416016,0.00031439343001693487,,,,
172883968,-0.0007890351116657257,0.7598561644554138,0.034193526953458786,0.05000000074505806,0.036756884306669235,0.14406044781208038,24.939159393310547,0.000802068505436182,,,,
172949504,-0.0005433717742562294,0.6901334524154663,0.031056005507707596,0.05000000074505806,0.07248149812221527,0.09335649758577347,23.703502655029297,0.0001585439167683944,,,,
173015040,0.0007861913181841373,0.7149385809898376,0.03217224031686783,0.05000000074505806,0.05219966173171997,0.08776669204235077,25.699983596801758,3.986930096289143e-05,,,,
173080576,0.001128263189457357,1.5604736804962158,0.07022131234407425,0.05000000074505806,0.06884210556745529,0.12114216387271881,26.176288604736328,2.2107687982497737e-05,,,,
173146112,-0.0013827856164425611,1.0720572471618652,0.04824257642030716,0.05000000074505806,0.056057680398225784,0.10659193992614746,25.693174362182617,3.693412509164773e-05,,,,
173211648,0.00030434527434408665,0.5729507207870483,0.02578277885913849,0.05000000074505806,0.025701068341732025,0.1351492553949356,19.843406677246094,0.0001521873928140849,,,,
173277184,-0.0004650787450373173,0.571039080619812,0.025696760043501854,0.05000000074505806,0.027864322066307068,0.10999614000320435,26.293750762939453,5.065768345957622e-05,-24.515928268432617,,0.03632887080311775,
173342720,0.0004826455842703581,0.5575340390205383,0.02508903294801712,0.05000000074505806,0.0470067635178566,0.10821094363927841,28.467741012573242,3.4055421565426514e-05,,,,
173408256,1.4770193956792355e-06,1.032109022140503,0.046444911509752274,0.05000000074505806,0.04408502206206322,0.07548331469297409,21.969192504882812,9.720837988425046e-05,,,,
173473792,-0.0013787809293717146,0.9305707216262817,0.0418756864964962,0.05000000074505806,0.11253790557384491,0.12229359149932861,25.887338638305664,3.045809717150405e-05,,,,
173539328,-0.001054513268172741,0.6848074793815613,0.03081633895635605,0.05000000074505806,0.044977717101573944,0.10803097486495972,18.08928108215332,0.00011063618148909882,,,,
173604864,-0.00048820022493600845,1.2710769176483154,0.05719846114516258,0.05000000074505806,0.027809839695692062,0.07687684893608093,25.29248046875,0.00011618483404163271,,,,
173670400,-0.0013345619663596153,0.9792443513870239,0.04406600072979927,0.05000000074505806,0.0767277181148529,0.12793536484241486,20.06730079650879,2.7158448574482463e-05,,,,
173735936,5.1729846745729446e-05,0.742293119430542,0.0334031879901886,0.05000000074505806,0.052134301513433456,0.30849215388298035,27.275039672851562,0.0002356252516619861,,-39.699546813964844,,0.0009765625
173801472,0.015677258372306824,3.5483577251434326,0.15967610478401184,0.05000000074505806,0.03111027181148529,0.12624669075012207,49.60886764526367,2.2281996280071326e-05,,,,
173867008,-0.0005145897157490253,3.838301658630371,0.17272359132766724,0.05000000074505806,0.00300005660392344,0.20823219418525696,30.33282470703125,9.218640116159804e-06,,,,
173932544,0.0021798606030642986,3.9865152835845947,0.17939317226409912,0.05000000074505806,0.04291333258152008,0.22753722965717316,24.529138565063477,3.220026883354876e-06,,,,
173998080,-0.0002637492725625634,3.8051517009735107,0.17123183608055115,0.05000000074505806,0.00771237863227725,0.2782638967037201,24.556278228759766,8.397258170589339e-06,,,,
174063616,0.0015343264676630497,3.67922043800354,0.16556492447853088,0.05000000074505806,0.006554982624948025,0.3474675714969635,32.03486633300781,6.6391535256116185e-06,,,,
174129152,0.0003952711704187095,1.6351613998413086,0.07358226180076599,0.05000000074505806,0.17479442059993744,0.36071768403053284,28.341838836669922,3.7962570786476135e-05,-31.74798583984375,,0.008349389769136906,
174194688,0.0026902509853243828,0.9048418998718262,0.04071788862347603,0.05000000074505806,0.009611876681447029,0.12986323237419128,29.07604217529297,2.9268783691804856e-05,,,,
174260224,-0.0004291966324672103,1.0342777967453003,0.04654250666499138,0.05000000074505806,0.060464031994342804,0.2091684192419052,23.277658462524414,1.1263629858149216e-05,,,,
174325760,0.0046052029356360435,1.906097173690796,0.08577436953783035,0.05000000074505806,0.08233371376991272,0.1647549271583557,31.590497970581055,6.264364401431521e-06,,,,
174391296,0.0011382745578885078,1.8582384586334229,0.08362072706222534,0.05000000074505806,0.05338282510638237,0.5038135647773743,22.175460815429688,1.5094487025635317e-05,,,,
174456832,-0.0002867941511794925,1.2521817684173584,0.05634818598628044,0.05000000074505806,0.1284991055727005,0.7559147477149963,27.410194396972656,0.0002864970883820206,,,,
174522368,-0.0020930124446749687,1.0635541677474976,0.04785994067788124,0.05000000074505806,0.03862396255135536,0.1318121701478958,24.657283782958984,0.0006474965484812856,,,,
174587904,-0.0002255114959552884,0.957597017288208,0.043091870844364166,0.05000000074505806,0.05223078653216362,0.18241289258003235,22.031343460083008,9.897468407871202e-05,,,,
174653440,-0.000643635168671608,1.675267219543457,0.07538703083992004,0.05000000074505806,0.05994027480483055,0.2503223419189453,22.673070907592773,2.02744467969751e-05,,,,
174718976,0.0005689141107723117,1.3611633777618408,0.06125235557556152,0.05000000074505806,0.05421849712729454,0.11576404422521591,27.518566131591797,1.7044541891664267e-05,,,,
174784512,-0.0012149028480052948,0.9246011972427368,0.041607052087783813,0.05000000074505806,0.04356773570179939,0.08586180210113525,27.11895751953125,7.626626029377803e-05,,,,
174850048,0.0016888342797756195,0.6312738060951233,0.028407324105501175,0.05000000074505806,0.06101522594690323,0.09306077659130096,23.427536010742188,0.00023962520936038345,,,,
174915584,0.00105288065969944,0.6633285880088806,0.029849786311388016,0.05000000074505806,0.06531071662902832,0.09646444767713547,19.381492614746094,7.909559644758701e-05,,,,
174981120,-0.0007920967182144523,0.7848309278488159,0.03531739488244057,0.05000000074505806,0.06191215664148331,0.10290385782718658,20.934520721435547,2.2917651222087443e-05,,,,
175046656,-0.0011622661259025335,0.7633006572723389,0.03434853255748749,0.05000000074505806,0.0831887423992157,0.22774922847747803,26.153701782226562,2.4429202312603593e-05,-22.655851364135742,,0.0264357328414917,
175112192,0.0016729711787775159,0.7912377119064331,0.03560569882392883,0.05000000074505806,0.07930227369070053,0.13260655105113983,20.096094131469727,7.526341505581513e-05,,,,
175177728,0.0005447603762149811,0.7564253807067871,0.03403914347290993,0.05000000074505806,0.09279116243124008,0.18956626951694489,22.197057723999023,4.7026787797221914e-05,,,,
175243264,-0.000610115472227335,0.6837918758392334,0.030770637094974518,0.05000000074505806,0.08669261634349823,0.18071991205215454,19.83742332458496,5.190390584175475e-05,,,,
175308800,-0.00039714062586426735,0.823291003704071,0.0370480902493,0.05000000074505806,0.0758928656578064,0.14869031310081482,19.973405838012695,3.631108847912401e-05,,,,
175374336,-0.002066104207187891,0.7252081632614136,0.032634370028972626,0.05000000074505806,0.08431215584278107,0.5065021514892578,21.931739807128906,4.5947846956551075e-05,,-39.31980895996094,,0.0048828125
175439872,0.0028488982934504747,3.381406545639038,0.1521633118391037,0.05000000074505806,0.038532644510269165,0.18932001292705536,33.579959869384766,2.2711974452249706e-05,,,,
175505408,-0.00012630806304514408,3.642212390899658,0.16389957070350647,0.05000000074505806,0.0022153682075440884,0.08031478524208069,27.95407485961914,8.31010675028665e-06,,,,
175570944,0.0015175648732110858,3.7496559619903564,0.16873453557491302,0.05000000074505806,0.058800648897886276,0.2972028851509094,25.046009063720703,3.2028563055064296e-06,,,,
175636480,-0.00047860771883279085,3.48850417137146,0.1569826900959015,0.05000000074505806,0.01688500866293907,0.14974242448806763,23.035545349121094,8.34504680824466e-06,,,,
175702016,0.0005003847181797028,3.4358301162719727,0.15461237728595734,0.05000000074505806,0.005106544122099876,0.12598338723182678,26.709003448486328,9.862142178462818e-06,,,,
175767552,-0.0008506866870447993,1.5969853401184082,0.07186433672904968,0.05000000074505806,0.18318475782871246,0.2764277458190918,31.15655517578125,4.599374005920254e-05,-37.05824279785156,,0.0019946808461099863,
175833088,-0.00044406362576410174,0.822441816329956,0.03700988367199898,0.05000000074505806,0.01437976211309433,0.07333855330944061,20.621261596679688,2.360102007514797e-05,,,,
175898624,0.0033711325377225876,1.101813554763794,0.049581609666347504,0.05000000074505806,0.0389445424079895,0.47870007157325745,27.812530517578125,8.728753527975641e-06,,,,
175964160,0.0031678162049502134,1.9578107595443726,0.08810149133205414,0.05000000074505806,0.05026039481163025,0.22647956013679504,24.695520401000977,6.3898587541189045e-06,,,,
176029696,0.0017069210298359394,1.6815552711486816,0.07566998898983002,0.05000000074505806,0.03122527152299881,0.2668435573577881,21.52641487121582,1.0456711606821045e-05,,,,
176095232,-0.0005825432017445564,1.1435060501098633,0.05145777761936188,0.05000000074505806,0.06826181709766388,0.7312542200088501,25.526119232177734,0.0003588169638533145,,,,
176160768,-0.0014915296342223883,1.001768708229065,0.045079588890075684,0.05000000074505806,0.04885847494006157,0.12251162528991699,22.952848434448242,0.0003823795705102384,,,,
176226304,0.0005070804618299007,0.913318932056427,0.04109935462474823,0.05000000074505806,0.05079028755426407,0.08341537415981293,19.565534591674805,6.0784117522416636e-05,,,,
176291840,0.0011770472628995776,1.2410686016082764,0.05584808811545372,0.05000000074505806,0.05233510583639145,0.09920068830251694,22.01891326904297,1.9131821318296716e-05,,,,
176357376,-0.0008394441101700068,1.1819795370101929,0.05318908393383026,0.05000000074505806,0.06317818909883499,0.09682319313287735,22.448089599609375,1.795493153622374e-05,,,,
176422912,-0.00021120533347129822,0.7300852537155151,0.03285384178161621,0.05000000074505806,0.06120278313755989,0.12878373265266418,25.242094039916992,0.00013551946904044598,,,,
176488448,0.0011257134610787034,0.552285373210907,0.024852842092514038,0.05000000074505806,0.07655353844165802,0.15072959661483765,23.35051155090332,0.0003294339985586703,,,,
176553984,-0.0009272493189200759,0.6083477735519409,0.02737564966082573,0.05000000074505806,0.0725739449262619,0.16434085369110107,19.365543365478516,7.567254215246066e-05,,,,
176619520,-0.0005863312399014831,0.6086826920509338,0.027390720322728157,0.05000000074505806,0.06810823082923889,0.08128977566957474,22.100818634033203,3.2951251341728494e-05,,,,
176685056,0.001436456572264433,0.8910859823226929,0.04009886831045151,0.05000000074505806,0.13985681533813477,0.14889776706695557,23.140106201171875,3.299136005807668e-05,-21.996112823486328,,0.038425493985414505,
176750592,0.00012530863750725985,0.6840437650680542,0.030781973153352737,0.05000000074505806,0.07946466654539108,0.3054799437522888,26.443273544311523,5.201478415983729e-05,,,,
176816128,0.0003553219139575958,0.8240895867347717,0.037084031850099564,0.05000000074505806,0.056964293122291565,0.11999144405126572,20.12964630126953,0.00018676600302569568,,,,
176881664,-0.001278058858588338,1.134251594543457,0.05104132741689682,0.05000000074505806,0.07555249333381653,0.09771206974983215,19.718502044677734,8.359309867955744e-05,,,,
176947200,-0.0018681167857721448,0.7792943120002747,0.035068243741989136,0.05000000074505806,0.05910418555140495,0.1438712626695633,19.066524505615234,2.9029804863967e-05,,,,
177012736,-0.0037098831962794065,0.8034855127334595,0.036156851798295975,0.05000000074505806,0.03237176686525345,0.07535739988088608,22.097227096557617,0.00025172921596094966,,-38.84591293334961,,0.0
177078272,0.009397448971867561,3.3955464363098145,0.1527996063232422,0.05000000074505806,0.02037700265645981,0.14353841543197632,34.031532287597656,2.2963631636230275e-05,,,,
177143808,-0.0008602016605436802,3.700486421585083,0.16652190685272217,0.05000000074505806,0.004036187194287777,0.6285040378570557,27.654949188232422,1.041644463839475e-05,,,,
177209344,0.001964110415428877,3.8153982162475586,0.17169290781021118,0.05000000074505806,0.10259997099637985,0.9369481205940247,25.895965576171875,3.413775402805186e-06,,,,
177274880,0.0008258295711129904,3.5316429138183594,0.1589239537715912,0.05000000074505806,0.02677365019917488,0.2006644308567047,26.056419372558594,6.130806013970869e-06,,,,
177340416,0.00015382352285087109,3.4230234622955322,0.1540360450744629,0.05000000074505806,0.013996580615639687,0.20945516228675842,23.621042251586914,9.91442175291013e-06,,,,
177405952,0.00022201077081263065,1.582733392715454,0.07122299820184708,0.05000000074505806,0.17044603824615479,0.30237194895744324,30.17938804626465,5.1629453082568944e-05,-34.88321304321289,,0.004146509803831577,
177471488,0.0007146322168409824,0.772243857383728,0.03475097566843033,0.05000000074505806,0.013983253389596939,0.10656492412090302,28.278160095214844,3.0014147341717035e-05,,,,
177537024,0.005053093656897545,0.9032235145568848,0.040645062923431396,0.05000000074505806,0.053612664341926575,0.1290796399116516,29.631797790527344,1.0436093361931853e-05,,,,
177602560,0.0007735989056527615,1.6972416639328003,0.07637587934732437,0.05000000074505806,0.06177310645580292,0.7243360280990601,24.073881149291992,6.198514256539056e-06,,,,
177668096,-0.0011356908362358809,1.3195712566375732,0.05938071012496948,0.05000000074505806,0.03689667582511902,0.25958749651908875,19.615428924560547,1.4266724974731915e-05,,,,
177733632,-0.0022213896736502647,0.9357029795646667,0.04210663586854935,0.05000000074505806,0.06285841763019562,0.18824878334999084,24.36998748779297,0.0002536492538638413,,,,
177799168,-0.0007313920650631189,0.7961556315422058,0.03582700341939926,0.05000000074505806,0.039503730833530426,0.11981067806482315,25.680627822875977,0.0005225708591751754,,,,
177864704,0.00025770143838599324,0.7636462450027466,0.03436408191919327,0.05000000074505806,0.04519384726881981,0.07398365437984467,20.189523696899414,0.00012672120647039264,,,,
177930240,-0.00015039113350212574,1.4067509174346924,0.06330378353595734,0.05000000074505806,0.018305044621229172,0.06221041828393936,24.188377380371094,3.3289492421317846e-05,,,,
177995776,-1.7498736269772053e-05,1.5218536853790283,0.06848341971635818,0.05000000074505806,0.036714132875204086,0.14772316813468933,20.69335174560547,1.1642192475846969e-05,,,,
178061312,-0.0024661151692271233,1.1042091846466064,0.049689412117004395,0.05000000074505806,0.058740414679050446,0.09576121717691422,19.685070037841797,4.9507183575769886e-05,,,,
178126848,-0.0010178463999181986,0.6872934699058533,0.03092820756137371,0.05000000074505806,0.050862014293670654,0.10207614302635193,19.388240814208984,0.0001400564651703462,,,,
178192384,0.0003439114661887288,0.6421384811401367,0.028896231204271317,0.05000000074505806,0.05579528957605362,0.07933932542800903,20.940786361694336,4.284492752049118e-05,-26.32847785949707,,0.021455222740769386,
178257920,0.00032247777562588453,0.5727798938751221,0.02577509917318821,0.05000000074505806,0.05604207515716553,0.10107864439487457,24.391014099121094,4.364307824289426e-05,,,,
178323456,0.0013658278621733189,1.2896003723144531,0.05803202465176582,0.05000000074505806,0.11455178260803223,0.4041169583797455,15.640340805053711,0.00012644189700949937,,,,
178388992,-0.0009838667465373874,0.833977222442627,0.037528976798057556,0.05000000074505806,0.12593258917331696,0.11738277971744537,23.660783767700195,2.9506983992177993e-05,,,,
178454528,-0.00045671407133340836,0.8243484497070312,0.037095680832862854,0.05000000074505806,0.06473230570554733,0.13124553859233856,20.046676635742188,0.00017952837515622377,,,,
178520064,0.0016534614842385054,1.0673234462738037,0.04802954941987991,0.05000000074505806,0.059316426515579224,0.07990212738513947,21.52906036376953,7.917758193798363e-05,,,,
178585600,-0.0016704555600881577,0.9536746740341187,0.04291536659002304,0.05000000074505806,0.08760978281497955,0.19523467123508453,22.878767013549805,2.2528014596900903e-05,,,,
178651136,-0.0015190213453024626,0.7728967666625977,0.0347803570330143,0.05000000074505806,0.07010754942893982,0.1349133849143982,21.97785186767578,0.00016004768258426338,,-39.430137634277344,,0.0029296875
178716672,0.005848025903105736,3.4499709606170654,0.15524868667125702,0.05000000074505806,0.021055610850453377,0.241886705160141,39.52302169799805,1.8658536646398716e-05,,,,
178782208,-0.0010579260997474194,3.6388161182403564,0.16374675929546356,0.05000000074505806,0.004714585840702057,0.34136074781417847,24.70499610900879,8.933755452744663e-06,,,,
178847744,0.0005103281582705677,3.6570639610290527,0.16456788778305054,0.05000000074505806,0.09926166385412216,1.1229900121688843,22.95262908935547,4.1233092815673444e-06,,,,
178913280,-0.0011406221892684698,3.4155917167663574,0.15370164811611176,0.05000000074505806,0.02027956396341324,0.09923849999904633,23.73072624206543,7.211564934550552e-06,,,,
178978816,-0.0002650897949934006,3.334820508956909,0.15006692707538605,0.05000000074505806,0.011766139417886734,0.1122048869729042,24.986108779907227,1.1072136658185627e-05,,,,
179044352,-0.00016829906962811947,1.5383508205413818,0.06922578811645508,0.05000000074505806,0.2950223684310913,0.22713108360767365,26.853139877319336,4.6249653678387403e-05,-32.20796203613281,,0.014294996857643127,
179109888,-0.002829147968441248,0.8117029070854187,0.0365266315639019,0.05000000074505806,0.007681164890527725,0.11173990368843079,23.74073028564453,2.700889490370173e-05,,,,
179175424,0.0004577429499477148,1.0097312927246094,0.04543791338801384,0.05000000074505806,0.06966196000576019,0.5783309936523438,24.15083122253418,9.374660294270143e-06,,,,
179240960,0.0013435091823339462,1.9703625440597534,0.08866630494594574,0.05000000074505806,0.07418836653232574,0.6029776334762573,21.151403427124023,6.901427695993334e-06,,,,
179306496,0.0011380623327568173,1.5569782257080078,0.07006402313709259,0.05000000074505806,0.04467509686946869,0.571442723274231,25.862295150756836,1.1936877854168415e-05,,,,
179372032,-0.0023039928637444973,1.1029810905456543,0.049634143710136414,0.05000000074505806,0.07058031111955643,0.18188436329364777,25.41827964782715,0.0004653125361073762,,,,
179437568,-0.0011980975978076458,1.004320502281189,0.04519442468881607,0.05000000074505806,0.037589311599731445,0.11782851070165634,21.98406982421875,0.0008426101412624121,,,,
179503104,-0.002340137492865324,0.8860188126564026,0.03987085074186325,0.05000000074505806,0.048526398837566376,0.07776320725679398,17.306068420410156,7.539625221397728e-05,,,,
179568640,0.00037877840804867446,1.278099536895752,0.057514488697052,0.05000000074505806,0.050257787108421326,0.10040391236543655,21.089527130126953,2.418384792690631e-05,,,,
179634176,-0.0015068802749738097,1.2355247735977173,0.05559861660003662,0.05000000074505806,0.05100035294890404,0.09460750967264175,25.726491928100586,2.2010464817867614e-05,,,,
179699712,-0.0029864246025681496,0.7452635765075684,0.033536866307258606,0.05000000074505806,0.03640424460172653,0.07968151569366455,18.38263511657715,0.00011756510502891615,,,,
179765248,0.0004958886420354247,0.56480473279953,0.025416212156414986,0.05000000074505806,0.032868847250938416,0.39506766200065613,24.445253372192383,0.0002953175571747124,,,,
179830784,-0.0003824625164270401,0.6269019842147827,0.028210589662194252,0.05000000074505806,0.03538401424884796,0.5545212030410767,22.363788604736328,9.305581625085324e-05,,,,
179896320,-0.0010917970212176442,0.6038577556610107,0.02717360109090805,0.05000000074505806,0.047221191227436066,0.17468418180942535,20.42193031311035,4.900628118775785e-05,,,,
179961856,-0.002393055474385619,0.7564382553100586,0.034039728343486786,0.05000000074505806,0.04320660978555679,0.38130950927734375,21.416418075561523,0.00010655540972948074,,,,
180027392,0.001199000864289701,0.7359545826911926,0.033117957413196564,0.05000000074505806,0.05865465849637985,0.20124685764312744,23.520130157470703,2.7847445380757563e-05,-23.75480079650879,,0.029972752556204796,
180092928,-0.00041805056389421225,0.7685288786888123,0.03458379954099655,0.05000000074505806,0.040431588888168335,0.09885711222887039,21.846328735351562,9.965774370357394e-05,,,,
180158464,0.00020398449851199985,1.5272215604782104,0.06872497498989105,0.05000000074505806,0.026196159422397614,0.08619017899036407,22.660791397094727,0.00013781794405076653,,,,
180224000,-0.0009987850207835436,1.0103861093521118,0.045467376708984375,0.05000000074505806,0.0626462996006012,0.13396765291690826,21.837234497070312,2.6623307348927483e-05,,,,
180289536,-0.0023094681091606617,0.8796986937522888,0.039586443454027176,0.05000000074505806,0.050198592245578766,0.09742207825183868,19.785579681396484,0.00019193554180674255,,-38.601585388183594,,0.0009765625
180355072,0.005214940290898085,3.3672420978546143,0.15152591466903687,0.05000000074505806,0.04971831664443016,0.06764227151870728,32.11560821533203,2.0155688616796397e-05,,,,
180420608,0.002091018483042717,3.547400951385498,0.15963304042816162,0.05000000074505806,0.005164662376046181,0.3199652433395386,34.47183609008789,9.217517799697816e-06,,,,
180486144,0.0010101934894919395,3.5940632820129395,0.16173286736011505,0.05000000074505806,0.06135811284184456,0.16494689881801605,24.25551986694336,2.9791772249154747e-06,,,,
180551680,-0.000603769498411566,3.377755880355835,0.15199902653694153,0.05000000074505806,0.023487426340579987,0.14029808342456818,22.8920955657959,1.4616068256145809e-05,,,,
180617216,0.00023201876319944859,3.3797543048858643,0.1520889401435852,0.05000000074505806,0.005952519830316305,0.15287116169929504,28.282527923583984,1.134101148636546e-05,,,,
180682752,-0.0015238726045936346,1.5447237491607666,0.06951256841421127,0.05000000074505806,0.2781255543231964,0.2127578854560852,23.716148376464844,3.962836854043417e-05,-33.05530548095703,,0.007002801168709993,
180748288,-0.000738644041121006,0.8262551426887512,0.03718148171901703,0.05000000074505806,0.008901241235435009,0.07874862849712372,26.751060485839844,2.355741526116617e-05,,,,
180813824,0.0010935069294646382,0.8661012649536133,0.03897455707192421,0.05000000074505806,0.08699943125247955,0.9911414384841919,26.585323333740234,1.4286710211308673e-05,,,,
180879360,0.0023936911020427942,1.743261694908142,0.07844678312540054,0.05000000074505806,0.07595469802618027,0.21136188507080078,27.708148956298828,8.793265806161799e-06,,,,
180944896,0.0010673858923837543,1.8555116653442383,0.0834980234503746,0.05000000074505806,0.031195160001516342,0.3863247036933899,26.281766891479492,1.1121102033939678e-05,,,,
181010432,0.0008830855949781835,1.218569278717041,0.054835617542266846,0.05000000074505806,0.08122347295284271,0.17361891269683838,32.27723693847656,0.0003324369608890265,,,,
181075968,-0.0005297977477312088,1.0735598802566528,0.04831019416451454,0.05000000074505806,0.03928361088037491,0.10158134251832962,29.86634063720703,0.000673117465339601,,,,
181141504,-0.0018000320997089148,1.0014514923095703,0.045065321028232574,0.05000000074505806,0.05601373687386513,0.0996968150138855,18.653217315673828,0.00011874720075866207,,,,
181207040,0.000978546217083931,1.3020399808883667,0.058591797947883606,0.05000000074505806,0.04087863117456436,0.06948486715555191,21.770401000976562,4.263203663867898e-05,,,,
181272576,-0.0016909230034798384,1.3082973957061768,0.05887337774038315,0.05000000074505806,0.07375793159008026,0.13985788822174072,20.129180908203125,1.3341353223950136e-05,,,,
181338112,-0.0023556421510875225,0.8090189695358276,0.036405857652425766,0.05000000074505806,0.07108047604560852,0.09783291071653366,23.03076171875,0.00011408457794459537,,,,
181403648,-0.0011883582919836044,0.5387355089187622,0.024243097752332687,0.05000000074505806,0.05348563194274902,0.3102710545063019,17.88847541809082,0.0003001708537340164,,,,
181469184,-4.188087768852711e-05,0.7268394827842712,0.03270777687430382,0.05000000074505806,0.04967135190963745,0.10693594813346863,20.53033447265625,5.610497828456573e-05,,,,
181534720,-0.0016248140018433332,0.578202486038208,0.026019113138318062,0.05000000074505806,0.05639880523085594,0.1325545310974121,20.503814697265625,2.3002055968390778e-05,,,,
181600256,-0.0004248304758220911,0.6907321810722351,0.03108294866979122,0.05000000074505806,0.07457222044467926,0.10438007861375809,20.937149047851562,5.681380571331829e-05,,,,
181665792,-0.00021702202502638102,0.70807284116745,0.03186327964067459,0.05000000074505806,0.06583954393863678,0.19565092027187347,21.10623550415039,3.60768026439473e-05,-23.766773223876953,,0.042293235659599304,
181731328,-0.0004535647458396852,0.7576590776443481,0.034094661474227905,0.05000000074505806,0.061744481325149536,0.09033358097076416,17.75078010559082,7.872210699133575e-05,,,,
181796864,0.0006076449062675238,1.2375190258026123,0.05568835139274597,0.05000000074505806,0.07089875638484955,0.39387813210487366,22.229063034057617,8.399540092796087e-05,,,,
181862400,-0.0001137489452958107,0.8187195062637329,0.036842379719018936,0.05000000074505806,0.08795051276683807,0.1322491466999054,25.21603775024414,2.6077244910993613e-05,,,,
181927936,-0.0011607669293880463,0.838823139667511,0.03774704411625862,0.05000000074505806,0.047562483698129654,0.13330012559890747,23.634544372558594,0.0002340759674552828,,-38.777626037597656,,0.0029296875
181993472,0.0010332816746085882,3.3948357105255127,0.1527676284313202,0.05000000074505806,0.024021539837121964,0.2548651695251465,34.049217224121094,2.1131410903763026e-05,,,,
182059008,-0.0008382016094401479,3.5647900104522705,0.16041553020477295,0.05000000074505806,0.004883057437837124,0.19286933541297913,25.238752365112305,9.516151294519659e-06,,,,
182124544,0.0019740734715014696,3.5251221656799316,0.15863049030303955,0.05000000074505806,0.0682143121957779,0.29147592186927795,25.914308547973633,3.0246819733292796e-06,,,,
182190080,0.0007645675214007497,3.3071794509887695,0.148823082447052,0.05000000074505806,0.019223414361476898,0.09753480553627014,25.35978126525879,1.393716229358688e-05,,,,
182255616,0.0026489165611565113,3.3262195587158203,0.14967989921569824,0.05000000074505806,0.010666262358427048,0.12383552640676498,28.15900993347168,1.095408879336901e-05,,,,
182321152,0.0009126171935349703,1.5217076539993286,0.0684768483042717,0.05000000074505806,0.2204984426498413,0.33385756611824036,28.81951904296875,4.3835527321789414e-05,-35.56026077270508,,0.0020949719473719597,
182386688,0.0005502899875864387,0.8969293236732483,0.04036181792616844,0.05000000074505806,0.011277622543275356,0.09488222002983093,25.108657836914062,2.3119380784919485e-05,,,,
182452224,0.00017652020324021578,0.9192257523536682,0.041365157812833786,0.05000000074505806,0.068942129611969,0.4769364595413208,26.876741409301758,1.5077586795086972e-05,,,,
182517760,8.017534855753183e-05,1.7344071865081787,0.07804833352565765,0.05000000074505806,0.05682571232318878,0.22905905544757843,20.54017448425293,7.737442501820624e-06,,,,
182583296,0.0012414063094183803,1.489328384399414,0.06701977550983429,0.05000000074505806,0.03267321735620499,0.2850189507007599,18.94455337524414,1.458106271456927e-05,,,,
182648832,-0.0027626152150332928,1.0794730186462402,0.04857628792524338,0.05000000074505806,0.07595783472061157,0.3239833414554596,20.508602142333984,0.000409122760174796,,,,
182714368,-0.0010234224610030651,0.9325763583183289,0.04196593910455704,0.05000000074505806,0.04628113657236099,0.16692981123924255,20.47380828857422,0.000635027012322098,,,,
182779904,-0.0008460067911073565,0.9247052073478699,0.04161173477768898,0.05000000074505806,0.0792950689792633,0.11951744556427002,17.718950271606445,0.0001232807117048651,,,,
182845440,0.0006419038400053978,1.0500797033309937,0.04725358262658119,0.05000000074505806,0.03385549783706665,0.07314896583557129,25.033864974975586,4.014985097455792e-05,,,,
182910976,-0.0019867694936692715,1.3313262462615967,0.05990968644618988,0.05000000074505806,0.06876596808433533,0.4281907081604004,21.015369415283203,1.2242052434885409e-05,,,,
182976512,-0.0018335003405809402,0.9020296931266785,0.04059133678674698,0.05000000074505806,0.09707005321979523,0.13092775642871857,25.623291015625,7.096632907632738e-05,,,,
183042048,0.00034693535417318344,0.5257253646850586,0.02365764230489731,0.05000000074505806,0.035109665244817734,0.6993783116340637,25.374120712280273,0.0003155553131364286,,,,
183107584,-0.0028100726194679737,0.5483372211456299,0.024675173684954643,0.05000000074505806,0.036407582461833954,0.13921186327934265,18.754526138305664,7.58227615733631e-05,,,,
183173120,-0.0009088137885555625,0.5407712459564209,0.024334704503417015,0.05000000074505806,0.04925602674484253,0.09091824293136597,21.037845611572266,3.510692476993427e-05,,,,
183238656,-0.00017596493125893176,1.0435764789581299,0.046960946172475815,0.05000000074505806,0.04174409061670303,0.1339525729417801,23.21336555480957,0.00012497884745243937,,,,
183304192,-0.0013126280391588807,1.1648074388504028,0.05241633951663971,0.05000000074505806,0.07756387442350388,0.28046438097953796,23.519107818603516,1.9448136299615726e-05,-19.77055549621582,,0.049808427691459656,
183369728,-0.003058784641325474,0.6842000484466553,0.030789004638791084,0.05000000074505806,0.05129116028547287,0.08773431181907654,17.243671417236328,0.0001287325139855966,,,,
183435264,0.0002524451119825244,0.9416563510894775,0.04237453639507294,0.05000000074505806,0.04961274191737175,0.09455037117004395,22.995010375976562,0.00021943966567050666,,,,
183500800,0.0003338318783789873,0.7905510663986206,0.03557480126619339,0.05000000074505806,0.10518607497215271,0.611768364906311,27.296749114990234,3.0890980269759893e-05,,,,
183566336,-0.0009506389033049345,0.7951928377151489,0.03578367829322815,0.05000000074505806,0.056237541139125824,0.11513673514127731,21.301898956298828,0.0003918033908121288,,-38.93662643432617,,0.0029296875
183631872,0.00039062462747097015,3.3452396392822266,0.15053579211235046,0.05000000074505806,0.04685131460428238,0.12118123471736908,29.185392379760742,1.8157217709813267e-05,,,,
183697408,-0.0014931075274944305,3.4801783561706543,0.15660803020000458,0.05000000074505806,0.001624934608116746,0.07825937867164612,23.76666259765625,1.1639606782409828e-05,,,,
183762944,0.000283579109236598,3.4752979278564453,0.15638841688632965,0.05000000074505806,0.049466848373413086,0.3352586328983307,22.776058197021484,2.9796906346746255e-06,,,,
183828480,-0.0006195008754730225,3.2685844898223877,0.14708629250526428,0.05000000074505806,0.020831722766160965,0.10826320946216583,20.912052154541016,1.43504375955672e-05,,,,
183894016,0.0024740637745708227,3.294980049133301,0.14827409386634827,0.05000000074505806,0.013934209011495113,0.2109530121088028,29.721179962158203,8.817445632303134e-06,,,,
183959552,-0.001202874816954136,1.5309031009674072,0.06889063864946365,0.05000000074505806,0.19267120957374573,0.62636399269104,25.516223907470703,3.749544339370914e-05,-34.84334182739258,,0.0043541365303099155,
184025088,0.0025900336913764477,0.7410659790039062,0.0333479680120945,0.05000000074505806,0.01358376070857048,0.24370317161083221,26.500999450683594,2.5854842533590272e-05,,,,
184090624,0.0008454755879938602,1.0677969455718994,0.048050861805677414,0.05000000074505806,0.03885183483362198,0.1081487163901329,24.446758270263672,1.1694329259626102e-05,,,,
184156160,0.0021271840669214725,2.0053091049194336,0.09023891389369965,0.05000000074505806,0.06115970015525818,0.139120951294899,25.948287963867188,6.761605618521571e-06,,,,
184221696,-0.00036910176277160645,2.1013529300689697,0.09456087648868561,0.05000000074505806,0.037472888827323914,0.5268136262893677,21.360027313232422,1.4182062841427978e-05,,,,
184287232,-0.002230909187346697,1.2379324436187744,0.05570696294307709,0.05000000074505806,0.1835172474384308,0.7645071148872375,22.997039794921875,0.000375172880012542,,,,
184352768,-0.0011177763808518648,1.020818829536438,0.04593684896826744,0.05000000074505806,0.029638372361660004,0.10393340140581131,22.71095085144043,0.0008795523317530751,,,,
184418304,-0.0005208093207329512,0.8449355959892273,0.03802210092544556,0.05000000074505806,0.04369984567165375,0.08091945946216583,20.804874420166016,0.00010456827294547111,,,,
184483840,0.001252744346857071,1.3829460144042969,0.062232568860054016,0.05000000074505806,0.03298516571521759,0.1703363060951233,27.30073356628418,2.1020041458541527e-05,,,,
184549376,0.0004015779122710228,1.318220615386963,0.059319935739040375,0.05000000074505806,0.07893352210521698,0.1284009963274002,21.91292953491211,1.6877820598892868e-05,,,,
184614912,-0.0030249133706092834,0.8170017004013062,0.036765072494745255,0.05000000074505806,0.03911364823579788,0.07479576021432877,21.883438110351562,9.067999781109393e-05,,,,
184680448,-4.905741661787033e-05,0.5231537222862244,0.023541921749711037,0.05000000074505806,0.04885823279619217,0.0957268700003624,21.787626266479492,0.00018946790078189224,,,,
184745984,0.00019240728579461575,0.5750554203987122,0.025877490639686584,0.05000000074505806,0.04357042908668518,0.11783704906702042,20.41742706298828,0.00011876768985530362,,,,
184811520,0.0004733535461127758,0.5702251195907593,0.025660129263997078,0.05000000074505806,0.05959399789571762,0.1312922239303589,22.955963134765625,9.350519394502044e-05,,,,
184877056,0.0005697102169506252,1.4797555208206177,0.06658900529146194,0.05000000074505806,0.11928266286849976,0.1127760037779808,18.274768829345703,0.00014065711002331227,,,,
184942592,-0.0002552131190896034,0.8443846106529236,0.03799730911850929,0.05000000074505806,0.0726165696978569,0.20487812161445618,22.524856567382812,2.8986083634663373e-05,-19.589513778686523,,0.06244424358010292,
185008128,-0.0022358561400324106,0.8421462774276733,0.03789658099412918,0.05000000074505806,0.041970692574977875,0.09416821599006653,17.378997802734375,9.832800424192101e-05,,,,
185073664,0.0004422767087817192,1.3436143398284912,0.060462646186351776,0.05000000074505806,0.023153649643063545,0.10777707397937775,19.972017288208008,0.00012263641110621393,,,,
185139200,-0.002920482074841857,0.9656201601028442,0.0434529110789299,0.05000000074505806,0.0684540718793869,0.15850383043289185,19.895549774169922,3.2990279578370973e-05,,,,
185204736,0.0009308336302638054,0.8146076202392578,0.03665734454989433,0.05000000074505806,0.04621129110455513,0.11852624267339706,27.436325073242188,0.0003208579437341541,,-38.62958526611328,,0.00390625
185270272,-0.0006211088038980961,3.2764172554016113,0.14743879437446594,0.05000000074505806,0.029499202966690063,0.09217367321252823,28.749282836914062,1.8801705664373003e-05,,,,
185335808,0.0005101633723825216,3.4170868396759033,0.15376891195774078,0.05000000074505806,0.0014911767793819308,0.08128999918699265,31.33122444152832,9.603864782548044e-06,,,,
185401344,0.002626623259857297,3.3870744705200195,0.1524183750152588,0.05000000074505806,0.04811348766088486,0.47198835015296936,28.63221549987793,2.926876049968996e-06,,,,
185466880,-0.00026659900322556496,3.137650966644287,0.14119431376457214,0.05000000074505806,0.025081131607294083,0.1133008673787117,23.466415405273438,1.2479502402129583e-05,,,,
185532416,-0.001084418036043644,3.1713833808898926,0.14271225035190582,0.05000000074505806,0.006165703758597374,0.08655937016010284,23.14412498474121,9.119406968238764e-06,,,,
185597952,-0.000417542178183794,1.4273922443389893,0.06423266232013702,0.05000000074505806,0.22106441855430603,0.4311717450618744,28.878982543945312,3.5279677831567824e-05,-34.543312072753906,,0.002191380597651005,
185663488,-0.0016643195413053036,0.7765862941741943,0.03494638204574585,0.05000000074505806,0.012503737583756447,0.12484022974967957,22.017736434936523,2.0906378267682157e-05,,,,
185729024,-0.0012743071420118213,1.0489672422409058,0.04720352217555046,0.05000000074505806,0.027089130133390427,0.12880544364452362,21.722177505493164,1.1448330042185262e-05,,,,
185794560,0.0018443763256072998,1.8440155982971191,0.08298070728778839,0.05000000074505806,0.04707908630371094,0.46641305088996887,26.779964447021484,7.280225418071495e-06,,,,
185860096,-0.0007866532541811466,2.1092240810394287,0.09491509199142456,0.05000000074505806,0.04635189101099968,0.5048437118530273,21.18691635131836,1.0169561392103788e-05,,,,
185925632,-0.002454790286719799,1.140071153640747,0.0513032041490078,0.05000000074505806,0.1780022382736206,0.14213187992572784,20.126127243041992,0.0004320593143347651,,,,
185991168,-0.0010777304414659739,1.0266326665878296,0.04619847610592842,0.05000000074505806,0.023472290486097336,0.08821465820074081,27.961523056030273,0.0009832307696342468,,,,
186056704,-0.0009454758837819099,0.94882732629776,0.042697228491306305,0.05000000074505806,0.03459127992391586,0.08329781144857407,20.316875457763672,0.00013837389997206628,,,,
186122240,0.001719860010780394,0.9246430993080139,0.04160894453525543,0.05000000074505806,0.024173010140657425,0.06441415846347809,16.848875045776367,2.2359954527928494e-05,,,,
186187776,0.0027017309330403805,1.4788460731506348,0.06654807180166245,0.05000000074505806,0.04934558644890785,0.07701258361339569,24.092910766601562,1.2333971426414791e-05,,,,
186253312,-0.0026357953902333975,1.0807890892028809,0.048635512590408325,0.05000000074505806,0.04478047043085098,0.08207083493471146,26.992971420288086,3.563826248864643e-05,,,,
186318848,-0.00023691565729677677,0.5404773950576782,0.024321485310792923,0.05000000074505806,0.042906101793050766,0.09226185083389282,19.013553619384766,0.0001500850048614666,,,,
186384384,-0.0002640851307660341,0.7917547821998596,0.035628966987133026,0.05000000074505806,0.06510908901691437,0.500338077545166,26.44489097595215,5.703121132683009e-05,,,,
186449920,-0.000827971613034606,0.5772476196289062,0.025976141914725304,0.05000000074505806,0.0799601823091507,0.09260906279087067,22.828643798828125,2.9076236387481913e-05,,,,
186515456,0.0007153742481023073,0.9758245944976807,0.04391211271286011,0.05000000074505806,0.06483729928731918,0.0832914263010025,21.311716079711914,0.00011403750977478921,,,,
186580992,-0.0005947179161012173,1.4264159202575684,0.06418871134519577,0.05000000074505806,0.05775576829910278,0.10909048467874527,22.759828567504883,1.7533595382701606e-05,,,,
186646528,-0.002702451543882489,1.161694884300232,0.05227627232670784,0.05000000074505806,0.06156057491898537,0.12825404107570648,20.284059524536133,2.3427230189554393e-05,,,,
186712064,-0.0004893401055596769,1.1709049940109253,0.05269072949886322,0.05000000074505806,0.033013083040714264,0.114924855530262,19.708938598632812,4.219495167490095e-05,,,,
186777600,-0.001965823583304882,1.1591253280639648,0.05216064304113388,0.05000000074505806,0.05117272213101387,0.1496373564004898,16.665691375732422,4.766056008520536e-05,-19.595067977905273,,0.07087378948926926,
186843136,-0.00106891302857548,0.823570966720581,0.03706069663167,0.05000000074505806,0.076868936419487,0.36018291115760803,25.40776824951172,5.017319199396297e-05,,-39.98554229736328,,0.0009765625
186908672,0.007553582079708576,3.368457317352295,0.1515805721282959,0.05000000074505806,0.04390355199575424,0.11672282963991165,36.51224899291992,1.724758476484567e-05,,,,
186974208,0.0022820166777819395,3.4104762077331543,0.153471440076828,0.05000000074505806,0.0024937214329838753,0.0631653442978859,31.325164794921875,7.792640644765925e-06,,,,
187039744,0.0020547048188745975,3.333507776260376,0.15000784397125244,0.05000000074505806,0.03263287991285324,0.3326907753944397,23.98217010498047,2.696112460398581e-06,,,,
187105280,-0.0013650052715092897,3.0647706985473633,0.13791468739509583,0.05000000074505806,0.008928881958127022,0.10044164955615997,23.75192642211914,1.2531541869975626e-05,,,,
187170816,0.0019456478767096996,3.070481538772583,0.13817167282104492,0.05000000074505806,0.013175811618566513,0.21831126511096954,24.157997131347656,7.140423804230522e-06,,,,
187236352,-0.0021688174456357956,1.3779932260513306,0.06200969219207764,0.05000000074505806,0.2784242331981659,0.5485588908195496,24.473907470703125,4.218346657580696e-05,-33.96626281738281,,0.0014947683084756136,
187301888,0.0015451305080205202,0.7330430150032043,0.03298693895339966,0.05000000074505806,0.010681699961423874,0.09141529351472855,31.625337600708008,2.6743742637336254e-05,,,,
187367424,0.0014123350847512484,0.7796308398246765,0.03508338704705238,0.05000000074505806,0.039697594940662384,0.10227858275175095,20.899921417236328,1.3040560588706285e-05,,,,
187432960,0.0001881471835076809,1.859706163406372,0.08368678390979767,0.05000000074505806,0.024514934048056602,0.11793263256549835,24.784391403198242,6.4828864196897484e-06,,,,
187498496,-0.0006280612433329225,1.413625717163086,0.063613161444664,0.05000000074505806,0.06917112320661545,0.4571072459220886,22.241046905517578,1.081800746760564e-05,,,,
187564032,-0.0019325024913996458,0.8453161120414734,0.038039229810237885,0.05000000074505806,0.1008354127407074,0.23070970177650452,24.351903915405273,0.0004734688263852149,,,,
187629568,-0.0023796502500772476,0.7483929395675659,0.033677682280540466,0.05000000074505806,0.029501736164093018,0.11312229931354523,22.349082946777344,0.0007713531376793981,,,,
187695104,-0.0014084235299378633,0.6865004897117615,0.030892524868249893,0.05000000074505806,0.036492012441158295,0.07435248047113419,17.54837989807129,0.00011831473966594785,,,,
187760640,0.0034974166192114353,1.3770663738250732,0.061967991292476654,0.05000000074505806,0.030709220096468925,0.06341345608234406,25.263275146484375,1.940870424732566e-05,,,,
187826176,-0.0018448730697855353,1.1702969074249268,0.05266336351633072,0.05000000074505806,0.051074642688035965,0.06971148401498795,19.055038452148438,2.49708718911279e-05,,,,
187891712,-0.0021338292863219976,0.67197185754776,0.03023873269557953,0.05000000074505806,0.032403189688920975,0.11036230623722076,25.48554039001465,0.00019573059398680925,,,,
187957248,0.00011919508688151836,0.5123075246810913,0.023053839802742004,0.05000000074505806,0.04899168014526367,0.11898119002580643,24.046260833740234,0.0003612342698033899,,,,
188022784,0.0007925530662760139,0.5495184659957886,0.024728331714868546,0.05000000074505806,0.04761975631117821,0.6146445870399475,22.702743530273438,0.00010289625788573176,-24.249134063720703,,0.02585410885512829,
188088320,0.0007668104954063892,0.5587998032569885,0.025145992636680603,0.05000000074505806,0.0319121778011322,0.10706288367509842,25.092811584472656,0.00030529953073710203,,,,
188153856,-0.00024510020739398897,1.097517490386963,0.04938828572630882,0.05000000074505806,0.08394395560026169,0.5451926589012146,18.762855529785156,0.0002777658519335091,,,,
188219392,-0.0018626560922712088,0.6417344808578491,0.02887805551290512,0.05000000074505806,0.0920059010386467,0.472791850566864,18.92786979675293,3.484275657683611e-05,,,,
188284928,-0.002133810892701149,0.6555882096290588,0.029501469805836678,0.05000000074505806,0.03200126439332962,0.07678284496068954,21.652965545654297,0.0002624525222927332,,,,
188350464,0.000570467789657414,1.3611347675323486,0.061251066625118256,0.05000000074505806,0.034517765045166016,0.09772142022848129,26.47707748413086,0.0002857296203728765,,,,
188416000,-0.0026542474515736103,1.0552241802215576,0.047485094517469406,0.05000000074505806,0.08509816229343414,0.10767416656017303,23.452848434448242,3.534277857397683e-05,,,,
188481536,0.00018129945965483785,0.7171613574028015,0.03227226063609123,0.05000000074505806,0.050926607102155685,0.1113230437040329,22.410202026367188,0.00029955129139125347,,-38.54539108276367,,0.0
188547072,0.008052997291088104,3.2991976737976074,0.1484639048576355,0.05000000074505806,0.02760060504078865,0.15364906191825867,42.20096206665039,1.7208349163411185e-05,,,,
188612608,0.001414293423295021,3.402203321456909,0.1530991494655609,0.05000000074505806,0.003777887439355254,0.11177463829517365,27.619718551635742,9.650479114498012e-06,,,,
188678144,0.001847711275331676,3.3875060081481934,0.15243777632713318,0.05000000074505806,0.056243639439344406,0.17114569246768951,24.535507202148438,3.241126478314982e-06,,,,
188743680,-0.0017305361106991768,3.129801034927368,0.1408410668373108,0.05000000074505806,0.02272786572575569,0.15506114065647125,21.919145584106445,1.605625220690854e-05,,,,
188809216,-0.0013369056396186352,3.190450668334961,0.14357030391693115,0.05000000074505806,0.01201420184224844,0.0857267752289772,18.62260627746582,9.075641173694748e-06,,,,
188874752,-0.0013476093299686909,1.4286012649536133,0.06428705155849457,0.05000000074505806,0.20713640749454498,0.49031972885131836,27.30360984802246,3.529415334924124e-05,-33.27094650268555,,0.009993338026106358,
188940288,-0.0008313457947224379,0.7637666463851929,0.03436949849128723,0.05000000074505806,0.015027856454253197,0.1315610706806183,22.531103134155273,1.535791852802504e-05,,,,
189005824,0.0004310439107939601,0.9808009266853333,0.04413603991270065,0.05000000074505806,0.04632856696844101,0.7152535915374756,24.1721134185791,1.2850919119955506e-05,,,,
189071360,-0.0002971375361084938,1.9669504165649414,0.08851277083158493,0.05000000074505806,0.07726329565048218,0.3785247802734375,21.945932388305664,1.033479202305898e-05,,,,
189136896,0.0009188100229948759,1.104551076889038,0.04970480129122734,0.05000000074505806,0.04993554204702377,0.24038133025169373,26.300596237182617,1.7546870367368683e-05,,,,
189202432,-0.0007737664273008704,0.7673038840293884,0.03452868014574051,0.05000000074505806,0.062438324093818665,0.488366037607193,28.179580688476562,0.001716202707029879,,,,
189267968,-0.002237746026366949,0.72175532579422,0.03247898817062378,0.05000000074505806,0.04794852435588837,0.18882814049720764,23.471351623535156,0.001792964874766767,,,,
189333504,-0.0009346818551421165,0.6272204518318176,0.028224922716617584,0.05000000074505806,0.0236089788377285,0.08230902254581451,16.947635650634766,0.000163132295710966,,,,
189399040,-0.001011899090372026,1.4656121730804443,0.06595254689455032,0.05000000074505806,0.014330156147480011,0.07861632108688354,17.90260887145996,5.563599552260712e-05,,,,
189464576,-0.0022415432613343,1.1642184257507324,0.052389830350875854,0.05000000074505806,0.021126925945281982,0.05793407931923866,22.13787078857422,1.9284459995105863e-05,,,,
189530112,-0.002678962890058756,0.74036705493927,0.033316515386104584,0.05000000074505806,0.01682977005839348,0.0682186484336853,26.994522094726562,0.00012711127055808902,,,,
189595648,0.002184642245993018,0.48675909638404846,0.02190415933728218,0.05000000074505806,0.031699590384960175,0.0970749482512474,22.928272247314453,0.00028195162303745747,,,,
189661184,-0.00045348668936640024,0.5269132852554321,0.02371109649538994,0.05000000074505806,0.05161441117525101,0.1619415283203125,20.77873992919922,6.65434927213937e-05,,,,
189726720,-0.0013810442760586739,0.5458446741104126,0.024563010782003403,0.05000000074505806,0.032935768365859985,0.09362305700778961,20.12116050720215,0.00029259067378006876,-24.829973220825195,,0.025438597425818443,
189792256,0.0025893421843647957,0.9043463468551636,0.040695589035749435,0.05000000074505806,0.03770006448030472,0.06774047017097473,18.1268310546875,0.00027343459078110754,,,,
189857792,-0.003621989395469427,0.8499220013618469,0.03824649006128311,0.05000000074505806,0.055454835295677185,0.1433260291814804,17.2417049407959,1.3601658793049864e-05,,,,
189923328,-0.0013506457908079028,0.6335285305976868,0.028508786112070084,0.05000000074505806,0.05408867821097374,0.10033766180276871,24.160913467407227,6.886327173560858e-05,,,,
189988864,-0.0009152713464573026,0.7345026135444641,0.03305261582136154,0.05000000074505806,0.04090820252895355,0.10637855529785156,24.17926788330078,0.0001962561800610274,,,,
190054400,-0.0009799179388210177,0.6221535205841064,0.027996908873319626,0.05000000074505806,0.10047324001789093,0.1913229376077652,20.980424880981445,2.492194289516192e-05,,,,
190119936,-0.0023311844561249018,0.6514683961868286,0.02931608259677887,0.05000000074505806,0.06208481639623642,0.10174296796321869,18.548187255859375,0.0001124936607084237,,-39.076629638671875,,0.0
190185472,0.00965273566544056,3.387570381164551,0.15244068205356598,0.05000000074505806,0.019914967939257622,0.06486339122056961,43.729496002197266,1.5722125681350008e-05,,,,
190251008,-0.0005781521904282272,3.4441421031951904,0.1549864113330841,0.05000000074505806,0.0019917283207178116,0.172316312789917,25.404138565063477,9.605711966287345e-06,,,,
190316544,-0.0012231952277943492,3.436767101287842,0.15465454757213593,0.05000000074505806,0.027028953656554222,0.126609206199646,16.829566955566406,2.8316740099398885e-06,,,,
190382080,-0.0010711238719522953,3.1604630947113037,0.14222083985805511,0.05000000074505806,0.015693845227360725,0.10326360166072845,25.853092193603516,2.501622657291591e-05,,,,
190447616,0.0008101260755211115,3.130854606628418,0.14088846743106842,0.05000000074505806,0.02867913618683815,0.15714839100837708,21.286788940429688,9.570909242029302e-06,,,,
190513152,1.4375837054103613e-05,1.4102072715759277,0.06345932930707932,0.05000000074505806,0.20052823424339294,0.36740174889564514,31.973285675048828,2.8217877115821466e-05,-31.809555053710938,,0.007703081239014864,
190578688,0.003059595823287964,0.8412225246429443,0.037855010479688644,0.05000000074505806,0.009125610813498497,0.1144707128405571,28.808822631835938,1.165810590464389e-05,,,,
190644224,0.00023232121020555496,1.0309429168701172,0.04639244079589844,0.05000000074505806,0.06395836174488068,0.29910290241241455,20.012544631958008,1.53716464410536e-05,,,,
190709760,-4.902249202132225e-06,1.5992162227630615,0.07196473330259323,0.05000000074505806,0.07441013306379318,0.14410817623138428,21.058917999267578,9.712943210615776e-06,,,,
190775296,-0.0002582562156021595,1.3691473007202148,0.06161162257194519,0.05000000074505806,0.05893085151910782,0.4419209063053131,20.58389663696289,2.8815124096581712e-05,,,,
190840832,-0.0023013015743345022,1.13090181350708,0.05089058354496956,0.05000000074505806,0.09580682963132858,0.18496102094650269,26.538501739501953,0.00039677717722952366,,,,
190906368,-0.0011160881258547306,1.0203721523284912,0.04591674357652664,0.05000000074505806,0.05334331840276718,0.10726748406887054,22.334569931030273,0.0004862727364525199,,,,
190971904,-0.0004392802366055548,0.9310973286628723,0.04189938306808472,0.05000000074505806,0.09632383286952972,0.42323431372642517,24.310306549072266,8.029177115531638e-05,,,,
191037440,-0.00031017232686281204,1.737026333808899,0.0781661868095398,0.05000000074505806,0.09000307321548462,0.6168166995048523,23.44243621826172,1.3454353393171914e-05,,,,
191102976,-0.0017366940155625343,1.2111948728561401,0.05450376868247986,0.05000000074505806,0.05836499482393265,0.079068623483181,22.24393081665039,2.4087403289740905e-05,,,,
191168512,-0.0009190321434289217,0.7403795123100281,0.03331707790493965,0.05000000074505806,0.034972257912158966,0.10683448612689972,21.285900115966797,0.0001125446506193839,,,,
191234048,-0.00033805309794843197,0.5689727067947388,0.025603774935007095,0.05000000074505806,0.04439755901694298,0.4583064019680023,19.775659561157227,0.00025080222985707223,,,,
191299584,-0.000652731629088521,0.6076610088348389,0.02734474465250969,0.05000000074505806,0.07592687755823135,0.13941651582717896,20.734458923339844,5.5193879234138876e-05,,,,
191365120,-0.00047973403707146645,0.5692000389099121,0.025614004582166672,0.05000000074505806,0.04990316554903984,0.12856628000736237,19.768508911132812,6.865033356007189e-05,,,,
191430656,0.0005260671023279428,1.2132991552352905,0.05459846556186676,0.05000000074505806,0.041543662548065186,0.06146971508860588,21.57537269592285,4.19962962041609e-05,,,,
191496192,-0.0009416185785084963,0.9939981698989868,0.044729914516210556,0.05000000074505806,0.07519541680812836,0.16223201155662537,23.183786392211914,2.0725279682665132e-05,,,,
191561728,-0.0015423867153003812,0.8198628425598145,0.03689383342862129,0.05000000074505806,0.029504016041755676,0.09955524653196335,19.375696182250977,8.572878869017586e-05,,,,
191627264,-0.001399356173351407,0.9236870408058167,0.0415659174323082,0.05000000074505806,0.03140880540013313,0.11917300522327423,21.167749404907227,9.064632467925549e-05,,,,
191692800,-0.0002623389009386301,0.8485555648803711,0.0381850004196167,0.05000000074505806,0.04574987664818764,0.17181284725666046,22.32270050048828,1.810361209209077e-05,,,,
191758336,-0.0029604791197925806,0.8312431573867798,0.03740594908595085,0.05000000074505806,0.0564127080142498,0.11472757905721664,20.708406448364258,7.872515561757609e-05,-23.539363861083984,-39.89032745361328,0.03415941074490547,0.001953125
191823872,0.0029441602528095245,3.3662891387939453,0.15148302912712097,0.05000000074505806,0.03407493233680725,0.27497076988220215,36.00106430053711,1.4441852727031801e-05,,,,
191889408,0.0006113979034125805,3.5774741172790527,0.16098633408546448,0.05000000074505806,0.003434717422351241,0.20184607803821564,28.033538818359375,6.179428510222351e-06,,,,
191954944,0.001329619437456131,3.686333179473877,0.16588500142097473,0.05000000074505806,0.04146036505699158,0.2720809280872345,22.190505981445312,2.6376883397460915e-06,,,,
192020480,-0.0016323956660926342,3.43802809715271,0.1547112762928009,0.05000000074505806,0.015634264796972275,0.1239657774567604,21.816621780395508,1.0304020179319195e-05,,,,
192086016,0.0019279775442555547,3.3851988315582275,0.15233394503593445,0.05000000074505806,0.014689747244119644,0.1957622915506363,26.979248046875,7.73281863075681e-06,,,,
192151552,-0.0017792432336136699,1.4969217777252197,0.06736148148775101,0.05000000074505806,0.2584646940231323,0.25053417682647705,26.403329849243164,3.131618723273277e-05,,,,
192217088,0.0026923890691250563,0.8275219202041626,0.03723848611116409,0.05000000074505806,0.0066728065721690655,0.07338932901620865,24.760656356811523,1.0049971933767665e-05,,,,
192282624,0.0021515567786991596,1.0499848127365112,0.04724931716918945,0.05000000074505806,0.055483318865299225,0.61907559633255,24.25617027282715,1.184164375445107e-05,,,,
192348160,0.0006278216606006026,1.8508780002593994,0.0832895040512085,0.05000000074505806,0.07311142981052399,0.278873085975647,21.016551971435547,7.474385711248033e-06,,,,
192413696,0.0001919269561767578,2.304959535598755,0.1037231832742691,0.05000000074505806,0.041244421154260635,0.5220450758934021,26.22719955444336,1.0344904694647994e-05,,,,
192479232,-0.0009194989688694477,1.460376501083374,0.0657169446349144,0.05000000074505806,0.23240119218826294,0.2333073765039444,22.748428344726562,7.755594560876489e-05,-30.112985610961914,,0.039772726595401764,
192544768,-0.0009953801054507494,1.2886265516281128,0.05798819661140442,0.05000000074505806,0.045060716569423676,0.10927951335906982,17.176855087280273,0.00024386429868172854,,,,
192610304,-0.00020845007384195924,1.2281863689422607,0.05526839196681976,0.05000000074505806,0.043507158756256104,0.09295003116130829,24.25171661376953,6.411816866602749e-05,,,,
192675840,-0.0006095920689404011,1.4334969520568848,0.0645073652267456,0.05000000074505806,0.044290266931056976,0.09352418780326843,21.159502029418945,3.190224742866121e-05,,,,
192741376,-0.0013078986667096615,1.4767625331878662,0.06645431369543076,0.05000000074505806,0.03413314372301102,0.16030913591384888,19.280855178833008,1.4446413842961192e-05,,,,
192806912,-0.002811598125845194,0.9715867042541504,0.04372140392661095,0.05000000074505806,0.044686246663331985,0.1034332811832428,23.944580078125,4.0643040847498924e-05,,,,
192872448,-0.0007738370914012194,0.663615345954895,0.02986268885433674,0.05000000074505806,0.0387149341404438,0.24359558522701263,20.636085510253906,7.728710625087842e-05,,,,
192937984,-0.0016288040205836296,0.8356218338012695,0.0376029834151268,0.05000000074505806,0.043595090508461,0.24905410408973694,19.6834659576416,2.1295561964507215e-05,,,,
193003520,-0.0013059445191174746,0.650115430355072,0.02925519272685051,0.05000000074505806,0.080925352871418,0.14675040543079376,19.894556045532227,1.831859117373824e-05,,,,
193069056,-0.0006616831524297595,0.8080674409866333,0.036363035440444946,0.05000000074505806,0.05096898972988129,0.09581106901168823,17.505414962768555,2.9568696845672093e-05,,,,
193134592,-0.0011536236852407455,0.7455461025238037,0.03354957699775696,0.05000000074505806,0.0687321126461029,0.2602790296077728,21.54932975769043,2.6430998332216404e-05,,,,
193200128,0.0012783712008967996,1.0992990732192993,0.04946845769882202,0.05000000074505806,0.03141934797167778,0.07613487541675568,22.07982635498047,4.368342342786491e-05,,,,
193265664,1.3035780284553766e-05,1.6376960277557373,0.0736963227391243,0.05000000074505806,0.04472125321626663,0.11220864951610565,22.181001663208008,1.597344089532271e-05,,,,
193331200,-0.0018526054918766022,1.236299753189087,0.05563349276781082,0.05000000074505806,0.09668467938899994,0.1428646743297577,25.352163314819336,2.479812246747315e-05,,,,
193396736,-0.0030855080112814903,1.0270313024520874,0.04621640592813492,0.05000000074505806,0.05931410193443298,0.1781735122203827,22.412212371826172,9.084936755243689e-05,-26.48775863647461,-39.8248176574707,0.0223214291036129,0.0
193462272,0.005592710804194212,3.337303876876831,0.1501786857843399,0.05000000074505806,0.0387519933283329,0.27642279863357544,29.169269561767578,1.583825724082999e-05,,,,
193527808,8.287664968520403e-05,3.533501148223877,0.15900757908821106,0.05000000074505806,0.007631300017237663,0.12724238634109497,17.095298767089844,7.81990365794627e-06,,,,
193593344,0.0003934394335374236,3.6181020736694336,0.16281460225582123,0.05000000074505806,0.05583642050623894,0.29443103075027466,20.335960388183594,2.818751454469748e-06,,,,
193658880,-0.0018944144248962402,3.352914810180664,0.15088115632534027,0.05000000074505806,0.01688758097589016,0.07510267198085785,19.06610107421875,1.1366746548446827e-05,,,,
193724416,-0.0021731029264628887,3.309480905532837,0.14892664551734924,0.05000000074505806,0.006538928486406803,0.1613149344921112,20.903549194335938,7.691289283684455e-06,,,,
193789952,-0.002614501630887389,1.484715223312378,0.0668121874332428,0.05000000074505806,0.1735011339187622,0.21884489059448242,24.594390869140625,2.885677713493351e-05,,,,
193855488,-0.0009132809937000275,0.8161293268203735,0.03672581911087036,0.05000000074505806,0.0057211583480238914,0.07990546524524689,27.18360710144043,1.060438353306381e-05,,,,
193921024,0.00030531943775713444,0.9113609194755554,0.04101124033331871,0.05000000074505806,0.06225060671567917,0.4245074987411499,19.4605712890625,1.4360368368215859e-05,,,,
193986560,-0.0002412258181720972,1.3942724466323853,0.06274226307868958,0.05000000074505806,0.061319563537836075,0.23060178756713867,18.389602661132812,8.663487278681714e-06,,,,
194052096,0.0009507292415946722,1.8158743381500244,0.08171434700489044,0.05000000074505806,0.06934639811515808,0.4190254807472229,23.671363830566406,1.588900704518892e-05,,,,
194117632,-0.003021895419806242,1.297692060470581,0.05839613825082779,0.05000000074505806,0.1416708379983902,0.17795799672603607,20.081520080566406,9.269200381822884e-05,-30.36421012878418,,0.027422305196523666,
194183168,-0.0018752333708107471,1.2151397466659546,0.054681289941072464,0.05000000074505806,0.03858356177806854,0.1407679170370102,18.401247024536133,0.0001214335352415219,,,,
194248704,0.0013198577798902988,1.1783162355422974,0.05302422493696213,0.05000000074505806,0.07398529350757599,0.1654283106327057,27.522960662841797,3.5165168810635805e-05,,,,
194314240,0.0012114020064473152,1.3449838161468506,0.06052427738904953,0.05000000074505806,0.070162832736969,0.6423589587211609,28.058422088623047,1.5394552974612452e-05,,,,
194379776,0.0009217426413670182,1.3915252685546875,0.06261864304542542,0.05000000074505806,0.04147390276193619,0.08021751046180725,21.828369140625,1.0070487405755557e-05,,,,
194445312,-0.0034841937012970448,0.9229916930198669,0.041534632444381714,0.05000000074505806,0.07589038461446762,0.16398870944976807,23.532981872558594,4.117749631404877e-05,,,,
194510848,-0.0018039215356111526,0.6452385783195496,0.029035739600658417,0.05000000074505806,0.04157770797610283,0.12277955561876297,18.212345123291016,0.00011981015995843336,,,,
194576384,-0.0004771531093865633,1.018113136291504,0.04581508785486221,0.05000000074505806,0.040497787296772,0.0847601592540741,21.053730010986328,5.634600529447198e-05,,,,
194641920,-0.002743984805420041,0.6149113178253174,0.02767101116478443,0.05000000074505806,0.04164884239435196,0.12904714047908783,18.857084274291992,2.392834721831605e-05,,,,
194707456,0.0008801063522696495,1.0106929540634155,0.04548118636012077,0.05000000074505806,0.12257567048072815,0.14284451305866241,18.914167404174805,2.527286414988339e-05,,,,
194772992,-0.002045055851340294,1.0793051719665527,0.0485687330365181,0.05000000074505806,0.06980356574058533,0.14666298031806946,26.20063591003418,1.9984445316367783e-05,,,,
194838528,0.001981413457542658,1.5677742958068848,0.0705498456954956,0.05000000074505806,0.03377215936779976,0.0851176455616951,22.20624351501465,2.9802893550368026e-05,,,,
194904064,-0.001954013481736183,1.8706605434417725,0.08417973667383194,0.05000000074505806,0.03473786637187004,0.12149856984615326,18.711925506591797,1.850218905019574e-05,,,,
194969600,-0.0016378837171941996,1.4737380743026733,0.06631821393966675,0.05000000074505806,0.076860710978508,0.1480093002319336,24.11480712890625,2.2367017663782462e-05,,,,
195035136,6.716931238770485e-05,1.0006208419799805,0.04502794146537781,0.05000000074505806,0.04435061663389206,0.10524863749742508,25.158321380615234,0.0001169671886600554,-24.750391006469727,-39.21937561035156,0.04457652196288109,0.001953125
195100672,0.005112627055495977,3.3951611518859863,0.15278224647045135,0.05000000074505806,0.04915116727352142,0.40717393159866333,31.36294937133789,1.4473623195954133e-05,,,,
195166208,-8.547445759177208e-06,3.48445725440979,0.15680058300495148,0.05000000074505806,0.005073366686701775,0.49426838755607605,25.940704345703125,8.347728908120189e-06,,,,
195231744,0.000407531566452235,3.555284023284912,0.15998779237270355,0.05000000074505806,0.022760476917028427,0.1480012685060501,22.40044593811035,2.8453657705540536e-06,,,,
195297280,-0.001517565455287695,3.2862374782562256,0.1478806734085083,0.05000000074505806,0.014338651672005653,0.2283225953578949,23.66352081298828,1.5166962839430198e-05,,,,
195362816,-0.0013003845233470201,3.217743396759033,0.14479845762252808,0.05000000074505806,0.006628807168453932,0.07734980434179306,23.27500343322754,7.901589015091304e-06,,,,
195428352,-0.0013405694626271725,1.469834804534912,0.06614256650209427,0.05000000074505806,0.17930173873901367,0.3493075370788574,28.509798049926758,2.8084741643397138e-05,,,,
195493888,-0.002700253389775753,0.8111419081687927,0.03650139272212982,0.05000000074505806,0.013399004936218262,0.07045522332191467,18.83184242248535,1.0886728887271602e-05,,,,
195559424,0.0014500252436846495,0.9269654750823975,0.04171344265341759,0.05000000074505806,0.05794568359851837,0.1471787989139557,25.817930221557617,1.2148563655500766e-05,,,,
195624960,0.0013289228081703186,1.7374145984649658,0.07818367332220078,0.05000000074505806,0.12228988111019135,0.7617874145507812,23.005001068115234,8.967876055976376e-06,,,,
195690496,-0.00022484827786684036,1.5447311401367188,0.06951290369033813,0.05000000074505806,0.08177994936704636,0.24635553359985352,26.274951934814453,2.1813399143866263e-05,,,,
195756032,-0.003350211540237069,1.0782983303070068,0.0485234297811985,0.05000000074505806,0.10330253839492798,0.2107447236776352,24.414886474609375,0.00013236363884061575,-31.690723419189453,,0.023877745494246483,
195821568,-0.0012770891189575195,1.0177580118179321,0.04579911381006241,0.05000000074505806,0.06923669576644897,0.12030719220638275,21.78384780883789,0.0003116960288025439,,,,
195887104,-0.001003982499241829,0.9800336360931396,0.04410151392221451,0.05000000074505806,0.07991577684879303,0.20270076394081116,20.916860580444336,6.20970968157053e-05,,,,
195952640,9.55481082201004e-05,1.4767632484436035,0.06645434349775314,0.05000000074505806,0.05443804711103439,0.14612463116645813,22.678897857666016,1.5723022443125956e-05,,,,
196018176,-0.0017573401564732194,1.37799870967865,0.06200994551181793,0.05000000074505806,0.07523218542337418,0.09673864394426346,21.3507080078125,1.67940652318066e-05,,,,
196083712,-0.002972786547616124,0.86082923412323,0.03873731568455696,0.05000000074505806,0.07576052844524384,0.13661886751651764,22.529436111450195,0.00011323145008645952,,,,
196149248,-0.0014376388862729073,0.6056913733482361,0.027256110683083534,0.05000000074505806,0.07187456637620926,0.18019098043441772,17.79877471923828,0.0003332574269734323,,,,
196214784,0.00036493665538728237,0.5682257413864136,0.025570159777998924,0.05000000074505806,0.08497140556573868,0.19940856099128723,21.197120666503906,0.0001203820647788234,,,,
196280320,-0.0005554017843678594,0.627129077911377,0.028220809996128082,0.05000000074505806,0.08013856410980225,0.16465145349502563,21.755056381225586,8.207759674405679e-05,,,,
196345856,-0.000797739252448082,1.472080111503601,0.06624361127614975,0.05000000074505806,0.09647578001022339,0.15510112047195435,21.058320999145508,4.563360562315211e-05,,,,
196411392,-0.002904413267970085,1.04835844039917,0.04717613011598587,0.05000000074505806,0.11641091853380203,0.7406424283981323,21.143939971923828,2.662154111021664e-05,,,,
196476928,-0.0001495589967817068,1.2583688497543335,0.05662660300731659,0.05000000074505806,0.07090093195438385,0.13524997234344482,23.03825569152832,0.00010938938066828996,,,,
196542464,-0.0015311542665585876,1.3521554470062256,0.060847003012895584,0.05000000074505806,0.07125970721244812,0.15138402581214905,24.86258316040039,6.43013117951341e-05,,,,
196608000,-0.0017997720278799534,1.1274303197860718,0.05073436722159386,0.05000000074505806,0.1290477067232132,1.0844305753707886,21.464548110961914,5.021097240387462e-05,,,,
196673536,-0.0010368169751018286,0.9624395370483398,0.043309781700372696,0.05000000074505806,0.11527563631534576,0.15568426251411438,24.748170852661133,0.0003642961964942515,-28.922101974487305,-39.22169876098633,0.021561337634921074,0.0
196739072,0.0037161889486014843,3.339005947113037,0.15025527775287628,0.05000000074505806,0.03325328975915909,0.09594466537237167,28.911714553833008,2.0599920389940962e-05,,,,
196804608,0.003159377258270979,3.3386027812957764,0.15023714303970337,0.05000000074505806,0.0037849145010113716,0.25347408652305603,33.48085403442383,1.3649834727402776e-05,,,,
196870144,0.0020029989536851645,3.3782684803009033,0.1520220786333084,0.05000000074505806,0.03451808542013168,0.2113550901412964,22.06694793701172,5.637621597998077e-06,,,,
196935680,-0.0026489386800676584,2.969602346420288,0.1336321234703064,0.05000000074505806,0.04140304774045944,0.39178234338760376,18.961280822753906,4.147515937802382e-05,,,,
197001216,0.001021171105094254,2.9492878913879395,0.13271795213222504,0.05000000074505806,0.025142284110188484,0.0881795585155487,23.035497665405273,2.014002893702127e-05,,,,
197066752,-0.0025242799893021584,1.302924394607544,0.05863160267472267,0.05000000074505806,0.3338450491428375,0.22304654121398926,22.205333709716797,3.419347922317684e-05,,,,
197132288,0.0016193506307899952,0.7839153409004211,0.03527618944644928,0.05000000074505806,0.015761924907565117,0.10979199409484863,24.87225914001465,2.3155182134360075e-05,,,,
197197824,-0.0014101802371442318,0.8106266260147095,0.0364781990647316,0.05000000074505806,0.07683625817298889,0.2234022468328476,19.269248962402344,2.3703143597231247e-05,,,,
197263360,-0.0009072308894246817,0.8927592039108276,0.04017416760325432,0.05000000074505806,0.07889943569898605,0.13114050030708313,22.62969398498535,1.9169296137988567e-05,,,,
197328896,-0.0002369978465139866,1.0470373630523682,0.047116681933403015,0.05000000074505806,0.05588926002383232,0.12542951107025146,21.173816680908203,3.978328459197655e-05,,,,
197394432,-0.0022226176224648952,0.9592688083648682,0.043167099356651306,0.05000000074505806,0.08152115345001221,0.34166258573532104,21.752513885498047,8.446453284705058e-05,-29.135650634765625,,0.03903345763683319,
197459968,-0.0008443760452792048,0.8121490478515625,0.03654670715332031,0.05000000074505806,0.11888282001018524,0.16295506060123444,24.446619033813477,0.00025133960298262537,,,,
197525504,0.0010467844549566507,0.8152363896369934,0.03668564185500145,0.05000000074505806,0.10118993371725082,0.16634583473205566,22.012775421142578,9.582039638189599e-05,,,,
197591040,-1.3174954801797867e-05,1.5655455589294434,0.07044954597949982,0.05000000074505806,0.09561632573604584,0.644050121307373,24.577880859375,2.410475462966133e-05,,,,
197656576,0.00024667568504810333,1.3153376579284668,0.05919019877910614,0.05000000074505806,0.06837978214025497,0.10349363088607788,23.09485626220703,1.722635715850629e-05,,,,
197722112,-0.003973149694502354,0.789412260055542,0.03552355244755745,0.05000000074505806,0.05074985697865486,0.14157597720623016,26.286935806274414,0.000184517732122913,,,,
197787648,-0.0006793054635636508,0.5699586868286133,0.025648141279816628,0.05000000074505806,0.060589611530303955,0.14603576064109802,24.145280838012695,0.0005305302911438048,,,,
197853184,-0.00032433890737593174,0.7742078900337219,0.03483935445547104,0.05000000074505806,0.041853100061416626,0.07801245152950287,21.992557525634766,0.00016984726244118065,,,,
197918720,-0.0010273002553731203,0.6167464256286621,0.027753593400120735,0.05000000074505806,0.07855351269245148,0.09204433113336563,19.48097801208496,3.504218329908326e-05,,,,
197984256,5.7123019360005856e-05,0.6955302953720093,0.031298864632844925,0.05000000074505806,0.06989392638206482,0.16061720252037048,28.39068031311035,7.049222767818719e-05,,,,
198049792,-0.0002788899000734091,0.78544020652771,0.03534480929374695,0.05000000074505806,0.07757748663425446,0.1495373547077179,22.803152084350586,0.0001354535052087158,-26.6436824798584,,0.01858407072722912,
198115328,-0.0012458814308047295,0.704075276851654,0.03168338164687157,0.05000000074505806,0.067347951233387,0.13863538205623627,21.28795623779297,0.0001101843809010461,,,,
198180864,-0.001516707707196474,0.6117986440658569,0.027530940249562263,0.05000000074505806,0.03980771452188492,0.18053147196769714,20.100582122802734,0.0001554267219034955,,,,
198246400,-0.0020399396307766438,0.5696588754653931,0.025634650141000748,0.05000000074505806,0.03805242478847504,0.11379494518041611,20.15416145324707,0.0001507203560322523,,,,
198311936,-0.0007468662224709988,0.6256700754165649,0.02815515734255314,0.05000000074505806,0.05258665978908539,1.1992367506027222,19.36918830871582,6.559298344654962e-05,,-37.73439025878906,,0.0009765625
198377472,-0.0025708386674523354,3.3347737789154053,0.1500648409128189,0.05000000074505806,0.030385931953787804,0.21601739525794983,26.929744720458984,1.5543453628197312e-05,,,,
198443008,-0.0005845915293321013,3.435598373413086,0.15460193157196045,0.05000000074505806,0.0018218487966805696,0.14723195135593414,27.610719680786133,7.777985956636257e-06,,,,
198508544,0.0025367902126163244,3.5251150131225586,0.15863017737865448,0.05000000074505806,0.028224382549524307,0.15235194563865662,23.347057342529297,4.176033598923823e-06,,,,
198574080,-0.0014013753971084952,3.1669437885284424,0.1425124704837799,0.05000000074505806,0.012533480301499367,0.11744919419288635,24.981752395629883,1.3886364286008757e-05,,,,
198639616,0.0012094888370484114,3.168130397796631,0.14256587624549866,0.05000000074505806,0.009164941497147083,0.10412333160638809,24.083297729492188,7.564997758890968e-06,,,,
198705152,-0.0015666079707443714,1.4036988019943237,0.06316644698381424,0.05000000074505806,0.22814342379570007,0.36310166120529175,23.22427749633789,3.125185685348697e-05,-37.721351623535156,,0.0015612802235409617,
198770688,-0.0007296525873243809,0.7838596105575562,0.035273682326078415,0.05000000074505806,0.009803532622754574,0.12006902694702148,23.440954208374023,9.596454219717998e-06,,,,
198836224,-7.440673653036356e-05,0.8487101793289185,0.03819195553660393,0.05000000074505806,0.04505331441760063,0.12288691848516464,22.76755714416504,1.204754789796425e-05,,,,
198901760,-0.000180394621565938,1.488709568977356,0.06699193269014359,0.05000000074505806,0.0484594851732254,0.14991694688796997,23.031599044799805,7.284417733899318e-06,,,,
198967296,-0.0008938205428421497,1.9265520572662354,0.08669485151767731,0.05000000074505806,0.06436999142169952,0.9507318735122681,23.727615356445312,2.735664565989282e-05,,,,
199032832,-0.0029503898695111275,1.1552118062973022,0.05198454111814499,0.05000000074505806,0.25908997654914856,0.4143153131008148,20.172670364379883,8.84852561284788e-05,,,,
199098368,0.0006453371606767178,1.0440831184387207,0.046983733773231506,0.05000000074505806,0.04052754491567612,0.08471652865409851,30.787324905395508,0.00015954427362885326,,,,
199163904,-2.796121407300234e-05,1.006089687347412,0.0452740304172039,0.05000000074505806,0.07344646751880646,0.10385333001613617,21.0120849609375,4.236351014696993e-05,,,,
199229440,-0.002104654908180237,1.2461309432983398,0.056075893342494965,0.05000000074505806,0.06362174451351166,0.09244266152381897,16.989307403564453,1.8992050172528252e-05,,,,
199294976,-0.0022857962176203728,1.3500114679336548,0.06075052171945572,0.05000000074505806,0.04376864805817604,0.08668138831853867,16.22760009765625,1.374752537230961e-05,,,,
199360512,-0.003656482556834817,0.815057635307312,0.03667759150266647,0.05000000074505806,0.0487847775220871,0.08831261098384857,21.82895851135254,7.895776070654392e-05,,,,
199426048,0.0007132961181923747,0.5694720149040222,0.02562624216079712,0.05000000074505806,0.018671739846467972,0.11803343892097473,28.137840270996094,0.00019778904970735312,,,,
199491584,-8.51356890052557e-05,0.5843695998191833,0.02629663422703743,0.05000000074505806,0.030381863936781883,0.08013638854026794,16.46440887451172,0.00014021765673533082,,,,
199557120,8.257455192506313e-05,0.5259020328521729,0.023665592074394226,0.05000000074505806,0.05684392899274826,0.14667296409606934,20.148799896240234,4.1247563785873353e-05,,,,
199622656,-0.0017066338332369924,0.6878284811973572,0.03095228038728237,0.05000000074505806,0.10645601898431778,0.3281249701976776,20.07753562927246,2.7921685614273883e-05,-21.493043899536133,,0.06813996285200119,
199688192,-0.0007818325539119542,0.7031754851341248,0.03164289891719818,0.05000000074505806,0.10107143223285675,0.22814296185970306,20.61874008178711,7.877480675233528e-05,,,,
199753728,7.336004637181759e-05,0.8125245571136475,0.03656361252069473,0.05000000074505806,0.07083240151405334,0.12478382885456085,21.75189208984375,0.00010363930778112262,,,,
199819264,-0.00027583871269598603,0.9908161163330078,0.044586725533008575,0.05000000074505806,0.06744652986526489,0.19640426337718964,16.83069610595703,6.138593016657978e-05,,,,
199884800,-0.0007319587166421115,0.880601704120636,0.0396270751953125,0.05000000074505806,0.08588718622922897,0.4708768427371979,23.167505264282227,2.2212090698303655e-05,,,,
199950336,-0.0013498631305992603,0.8028020262718201,0.03612609580159187,0.05000000074505806,0.05746348202228546,0.17824257910251617,23.126867294311523,0.0001942797825904563,,-38.44038772583008,,0.001953125
200015872,0.0021249311976134777,3.353516101837158,0.1509082317352295,0.05000000074505806,0.08091484010219574,0.08044829219579697,29.857425689697266,1.6963895177468657e-05,,,,
200081408,0.000772231025621295,3.4205899238586426,0.1539265662431717,0.05000000074505806,0.0019848865922540426,0.17465798556804657,31.182571411132812,1.2533442713902332e-05,,,,
200146944,-0.0021455856040120125,3.341439723968506,0.15036478638648987,0.05000000074505806,0.030825410038232803,0.21234726905822754,19.123252868652344,5.75319972995203e-06,,,,
200212480,-0.0008440081728622317,3.0919692516326904,0.13913863897323608,0.05000000074505806,0.014674119651317596,0.1265546679496765,28.60666275024414,1.5002255167928524e-05,,,,
200278016,-0.0013482840731739998,3.112809181213379,0.1400763988494873,0.05000000074505806,0.01433777716010809,0.3192730247974396,20.055835723876953,9.3915668912814e-06,,,,
200343552,-0.0028148137498646975,1.3753160238265991,0.061889223754405975,0.05000000074505806,0.22053413093090057,0.3656620979309082,21.387174606323242,2.740028503467329e-05,-36.02083206176758,,0.0011997600086033344,
200409088,-0.0013588420115411282,0.7425624132156372,0.033415310084819794,0.05000000074505806,0.010142765939235687,0.12476427108049393,24.673370361328125,1.149915078713093e-05,,,,
200474624,0.0003886402118951082,0.8129306435585022,0.03658188134431839,0.05000000074505806,0.07995480298995972,0.3468766212463379,18.722898483276367,1.7336258679279126e-05,,,,
200540160,-0.0016234670765697956,1.2425745725631714,0.05591585859656334,0.05000000074505806,0.03842984884977341,0.20402495563030243,19.620203018188477,8.488448656862602e-06,,,,
200605696,-0.0012828902108594775,1.0876997709274292,0.04894649609923363,0.05000000074505806,0.03431274741888046,0.3109781742095947,21.828392028808594,1.6832438632263802e-05,,,,
200671232,-0.0026851878501474857,0.876137912273407,0.039426207542419434,0.05000000074505806,0.06481146067380905,0.241159588098526,27.055458068847656,0.0002986743056681007,,,,
200736768,1.5204539522528648e-05,0.7509122490882874,0.03379105404019356,0.05000000074505806,0.12201550602912903,0.70637047290802,25.50408363342285,0.0007527583511546254,,,,
200802304,0.0019298861734569073,0.7304821014404297,0.03287170082330704,0.05000000074505806,0.156279519200325,0.6504482626914978,23.289838790893555,0.00011906435247510672,,,,
200867840,0.00019439752213656902,1.4160096645355225,0.06372043490409851,0.05000000074505806,0.09473645687103271,0.14129844307899475,24.46808433532715,3.054279295611195e-05,,,,
200933376,-0.0009791991906240582,1.3141528367996216,0.059136878699064255,0.05000000074505806,0.08841664344072342,0.14208634197711945,19.759845733642578,1.4579814887838438e-05,,,,
200998912,-0.002665318548679352,0.799322783946991,0.035969529300928116,0.05000000074505806,0.06281343847513199,0.0988074541091919,23.97299575805664,0.00013158041110727936,,,,
201064448,0.00028585479594767094,0.539296567440033,0.024268342182040215,0.05000000074505806,0.061970263719558716,0.20691357553005219,19.792444229125977,0.00046948911040090024,-26.996997833251953,,0.029990628361701965,
201129984,-0.000740688294172287,0.576301634311676,0.02593357488512993,0.05000000074505806,0.06801033020019531,0.4093538224697113,16.256189346313477,0.00016820419114083052,,,,
201195520,-0.002034854842349887,0.5811222195625305,0.026150498539209366,0.05000000074505806,0.0655386745929718,0.1446838080883026,19.828035354614258,3.473791730357334e-05,,,,
201261056,-0.0014457902871072292,0.687809407711029,0.030951425433158875,0.05000000074505806,0.07632281631231308,0.23324574530124664,20.750675201416016,2.3318974854191765e-05,,,,
201326592,-0.0012994430726394057,0.7273212671279907,0.032729458063840866,0.05000000074505806,0.08838441222906113,0.5937061309814453,21.540502548217773,7.007966632954776e-05,,,,
201392128,-0.0007492518052458763,0.8049894571304321,0.03622452914714813,0.05000000074505806,0.07547372579574585,0.1281770020723343,20.470703125,0.00014409850700758398,,,,
201457664,0.00018388975877314806,0.722551167011261,0.03251480311155319,0.05000000074505806,0.053720489144325256,0.10248570889234543,17.031591415405273,8.716243610251695e-05,,,,
201523200,-0.0018988000229001045,0.6244810223579407,0.02810164913535118,0.05000000074505806,0.07284960895776749,0.15456753969192505,18.874916076660156,8.82964814081788e-05,,,,
201588736,-0.0019198197405785322,0.6254600286483765,0.028145702555775642,0.05000000074505806,0.056211650371551514,0.7742205858230591,20.35080909729004,0.00045876603689976037,,-35.85990524291992,,0.001953125
201654272,-0.0007446384988725185,3.2813611030578613,0.1476612389087677,0.05000000074505806,0.02988339401781559,0.3302832245826721,23.018388748168945,1.6365826013498008e-05,,,,
201719808,0.0003306801663711667,3.4129836559295654,0.1535843014717102,0.05000000074505806,0.0014293708372861147,0.18705791234970093,25.671165466308594,1.1347971849318128e-05,,,,
201785344,0.0009408281184732914,3.404435634613037,0.15319962799549103,0.05000000074505806,0.032742563635110855,0.12859538197517395,22.42813491821289,4.843089300266001e-06,,,,
201850880,0.00011276931036263704,3.1533355712890625,0.14190010726451874,0.05000000074505806,0.012603389099240303,0.14765019714832306,24.597410202026367,1.387785050610546e-05,,,,
201916416,0.00029363285284489393,3.0426886081695557,0.1369209736585617,0.05000000074505806,0.014993932098150253,0.09496906399726868,18.278026580810547,8.544790944142733e-06,,,,
201981952,-0.0011102422140538692,1.2643378973007202,0.05689520761370659,0.05000000074505806,0.16662365198135376,0.21348774433135986,22.20260238647461,3.5991601180285215e-05,-37.0064697265625,,0.0028248587623238564,
202047488,0.0007408593082800508,0.7134008407592773,0.0321030393242836,0.05000000074505806,0.015169468708336353,0.13338738679885864,21.879514694213867,1.3170418242225423e-05,,,,
202113024,0.0006677868077531457,1.0757849216461182,0.0484103225171566,0.05000000074505806,0.03272354230284691,0.09860749542713165,16.330371856689453,1.0826026482391171e-05,,,,
202178560,0.0032688560895621777,1.4671218395233154,0.06602048873901367,0.05000000074505806,0.0289410762488842,0.10349833965301514,24.51813316345215,7.341147920669755e-06,,,,
202244096,2.4770619347691536e-05,1.3024593591690063,0.05861067399382591,0.05000000074505806,0.05867169424891472,0.5667694807052612,20.236848831176758,1.2332126061664894e-05,,,,
202309632,-0.002504843520000577,0.93712317943573,0.04217054694890976,0.05000000074505806,0.1026936024427414,0.460383802652359,23.293190002441406,0.0002940506674349308,,,,
202375168,-0.0005383784882724285,0.728751540184021,0.03279382362961769,0.05000000074505806,0.04819437116384506,0.15964075922966003,26.918304443359375,0.0006332912016659975,,,,
202440704,0.0007426752708852291,0.6915575861930847,0.031120093539357185,0.05000000074505806,0.08025084435939789,0.3014518618583679,23.741954803466797,0.00010106811532750726,,,,
202506240,-0.000987007631920278,1.3272616863250732,0.0597267746925354,0.05000000074505806,0.06472209095954895,0.13324527442455292,20.065208435058594,3.146049130009487e-05,,,,
202571776,-0.0017526722513139248,1.2427126169204712,0.055922072380781174,0.05000000074505806,0.04683655500411987,0.08152244240045547,24.37070655822754,1.4927893062122166e-05,,,,
202637312,-0.0017890227027237415,0.8090636730194092,0.03640786558389664,0.05000000074505806,0.05805656313896179,0.07743783295154572,24.1383056640625,0.0001606106525287032,,,,
202702848,-0.0016328664496541023,0.6032084226608276,0.027144381776452065,0.05000000074505806,0.02892903983592987,0.08145307749509811,17.68859100341797,0.0008815909968689084,-25.494413375854492,,0.022748814895749092,
202768384,-0.0011528989998623729,0.5796790719032288,0.02608555741608143,0.05000000074505806,0.0353260412812233,0.0698273554444313,16.141218185424805,0.00020361949282232672,,,,
202833920,-0.002332158852368593,0.7669025659561157,0.03451061621308327,0.05000000074505806,0.04325127601623535,0.10206880420446396,17.923858642578125,4.075981632922776e-05,,,,
202899456,-0.0002507634926587343,0.6793543100357056,0.030570946633815765,0.05000000074505806,0.10778485238552094,0.21583236753940582,25.753080368041992,2.1517282220884226e-05,,,,
202964992,-0.0004429742693901062,0.8312454223632812,0.03740604221820831,0.05000000074505806,0.03627096116542816,0.09377779811620712,19.165483474731445,0.00011574051313800737,,,,
203030528,-0.0011249789968132973,0.8896005153656006,0.040032029151916504,0.05000000074505806,0.05188814550638199,0.11468995362520218,21.144271850585938,9.565481741447002e-05,,,,
203096064,-0.0026393614243716,0.7546834349632263,0.03396075963973999,0.05000000074505806,0.031767480075359344,0.2084341049194336,18.10457420349121,7.191853364929557e-05,,,,
203161600,-0.0021099625155329704,0.6722257733345032,0.03025016002357006,0.05000000074505806,0.04987550154328346,0.1755785197019577,16.830162048339844,0.00011643909965641797,,,,
203227136,-0.0011108007747679949,0.6922552585601807,0.031151488423347473,0.05000000074505806,0.05507329851388931,0.2224779576063156,21.843887329101562,0.00019751812214963138,,-35.990962982177734,,0.0009765625
203292672,-0.0005321917124092579,3.2538466453552246,0.1464231163263321,0.05000000074505806,0.027718283236026764,0.2129434198141098,27.988521575927734,1.5921646991046146e-05,,,,
203358208,7.576588541269302e-05,3.407474994659424,0.15333637595176697,0.05000000074505806,0.004417023621499538,0.1326049417257309,20.829345703125,1.2660543688980397e-05,,,,
203423744,0.0013710700441151857,3.382776975631714,0.15222495794296265,0.05000000074505806,0.03093620575964451,0.49448642134666443,20.547582626342773,4.4385037654137705e-06,,,,
203489280,-0.0011824164539575577,3.1012940406799316,0.13955824077129364,0.05000000074505806,0.014527969062328339,0.15035971999168396,21.42254638671875,1.052682910085423e-05,,,,
203554816,-0.0008297262247651815,3.077834129333496,0.13850253820419312,0.05000000074505806,0.02125108614563942,0.37499743700027466,17.780433654785156,8.698386409378145e-06,,,,
203620352,-0.00035206525353714824,1.374429702758789,0.061849337071180344,0.05000000074505806,0.13918273150920868,0.20015326142311096,29.56474494934082,3.2325035135727376e-05,-33.766395568847656,,0.004576658830046654,
203685888,0.0015192813007161021,0.71750807762146,0.03228786587715149,0.05000000074505806,0.010411114431917667,0.09936943650245667,23.521411895751953,1.0833416126843076e-05,,,,
203751424,-0.0008387016132473946,0.9483718872070312,0.042676739394664764,0.05000000074505806,0.024143923074007034,0.1772630661725998,17.91554832458496,1.04350401670672e-05,,,,
203816960,-0.0004674049559980631,1.7371464967727661,0.07817159593105316,0.05000000074505806,0.007572864182293415,0.1368146538734436,24.948978424072266,5.879065611225087e-06,,,,
203882496,-0.002344622276723385,1.754626750946045,0.07895821332931519,0.05000000074505806,0.021633634343743324,0.3181411623954773,19.29873275756836,1.2410367162374314e-05,,,,
203948032,-0.001941720605827868,1.0370711088180542,0.04666820168495178,0.05000000074505806,0.2285093069076538,0.4352112114429474,22.37139892578125,0.00030475438688881695,,,,
204013568,-0.001854287926107645,0.8528289794921875,0.0383772999048233,0.05000000074505806,0.018473271280527115,0.12261137366294861,21.490055084228516,0.0007811083924025297,,,,
204079104,0.0009698260109871626,0.7611047029495239,0.03424971178174019,0.05000000074505806,0.05691128596663475,0.08822789788246155,22.29939079284668,9.57016454776749e-05,,,,
204144640,-0.0005184594774618745,1.8092870712280273,0.08141791075468063,0.05000000074505806,0.04487735033035278,0.09201598167419434,19.476499557495117,2.8318103431956843e-05,,,,
204210176,-0.0009350692853331566,1.3177510499954224,0.0592987947165966,0.05000000074505806,0.08671499788761139,0.06290443986654282,20.590930938720703,1.6694973965059035e-05,,,,
204275712,-0.0034602340310811996,0.773578941822052,0.03481105715036392,0.05000000074505806,0.022522103041410446,0.07949580997228622,23.308218002319336,7.945600373204798e-05,,,,
204341248,-0.0018670395947992802,0.5476362705230713,0.024643633514642715,0.05000000074505806,0.0348098985850811,0.08661902695894241,20.233741760253906,0.0001843297213781625,,,,
204406784,-0.0011431246530264616,0.5669029355049133,0.0255106333643198,0.05000000074505806,0.03071393072605133,0.15056747198104858,17.10150146484375,8.754129521548748e-05,-20.672626495361328,,0.06497175246477127,
204472320,-0.0013027526438236237,0.5571458339691162,0.025071563199162483,0.05000000074505806,0.04074355214834213,0.09818391501903534,17.361692428588867,5.8396111853653565e-05,,,,
204537856,0.0004974530311301351,1.2092030048370361,0.054414134472608566,0.05000000074505806,0.06350762397050858,0.10853853821754456,19.912328720092773,0.00012879389396402985,,,,
204603392,-0.0020085875876247883,0.7447682619094849,0.03351457417011261,0.05000000074505806,0.10258743166923523,0.4370303750038147,20.834064483642578,4.7330704546766356e-05,,,,
204668928,-2.544838935136795e-05,0.8110275864601135,0.03649624437093735,0.05000000074505806,0.0352010503411293,0.13990569114685059,23.91874885559082,0.00013803494221065193,,,,
204734464,-0.0003728742594830692,1.2144482135772705,0.05465017259120941,0.05000000074505806,0.05146151781082153,0.16147387027740479,18.928194046020508,6.326840230030939e-05,,,,
204800000,-0.0009692237945273519,1.0826165676116943,0.048717744648456573,0.05000000074505806,0.09587705880403519,0.2202039510011673,22.361108779907227,2.0029072402394377e-05,,,,
204865536,-0.004279537126421928,0.7172910571098328,0.03227809816598892,0.05000000074505806,0.07705420255661011,0.23725125193595886,18.130495071411133,0.00011143921437906101,,-38.43918991088867,,0.0009765625
204931072,0.002311879303306341,3.3432674407958984,0.1504470407962799,0.05000000074505806,0.022028181701898575,0.0997854694724083,29.992626190185547,1.5767245713504963e-05,,,,
204996608,0.0011572064831852913,3.508511781692505,0.15788301825523376,0.05000000074505806,0.0029609103221446276,0.0649106353521347,24.495311737060547,1.0298877896275371e-05,,,,
205062144,0.0019419885938987136,3.4799811840057373,0.15659914910793304,0.05000000074505806,0.03291962295770645,0.3184506297111511,25.646495819091797,4.036502559756627e-06,,,,
205127680,0.0016546056140214205,3.2131845951080322,0.14459331333637238,0.05000000074505806,0.02246224135160446,0.3537185490131378,27.413904190063477,6.454387857957045e-06,,,,
205193216,-0.0007185017457231879,3.1123247146606445,0.1400546282529831,0.05000000074505806,0.00781618058681488,0.07537075877189636,22.148624420166016,1.060184877132997e-05,,,,
205258752,-0.0014781039208173752,1.3545092344284058,0.060952913016080856,0.05000000074505806,0.2662522792816162,0.4720098078250885,21.81585693359375,3.1404360925080255e-05,-32.86862564086914,,0.006658595986664295,
205324288,-0.00014921114780008793,0.7345455884933472,0.03305455297231674,0.05000000074505806,0.00978098064661026,0.11368676275014877,26.93751335144043,1.4457737051998265e-05,,,,
205389824,-0.001653973013162613,0.9655724167823792,0.04345076158642769,0.05000000074505806,0.012722816318273544,0.08945544064044952,18.380756378173828,7.245850611070637e-06,,,,
205455360,0.0007085705874487758,1.7476056814193726,0.07864224910736084,0.05000000074505806,0.023274440318346024,0.13289755582809448,19.248231887817383,5.751834578404669e-06,,,,
205520896,6.522040348500013e-05,2.3567614555358887,0.10605426877737045,0.05000000074505806,0.04855682700872421,0.1874082386493683,19.405635833740234,6.554076207976323e-06,,,,
205586432,-0.0016333111561834812,1.069411039352417,0.048123497515916824,0.05000000074505806,0.3284785747528076,0.20216327905654907,17.79620933532715,0.00027361305546946824,,,,
205651968,-0.0007050699205137789,0.8593718409538269,0.03867173567414284,0.05000000074505806,0.028057923540472984,0.1167999804019928,21.463716506958008,0.0011426875134930015,,,,
205717504,-0.0003340734401717782,0.7860211730003357,0.035370953381061554,0.05000000074505806,0.057390354573726654,0.11622223258018494,22.619205474853516,0.00015637176693417132,,,,
205783040,-0.0005225101485848427,2.003911256790161,0.09017600864171982,0.05000000074505806,0.04443088918924332,0.11000467091798782,19.09432029724121,1.9522658476489596e-05,,,,
205848576,-0.001080688089132309,1.288375735282898,0.057976916432380676,0.05000000074505806,0.06363295018672943,0.09073512256145477,24.12274742126465,2.137565752491355e-05,,,,
205914112,-0.0008259509922936559,0.7957013249397278,0.0358065627515316,0.05000000074505806,0.03519801050424576,0.10093123465776443,21.072402954101562,9.228583803633228e-05,,,,
205979648,-0.00036099692806601524,0.575587272644043,0.0259014293551445,0.05000000074505806,0.05264841765165329,0.13035598397254944,23.544824600219727,0.00013897778990212828,,,,
206045184,0.0002784625394269824,0.5861026644706726,0.02637461945414543,0.05000000074505806,0.04753369837999344,0.1891377568244934,18.728824615478516,8.839521615300328e-05,,,,
206110720,-0.00213227653875947,0.5704643726348877,0.025670895352959633,0.05000000074505806,0.04919532313942909,0.1329464167356491,22.118886947631836,7.971316517796367e-05,-19.15951156616211,,0.0815533995628357,
206176256,0.000314721604809165,0.6801851987838745,0.03060833550989628,0.05000000074505806,0.0553952232003212,0.13800930976867676,22.45097541809082,0.00023858287022449076,,,,
206241792,-0.0006316498038358986,0.6918095946311951,0.031131433323025703,0.05000000074505806,0.06960180401802063,0.7092398405075073,19.421829223632812,4.002500281785615e-05,,,,
206307328,-0.000939423218369484,0.8190328478813171,0.036856476217508316,0.05000000074505806,0.05404902994632721,0.21459847688674927,19.653451919555664,6.058469443814829e-05,,,,
206372864,-0.0018449840135872364,1.562301754951477,0.07030358910560608,0.05000000074505806,0.05646224319934845,0.12624984979629517,20.06919288635254,6.133776332717389e-05,,,,
206438400,-0.002192980144172907,1.6514978408813477,0.07431741058826447,0.05000000074505806,0.08063933253288269,0.46844327449798584,20.162925720214844,1.6220403267652728e-05,,,,
206503936,-0.0029377457685768604,0.8367366790771484,0.03765314444899559,0.05000000074505806,0.08397579193115234,0.13349828124046326,19.31664276123047,4.591430115397088e-05,,-38.67365646362305,,0.0
206569472,-0.0017966972663998604,3.4348812103271484,0.15456967055797577,0.05000000074505806,0.03547591716051102,0.0692911371588707,28.574094772338867,1.3651532754010987e-05,,,,
206635008,-0.00040101376362144947,3.4518847465515137,0.15533483028411865,0.05000000074505806,0.006901170592755079,0.11694253981113434,20.229955673217773,1.0559739166637883e-05,,,,
206700544,0.0009613343281671405,3.425611972808838,0.15415255725383759,0.05000000074505806,0.057336967438459396,0.6265320777893066,21.95140266418457,2.976147698063869e-06,,,,
206766080,-0.0013962266966700554,3.1692235469818115,0.14261506497859955,0.05000000074505806,0.030558910220861435,0.19578830897808075,18.464447021484375,1.0992741408699658e-05,,,,
206831616,-0.0007290368666872382,3.0615718364715576,0.13777074217796326,0.05000000074505806,0.014421869069337845,0.07508809864521027,23.26553726196289,1.064508433046285e-05,,,,
206897152,-0.0029670691583305597,1.3483315706253052,0.06067492440342903,0.05000000074505806,0.20483702421188354,0.21000707149505615,19.738719940185547,3.381871647434309e-05,-34.8160400390625,,0.007657945156097412,
206962688,0.0018316158093512058,0.699005663394928,0.031455256044864655,0.05000000074505806,0.008487140759825706,0.12428585439920425,24.342700958251953,1.4656387975264806e-05,,,,
207028224,0.00037246569991111755,0.975001871585846,0.043875083327293396,0.05000000074505806,0.0177772119641304,0.07839276641607285,18.21352767944336,9.2810178102809e-06,,,,
207093760,0.0020334746222943068,1.5465449094772339,0.06959452480077744,0.05000000074505806,0.047762639820575714,0.09767507016658783,19.08112144470215,6.56128759146668e-06,,,,
207159296,-0.0010159856174141169,1.1749556064605713,0.05287300795316696,0.05000000074505806,0.0627034530043602,0.17876408994197845,22.05420684814453,1.3101882359478623e-05,,,,
207224832,-0.0024454088415950537,0.963163435459137,0.04334235191345215,0.05000000074505806,0.06024486571550369,0.34833672642707825,24.928640365600586,0.00026525717112235725,,,,
207290368,-0.0012329660821706057,0.8576064109802246,0.03859229013323784,0.05000000074505806,0.05401310324668884,0.10198692977428436,24.570688247680664,0.0006394059164449573,,,,
207355904,-0.0005618100985884666,0.7508857250213623,0.03378985822200775,0.05000000074505806,0.11255162954330444,0.38678276538848877,20.930461883544922,6.9647234340664e-05,,,,
207421440,-0.0002221557660959661,1.6746047735214233,0.07535721361637115,0.05000000074505806,0.07107577472925186,0.09734056890010834,18.533340454101562,1.8211469068774022e-05,,,,
207486976,-0.001334834611043334,1.2757675647735596,0.05740954354405403,0.05000000074505806,0.058490458875894547,0.10238179564476013,24.062908172607422,2.3521015464211814e-05,,,,
207552512,-0.004034359939396381,0.7555026412010193,0.03399762511253357,0.05000000074505806,0.03781845048069954,0.09671474248170853,21.30182647705078,0.0001758064900059253,,,,
207618048,-0.0020221108570694923,0.6074925661087036,0.027337167412042618,0.05000000074505806,0.02964755892753601,0.1964763104915619,18.93666648864746,0.00041098767542280257,,,,
207683584,-0.003049212507903576,0.6218941807746887,0.027985239401459694,0.05000000074505806,0.027341309934854507,0.1370919942855835,20.568031311035156,0.00011701528273988515,,,,
207749120,-0.003790929913520813,0.6021648049354553,0.027097420766949654,0.05000000074505806,0.022094568237662315,0.09846515953540802,18.709760665893555,0.00019463930220808834,-24.743112564086914,,0.021800948306918144,
207814656,-0.0008555413223803043,1.463223934173584,0.06584508717060089,0.05000000074505806,0.09099647402763367,0.08325619995594025,15.407929420471191,8.32377772894688e-05,,,,
207880192,0.00034113944275304675,1.1140192747116089,0.05013086646795273,0.05000000074505806,0.07994464039802551,0.18711279332637787,25.61884117126465,1.804923522286117e-05,,,,
207945728,-0.001288349274545908,1.0443719625473022,0.046996742486953735,0.05000000074505806,0.08129054307937622,0.24015602469444275,18.3592586517334,9.811138443183154e-05,,,,
208011264,-0.00012912042438983917,1.1014587879180908,0.049565646797418594,0.05000000074505806,0.07636340707540512,0.1641712188720703,21.56026840209961,0.0001606495789019391,,,,
208076800,-0.0014082873240113258,0.8993419408798218,0.040470391511917114,0.05000000074505806,0.08591443300247192,0.4424988627433777,19.997709274291992,3.313817433081567e-05,,,,
208142336,-0.0013073054142296314,0.7517348527908325,0.033828072249889374,0.05000000074505806,0.06716147810220718,0.10980638116598129,21.27657127380371,0.0001247026666533202,,-37.779212951660156,,0.0009765625
208207872,3.928365185856819e-05,3.3521358966827393,0.15084612369537354,0.05000000074505806,0.051729388535022736,0.4677256643772125,29.314849853515625,1.2119195162085816e-05,,,,
208273408,0.003009372390806675,3.368088960647583,0.15156403183937073,0.05000000074505806,0.010925501585006714,0.6643029451370239,33.215431213378906,9.065896847459953e-06,,,,
208338944,0.00022653397172689438,3.336796760559082,0.15015585720539093,0.05000000074505806,0.04613461345434189,0.16981999576091766,21.45087432861328,2.6800253181136213e-06,,,,
208404480,0.0006750779575668275,3.002060890197754,0.13509275019168854,0.05000000074505806,0.03333752229809761,0.12470336258411407,25.493877410888672,9.949993909685872e-06,,,,
208470016,-4.695146344602108e-05,3.0275421142578125,0.13623939454555511,0.05000000074505806,0.01923428475856781,0.07465924322605133,21.388641357421875,9.946172212949023e-06,,,,
208535552,-0.0024073347449302673,1.3235639333724976,0.059560377150774,0.05000000074505806,0.26263272762298584,0.33096328377723694,26.715051651000977,2.7490712454891764e-05,-33.38951873779297,,0.018018018454313278,
208601088,-0.0004409239045344293,0.7623128890991211,0.03430407866835594,0.05000000074505806,0.006846863776445389,0.12622959911823273,27.777372360229492,1.0038666914624628e-05,,,,
208666624,-0.001131909666582942,0.8283876776695251,0.03727744519710541,0.05000000074505806,0.06634752452373505,0.08149377256631851,19.095109939575195,1.289789543079678e-05,,,,
208732160,0.00026712287217378616,1.4461755752563477,0.06507790833711624,0.05000000074505806,0.05137954652309418,0.8449242115020752,23.925342559814453,7.167210242187139e-06,,,,
208797696,-0.0007664522854611278,2.0532233715057373,0.09239505231380463,0.05000000074505806,0.04997359216213226,0.556006133556366,21.306381225585938,1.0491088687558658e-05,,,,
208863232,-0.0019634002819657326,1.1165257692337036,0.05024365708231926,0.05000000074505806,0.3532158136367798,0.1624506115913391,21.03207778930664,0.00013068992120679468,,,,
208928768,-0.0008067780872806907,0.9096143245697021,0.04093264788389206,0.05000000074505806,0.059860959649086,0.1113739013671875,21.47871971130371,0.00043649168219417334,,,,
208994304,-0.0005756942555308342,0.9024050235748291,0.040608227252960205,0.05000000074505806,0.07286469638347626,0.13044597208499908,22.484891891479492,7.633616041857749e-05,,,,
209059840,-0.000867749098688364,1.7926149368286133,0.08066767454147339,0.05000000074505806,0.0655292272567749,0.12999650835990906,16.594221115112305,2.705976294237189e-05,,,,
209125376,-0.0011993744410574436,1.3369938135147095,0.06016472354531288,0.05000000074505806,0.05269641429185867,0.0700823962688446,22.900924682617188,1.4522762285196222e-05,,,,
209190912,-0.0018691550940275192,0.8700712323188782,0.03915320336818695,0.05000000074505806,0.059119001030921936,0.09436459839344025,23.477514266967773,9.767353185452521e-05,,,,
209256448,-0.00038925930857658386,0.5717421770095825,0.02572840079665184,0.05000000074505806,0.04200682416558266,0.09062885493040085,18.693195343017578,0.00038403243524953723,,,,
209321984,0.0009245492983609438,0.5682907700538635,0.025573085993528366,0.05000000074505806,0.046743590384721756,0.08128847181797028,18.404937744140625,0.00018950880621559918,,,,
209387520,-0.00031024590134620667,0.5405275821685791,0.02432374283671379,0.05000000074505806,0.03999031335115433,0.09599225223064423,21.15133285522461,3.1712719646748155e-05,-17.885515213012695,,0.08261287212371826,
209453056,0.0005122605944052339,0.747239351272583,0.0336257703602314,0.05000000074505806,0.0673067718744278,0.13687460124492645,27.24430274963379,2.169451181543991e-05,,,,
209518592,-0.002631010953336954,0.6831555366516113,0.030741997063159943,0.05000000074505806,0.060117192566394806,0.2108674943447113,22.36513900756836,6.136139563750476e-05,,,,
209584128,-0.002124238759279251,0.8815416693687439,0.039669375866651535,0.05000000074505806,0.03754504770040512,0.08519528061151505,16.919340133666992,0.00014427938731387258,,,,
209649664,-0.0017566448077559471,0.9110707640647888,0.0409981794655323,0.05000000074505806,0.03204120695590973,0.08187146484851837,18.204845428466797,4.8649853852111846e-05,,,,
209715200,-0.002284660702571273,0.7768369913101196,0.03495766595005989,0.05000000074505806,0.10916249454021454,0.747275173664093,22.02597427368164,2.5600647859391756e-05,,,,
209780736,-0.0017017859499901533,0.6622262001037598,0.029800182208418846,0.05000000074505806,0.06881299614906311,0.13372983038425446,19.759525299072266,0.0002893315104302019,,-36.871002197265625,,0.0029296875
209846272,0.0031086388044059277,3.295728921890259,0.14830783009529114,0.05000000074505806,0.03779977560043335,0.12314955145120621,32.39726257324219,1.6358102584490553e-05,,,,
209911808,0.00032755639404058456,3.380021095275879,0.15210095047950745,0.05000000074505806,0.005370079539716244,0.12655076384544373,28.650482177734375,1.227543816639809e-05,,,,
209977344,0.0011004514526575804,3.260833263397217,0.14673751592636108,0.05000000074505806,0.02822127565741539,0.13896134495735168,23.646894454956055,3.55015845343587e-06,,,,
210042880,-0.0006977235898375511,3.073946475982666,0.13832761347293854,0.05000000074505806,0.025732260197401047,0.19279077649116516,18.363996505737305,1.2382424756651744e-05,,,,
210108416,-0.0008239299058914185,3.0965802669525146,0.13934612274169922,0.05000000074505806,0.007810239680111408,0.08273933827877045,20.50005340576172,9.043706086231396e-06,,,,
210173952,-0.002435101196169853,1.3599603176116943,0.06119822338223457,0.05000000074505806,0.2138902097940445,0.4823545813560486,25.318456649780273,3.534318966558203e-05,-35.57136917114258,,0.00417910423129797,
210239488,0.00016730744391679764,0.7408840656280518,0.033339787274599075,0.05000000074505806,0.009373522363603115,0.1305285096168518,29.846004486083984,1.7501077309134416e-05,,,,
210305024,-0.0006168062100186944,0.9716938734054565,0.043726224452257156,0.05000000074505806,0.03017096035182476,0.26062002778053284,21.06238555908203,1.1455960702733137e-05,,,,
210370560,-0.00035726907663047314,1.5633066892623901,0.07034879922866821,0.05000000074505806,0.05252651497721672,0.1759684979915619,23.189311981201172,7.808940608811099e-06,,,,
210436096,0.00020767166279256344,1.3073790073394775,0.05883205682039261,0.05000000074505806,0.06112069636583328,0.29295647144317627,25.54026222229004,1.3638407835969701e-05,,,,
210501632,-0.0020218980498611927,0.9389145374298096,0.04225115478038788,0.05000000074505806,0.10701307654380798,0.21847876906394958,23.259057998657227,0.00011317247117403895,,,,
210567168,-0.0015467627672478557,0.867590606212616,0.03904157876968384,0.05000000074505806,0.0686006247997284,0.23300829529762268,22.013172149658203,0.0003391381469555199,,,,
210632704,0.0028272997587919235,0.8903754949569702,0.04006689786911011,0.05000000074505806,0.14266952872276306,0.24523887038230896,23.699060440063477,4.198381066089496e-05,,,,
210698240,0.0012351382756605744,1.6774755716323853,0.07548640668392181,0.05000000074505806,0.057966701686382294,0.1804349720478058,24.314189910888672,1.945348958543036e-05,,,,
210763776,-0.0006801809649914503,1.312729001045227,0.05907280370593071,0.05000000074505806,0.08424024283885956,0.07613024115562439,20.94754409790039,1.6188343579415232e-05,,,,
210829312,-0.0019338761921972036,0.8165842294692993,0.03674629330635071,0.05000000074505806,0.051424525678157806,0.09046556055545807,21.92569923400879,8.540371345588937e-05,,,,
210894848,-0.0003551256377249956,0.5579943656921387,0.025109747424721718,0.05000000074505806,0.0515853688120842,0.16926264762878418,17.953763961791992,0.00023982816492207348,,,,
210960384,0.00016967207193374634,0.6049385666847229,0.02722223661839962,0.05000000074505806,0.06416091322898865,0.12235438823699951,19.30521583557129,8.768215775489807e-05,,,,
211025920,-0.0025212320033460855,0.5535212159156799,0.024908458814024925,0.05000000074505806,0.054011791944503784,0.09699846804141998,21.444215774536133,3.015057518496178e-05,-20.847667694091797,,0.034715525805950165,
211091456,-0.0008831982268020511,0.9951756596565247,0.04478290677070618,0.05000000074505806,0.17298796772956848,0.7892466187477112,19.56031036376953,3.0179802706697956e-05,,,,
211156992,-0.002292861230671406,0.6580615639686584,0.029612772166728973,0.05000000074505806,0.13420197367668152,0.20850835740566254,18.496028900146484,4.0116185118677095e-05,,,,
211222528,-4.820467438548803e-05,0.6655793190002441,0.029951071366667747,0.05000000074505806,0.05792485922574997,0.08897973597049713,24.037601470947266,8.043042907956988e-05,,,,
211288064,-0.0006764968275092542,0.9428868889808655,0.042429909110069275,0.05000000074505806,0.06352104246616364,0.21996457874774933,17.005962371826172,6.266254058573395e-05,,,,
211353600,-0.003078490262851119,0.7160494327545166,0.03222222626209259,0.05000000074505806,0.11154839396476746,0.14587654173374176,19.67914581298828,2.398376091150567e-05,,,,
211419136,-0.0020552189089357853,0.6837384700775146,0.03076823242008686,0.05000000074505806,0.06508984416723251,0.11903157085180283,22.827743530273438,0.00023166195023804903,,-37.5301399230957,,0.0009765625
211484672,0.005054719280451536,3.3279459476470947,0.14975757896900177,0.05000000074505806,0.073618583381176,0.2979298532009125,38.07628631591797,1.5096599781827535e-05,,,,
211550208,-0.0006976509466767311,3.493273973464966,0.15719732642173767,0.05000000074505806,0.002381501719355583,0.12336142361164093,28.108613967895508,1.173017062683357e-05,,,,
211615744,0.0029006153345108032,3.4650919437408447,0.15592911839485168,0.05000000074505806,0.044213660061359406,0.46885862946510315,26.134830474853516,4.010003976873122e-06,,,,
211681280,-0.00039498647674918175,3.231632709503174,0.14542348682880402,0.05000000074505806,0.031416356563568115,0.43276166915893555,22.990066528320312,6.999943252594676e-06,,,,
211746816,0.0002081122947856784,3.212838649749756,0.1445777714252472,0.05000000074505806,0.015695327892899513,0.11709055304527283,20.928098678588867,8.850740414345637e-06,,,,
211812352,-0.0015334442723542452,1.4125397205352783,0.06356429308652878,0.05000000074505806,0.22491490840911865,0.37499210238456726,26.85399055480957,3.1746705644764006e-05,-34.859580993652344,,0.020930232480168343,
211877888,-0.00044792710104957223,0.7757360339164734,0.034908123314380646,0.05000000074505806,0.0068855080753564835,0.08346165716648102,27.664485931396484,1.6700600099284202e-05,,,,
211943424,-0.0004332910757511854,0.8183220028877258,0.036824487149715424,0.05000000074505806,0.045537400990724564,0.16143710911273956,18.514835357666016,1.4660392480436713e-05,,,,
212008960,0.0007746957708150148,1.32222580909729,0.05950016900897026,0.05000000074505806,0.07598933577537537,0.7013372182846069,23.891321182250977,6.908726390975062e-06,,,,
212074496,0.003959507681429386,1.994091510772705,0.08973412960767746,0.05000000074505806,0.04423406720161438,0.1769304722547531,30.54931640625,7.90793819760438e-06,,,,
212140032,-0.002468898892402649,1.099947214126587,0.04949762672185898,0.05000000074505806,0.24588733911514282,0.30504199862480164,22.078567504882812,6.237495108507574e-05,,,,
212205568,-0.0022041616030037403,0.8525360822677612,0.03836412727832794,0.05000000074505806,0.06221448630094528,0.1380803883075714,22.556377410888672,0.00023140947450883687,,,,
212271104,-0.0008108166512101889,0.8654225468635559,0.03894401341676712,0.05000000074505806,0.06798438727855682,0.11810174584388733,22.730579376220703,5.833981413161382e-05,,,,
212336640,0.0010387778747826815,1.1758886575698853,0.05291499197483063,0.05000000074505806,0.04899628087878227,0.1068861111998558,23.369571685791016,2.6109348254976794e-05,,,,
212402176,-0.0012986885849386454,1.3557103872299194,0.06100697070360184,0.05000000074505806,0.0760708674788475,0.09899325668811798,19.972484588623047,1.413208792655496e-05,,,,
212467712,-0.0034494700375944376,0.8278544545173645,0.037253450602293015,0.05000000074505806,0.06343977153301239,0.11362200230360031,22.07894515991211,5.715640872949734e-05,,,,
212533248,0.0001382583286613226,0.5449389219284058,0.02452225238084793,0.05000000074505806,0.04106752201914787,0.1140446737408638,21.287139892578125,0.00014576269313693047,,,,
212598784,0.0001653593499213457,0.499286025762558,0.022467873990535736,0.05000000074505806,0.036367375403642654,0.07307031005620956,19.367382049560547,0.0001097325439332053,-24.77849006652832,,0.05624404177069664,
212664320,-0.004672616254538298,0.95342618227005,0.04290418326854706,0.05000000074505806,0.03119012340903282,0.17021875083446503,19.97284698486328,2.1662031940650195e-05,,,,
212729856,-0.0024638278409838676,0.6436458826065063,0.02896406501531601,0.05000000074505806,0.07696997374296188,0.2841643691062927,22.678680419921875,2.3940776372910477e-05,,,,
212795392,0.0019834921695291996,0.7143464684486389,0.03214558959007263,0.05000000074505806,0.05862011760473251,0.08581000566482544,24.210895538330078,6.162056524772197e-05,,,,
212860928,-0.0007749599171802402,0.8460036516189575,0.038070160895586014,0.05000000074505806,0.03898533433675766,0.062155745923519135,21.359447479248047,5.6506025430280715e-05,,,,
212926464,-0.0010554251493886113,1.0308901071548462,0.04639005288481712,0.05000000074505806,0.05633728578686714,0.15927694737911224,23.254924774169922,1.6494979718117975e-05,,,,
212992000,-0.0026606074534356594,0.7017749547958374,0.0315798744559288,0.05000000074505806,0.13100235164165497,0.44132205843925476,22.667753219604492,3.4936390875373036e-05,,,,
213057536,-0.0018756617791950703,0.6437853574752808,0.028970342129468918,0.05000000074505806,0.07419826835393906,0.27168887853622437,22.766376495361328,0.00044843749492429197,-32.02680587768555,-37.728065490722656,0.002793296240270138,0.0009765625
213123072,0.004899146035313606,3.2846808433532715,0.1478106528520584,0.05000000074505806,0.04024071246385574,0.3188723027706146,32.836116790771484,1.6347936252714135e-05,,,,
213188608,0.00013994064647704363,3.368706464767456,0.15159177780151367,0.05000000074505806,0.0028566031251102686,0.0880582183599472,26.145051956176758,1.604756835149601e-05,,,,
213254144,0.0007688472978770733,3.1710238456726074,0.1426960825920105,0.05000000074505806,0.030786866322159767,0.1730244755744934,22.76726531982422,4.7716339395265095e-06,,,,
213319680,0.0006705736741423607,2.5830633640289307,0.11623785644769669,0.05000000074505806,0.03938622772693634,0.11763175576925278,24.525352478027344,2.954002957267221e-05,,,,
213385216,0.0005468136514537036,2.7552199363708496,0.12398489564657211,0.05000000074505806,0.023112908005714417,0.18637186288833618,20.34650421142578,1.5209940102067776e-05,,,,
213450752,-0.0009489837102591991,1.2487103939056396,0.05619196593761444,0.05000000074505806,0.22977526485919952,0.21292084455490112,26.49751853942871,4.15807735407725e-05,,,,
213516288,0.00064473832026124,0.6878448724746704,0.030953019857406616,0.05000000074505806,0.009396388195455074,0.21430248022079468,27.476295471191406,2.259904249513056e-05,,,,
213581824,0.00042759906500577927,0.9133031368255615,0.041098643094301224,0.05000000074505806,0.04227921739220619,0.27701452374458313,20.077543258666992,1.3814578778692521e-05,,,,
213647360,0.00016901770140975714,1.2614679336547852,0.05676605924963951,0.05000000074505806,0.08144987374544144,0.16612058877944946,21.697837829589844,1.0892773389059585e-05,,,,
213712896,-0.0012460870202630758,1.4648064374923706,0.0659162849187851,0.05000000074505806,0.06681767106056213,1.0715192556381226,21.83097267150879,1.2792505003744736e-05,,,,
213778432,-0.0019714138470590115,0.9253043532371521,0.041638702154159546,0.05000000074505806,0.22078624367713928,0.2649306058883667,22.3552188873291,0.00012048874486936256,,,,
213843968,-0.0014253580011427402,0.7741472125053406,0.034836623817682266,0.05000000074505806,0.08364029228687286,0.1636439710855484,22.926511764526367,0.00036993774119764566,-27.981250762939453,,0.038333334028720856,
213909504,0.0004450920969247818,0.7852610945701599,0.03533674776554108,0.05000000074505806,0.18488188087940216,0.9655216932296753,21.86703872680664,0.00010002643102779984,,,,
213975040,-0.00022410121164284647,1.5348663330078125,0.06906899064779282,0.05000000074505806,0.09931959956884384,0.1505984514951706,20.15107536315918,4.9419097194913775e-05,,,,
214040576,-0.0012471616500988603,1.2125742435455322,0.05456584692001343,0.05000000074505806,0.09900800883769989,0.09051220118999481,24.148277282714844,2.409460284980014e-05,,,,
214106112,-0.003138018772006035,0.7086350917816162,0.03188858553767204,0.05000000074505806,0.11602179706096649,0.1467188000679016,23.83244514465332,0.00019075402815360576,,,,
214171648,0.000625538406893611,0.5747050046920776,0.025861725211143494,0.05000000074505806,0.11953752487897873,0.5343238115310669,21.106184005737305,0.0004844803479500115,,,,
214237184,7.376621942967176e-05,0.5785341262817383,0.02603403478860855,0.05000000074505806,0.09108862280845642,0.11778759956359863,20.871551513671875,0.00020340850460343063,,,,
214302720,-0.0007517228368669748,0.5332038402557373,0.023994171991944313,0.05000000074505806,0.08272683620452881,0.10582295805215836,19.417953491210938,5.859380689798854e-05,,,,
214368256,-0.0014992817305028439,1.3651459217071533,0.06143156811594963,0.05000000074505806,0.09738942235708237,0.1450316160917282,23.138551712036133,3.7609355786116794e-05,,,,
214433792,2.7461908757686615e-05,0.8179522156715393,0.03680785000324249,0.05000000074505806,0.19257760047912598,0.15225346386432648,22.34739112854004,6.434653187170625e-05,,,,
214499328,-0.0001364072086289525,0.6517309546470642,0.029327895492315292,0.05000000074505806,0.07523085922002792,0.10377760231494904,18.812673568725586,0.00017577066319063306,,,,
214564864,0.0004117479547858238,0.6275522708892822,0.02823985368013382,0.05000000074505806,0.06806051731109619,0.09106016904115677,20.880258560180664,0.0002011434844462201,,,,
214630400,-0.0007533105672337115,0.5795646905899048,0.026080412790179253,0.05000000074505806,0.09621088206768036,0.6142194867134094,23.047460556030273,8.55870166560635e-05,-29.90245246887207,,0.04219409450888634,
214695936,-0.000576250662561506,0.6153247356414795,0.027689611539244652,0.05000000074505806,0.0428658127784729,0.2048267275094986,25.905197143554688,0.0009359193500131369,,-37.24472427368164,,0.0
214761472,0.00047941412776708603,3.3485915660858154,0.15068663656711578,0.05000000074505806,0.02568529173731804,0.10467232763767242,32.27039337158203,1.165432513516862e-05,,,,
214827008,0.0009666814003139734,3.4017796516418457,0.15308009088039398,0.05000000074505806,0.0030154711566865444,0.12419255077838898,27.629337310791016,7.990441190486308e-06,,,,
214892544,0.0011825008550658822,3.275705099105835,0.14740674197673798,0.05000000074505806,0.035468947142362595,0.1505090445280075,21.799327850341797,2.7463129299576394e-06,,,,
214958080,-0.0006321027176454663,3.0188634395599365,0.13584886491298676,0.05000000074505806,0.03960040956735611,0.6555725932121277,18.578685760498047,1.3567052519647405e-05,,,,
215023616,-0.00033577834255993366,3.1134443283081055,0.1401050090789795,0.05000000074505806,0.02729441225528717,0.38919755816459656,19.247541427612305,7.488452865800355e-06,,,,
215089152,-0.004011956043541431,1.3340376615524292,0.0600317046046257,0.05000000074505806,0.28754377365112305,0.4053087830543518,20.97728729248047,3.830267087323591e-05,,,,
215154688,0.0008284742943942547,0.6937453746795654,0.031218543648719788,0.05000000074505806,0.013869818300008774,0.14718668162822723,22.99230194091797,1.600323594175279e-05,,,,
215220224,0.0004378221929073334,0.8315900564193726,0.03742155432701111,0.05000000074505806,0.0402970016002655,0.09190478920936584,24.046146392822266,8.827885721984785e-06,,,,
215285760,0.0018020907882601023,1.8087884187698364,0.0813954696059227,0.05000000074505806,0.0725826844573021,0.13621817529201508,22.89833641052246,6.136973752290942e-06,,,,
215351296,-0.0005183613393455744,1.3229626417160034,0.05953332036733627,0.05000000074505806,0.034131333231925964,0.1457369178533554,21.202287673950195,1.2063907888659742e-05,,,,
215416832,-0.00205881055444479,0.766031801700592,0.03447143733501434,0.05000000074505806,0.07680090516805649,0.38879576325416565,19.27198028564453,0.000751740240957588,-34.753379821777344,,0.009097270667552948,
215482368,-0.0013977773487567902,0.5822377800941467,0.02620070055127144,0.05000000074505806,0.05631197988986969,0.11088411509990692,20.660741806030273,0.0012102965265512466,,,,
215547904,-0.0009242391679435968,0.502981424331665,0.022634167224168777,0.05000000074505806,0.06078289449214935,0.0880906730890274,17.659265518188477,0.00010926129471044987,,,,
215613440,-0.0010078900959342718,1.1623749732971191,0.0523068793118,0.05000000074505806,0.0384761206805706,0.05777118355035782,15.662845611572266,2.4647722966619767e-05,,,,
215678976,-0.00242825411260128,1.1236259937286377,0.05056317523121834,0.05000000074505806,0.0525670163333416,0.08441547304391861,19.526655197143555,1.7644666513660923e-05,,,,
215744512,-0.0015757710207253695,0.6367142796516418,0.028652142733335495,0.05000000074505806,0.055780380964279175,0.09384113550186157,23.55082893371582,0.00019545338000170887,,,,
215810048,0.0006140097975730896,0.5025973916053772,0.022616883739829063,0.05000000074505806,0.05656538903713226,0.1400223672389984,20.920045852661133,0.0005119335255585611,,,,
215875584,-0.0018867731560021639,0.553856611251831,0.024923549965023994,0.05000000074505806,0.04224181920289993,0.09336937218904495,17.536392211914062,0.00014165963511914015,,,,
215941120,-0.001711325254291296,0.4814628064632416,0.021665826439857483,0.05000000074505806,0.0329023078083992,0.08438584953546524,18.875560760498047,7.559444929938763e-05,,,,
216006656,-0.002261136658489704,1.1179018020629883,0.05030558630824089,0.05000000074505806,0.03670712932944298,0.12843286991119385,21.11502456665039,4.9701375246513635e-05,,,,
216072192,-0.0013447734527289867,0.6758421659469604,0.03041290119290352,0.05000000074505806,0.15964217483997345,0.1727645993232727,26.979177474975586,4.8092977522173896e-05,-30.277280807495117,,0.011754827573895454,
216137728,-0.00019030424300581217,0.5324252247810364,0.02395913377404213,0.05000000074505806,0.07068035751581192,0.24847076833248138,23.616535186767578,0.0002565828035585582,,,,
216203264,-0.0014298056485131383,0.5305836200714111,0.023876260966062546,0.05000000074505806,0.05895867198705673,0.10895974189043045,18.550382614135742,0.00010202107660006732,,,,
216268800,-0.0007249813061207533,0.5079593062400818,0.022858167067170143,0.05000000074505806,0.0757770985364914,0.13350288569927216,19.492252349853516,1.872923894552514e-05,,,,
216334336,-2.6309164240956306e-05,0.5370543599128723,0.024167446419596672,0.05000000074505806,0.06838133931159973,0.5576968789100647,21.369768142700195,0.00039451222983188927,,-37.407615661621094,,0.0009765625
216399872,0.003873466746881604,3.4040257930755615,0.15318116545677185,0.05000000074505806,0.03394640237092972,0.22455081343650818,37.02799987792969,1.5212072867143434e-05,,,,
216465408,5.6016258895397186e-05,3.4295051097869873,0.15432772040367126,0.05000000074505806,0.002213358413428068,0.10363102704286575,22.841272354125977,1.076539047062397e-05,,,,
216530944,0.001081337919458747,3.3480892181396484,0.15066401660442352,0.05000000074505806,0.0330638512969017,0.20273560285568237,20.949853897094727,3.1726140150567517e-06,,,,
216596480,0.0010362083557993174,3.2285423278808594,0.14528439939022064,0.05000000074505806,0.02999102883040905,0.136406809091568,18.910785675048828,4.823866220249329e-06,,,,
216662016,0.0006273784674704075,3.377715826034546,0.15199723839759827,0.05000000074505806,0.01342380978167057,0.10509765148162842,16.8101749420166,8.361310392501764e-06,,,,
216727552,-0.0028484982904046774,1.3614652156829834,0.06126592680811882,0.05000000074505806,0.14943264424800873,0.3833673596382141,22.452159881591797,4.049530980410054e-05,-37.09211730957031,,0.0,
216793088,0.0003043770557269454,0.6283997893333435,0.028277991339564323,0.05000000074505806,0.007321628276258707,0.07184796035289764,27.890092849731445,1.839856486185454e-05,,,,
216858624,-2.66795395873487e-05,0.6361697912216187,0.02862764336168766,0.05000000074505806,0.03774018585681915,0.3077285587787628,20.592174530029297,9.23794141272083e-06,,,,
216924160,0.0012254315661266446,1.5666970014572144,0.07050137221813202,0.05000000074505806,0.06749077886343002,0.12140262126922607,19.322467803955078,6.7811179178534076e-06,,,,
216989696,-0.00241971667855978,0.9707309007644653,0.043682895600795746,0.05000000074505806,0.03411107137799263,0.1220943033695221,22.001571655273438,1.9972585505456664e-05,,,,
217055232,-0.00023197964765131474,0.6000800132751465,0.02700360119342804,0.05000000074505806,0.042476437985897064,0.3750564754009247,25.99892234802246,0.0007314287358894944,,,,
217120768,-6.493332330137491e-05,0.49827492237091064,0.022422373294830322,0.05000000074505806,0.08803995698690414,0.11730340123176575,19.354196548461914,0.0007887519896030426,,,,
217186304,0.0027081267908215523,0.5049947500228882,0.022724762558937073,0.05000000074505806,0.05263510346412659,0.10549339652061462,21.93312644958496,9.022902668220922e-05,,,,
217251840,-0.000744584365747869,1.177957534790039,0.05300809442996979,0.05000000074505806,0.06500828266143799,0.12174533307552338,17.286489486694336,1.837759009504225e-05,,,,
217317376,-0.001051826518960297,1.0270493030548096,0.04621721804141998,0.05000000074505806,0.0695217177271843,0.10698071122169495,24.662120819091797,2.132974441337865e-05,-30.351770401000977,,0.013059700839221478,
217382912,-0.0020894974004477262,0.5547842383384705,0.02496528998017311,0.05000000074505806,0.06595820188522339,0.10347378253936768,18.07972526550293,0.00025067280512303114,,,,
217448448,-0.0006837829132564366,0.4949071407318115,0.022270817309617996,0.05000000074505806,0.0556761808693409,0.12342866510152817,20.597105026245117,0.00034444735501892865,,,,
217513984,0.0004872642457485199,0.5367764830589294,0.024154942482709885,0.05000000074505806,0.05628501623868942,0.08445552736520767,16.41921615600586,0.0002167715720133856,,,,
217579520,-0.001011482672765851,0.4472372233867645,0.020125675946474075,0.05000000074505806,0.06281257420778275,0.38008973002433777,17.882740020751953,9.418414265383035e-05,,,,
217645056,-0.0022247626911848783,1.3428757190704346,0.0604294128715992,0.05000000074505806,0.10367313027381897,0.15739406645298004,19.773344039916992,5.0028698751702905e-05,,,,
217710592,-0.00134144420735538,0.6664608716964722,0.02999073825776577,0.05000000074505806,0.19178153574466705,0.8871093392372131,22.04688262939453,8.98377038538456e-05,,,,
217776128,0.0009735291823744774,0.509079098701477,0.022908559069037437,0.05000000074505806,0.06209861859679222,0.15650510787963867,23.855669021606445,0.0002693537389859557,,,,
217841664,-0.00018816825468093157,0.4985446333885193,0.02243451029062271,0.05000000074505806,0.07411151379346848,0.38594919443130493,20.783649444580078,8.09132179711014e-05,,,,
217907200,0.0005902419798076153,0.6214332580566406,0.027964496985077858,0.05000000074505806,0.08397497236728668,0.1643904447555542,25.086210250854492,2.3282387701328844e-05,,,,
217972736,-0.0016900592017918825,0.5189282894134521,0.023351771757006645,0.05000000074505806,0.13083001971244812,0.8522019386291504,19.752424240112305,0.00010189981549046934,-34.4837646484375,-37.066226959228516,0.020095692947506905,0.0009765625
218038272,0.00011833803728222847,3.4244399070739746,0.15409980714321136,0.05000000074505806,0.023239165544509888,0.14587926864624023,28.659387588500977,1.3879684956918936e-05,,,,
218103808,0.0001004489604383707,3.412743330001831,0.15357348322868347,0.05000000074505806,0.0020767156966030598,0.06922710686922073,27.246349334716797,1.1042711776099168e-05,,,,
218169344,-2.8721056878566742e-05,3.3405399322509766,0.150324285030365,0.05000000074505806,0.03306938707828522,0.1418074667453766,18.883787155151367,2.9331956739042653e-06,,,,
218234880,0.00031707389280200005,3.0963189601898193,0.13933436572551727,0.05000000074505806,0.037290461361408234,0.44148343801498413,20.3787899017334,5.119376965012634e-06,,,,
218300416,0.0008705499349161983,3.2128591537475586,0.14457868039608002,0.05000000074505806,0.03201940655708313,0.1431446075439453,17.896480560302734,1.1172879567311611e-05,,,,
218365952,-4.1248276829719543e-05,1.3163350820541382,0.05923508107662201,0.05000000074505806,0.22383743524551392,0.2890663146972656,26.660444259643555,4.339842053013854e-05,,,,
218431488,-0.0006689716828987002,0.6182034611701965,0.027819158509373665,0.05000000074505806,0.008471799083054066,0.10894890874624252,20.525089263916016,2.1643856598529965e-05,,,,
218497024,-0.001059231348335743,0.9927148818969727,0.044672176241874695,0.05000000074505806,0.019268430769443512,0.18368324637413025,21.959604263305664,7.401692073472077e-06,,,,
218562560,0.000328009482473135,1.7270562648773193,0.07771754264831543,0.05000000074505806,0.060193806886672974,0.4443497061729431,17.468791961669922,6.16010856901994e-06,,,,
218628096,-0.00016010808758437634,1.0563244819641113,0.047534599900245667,0.05000000074505806,0.044765956699848175,0.26721933484077454,20.143978118896484,1.8194619769928977e-05,,,,
218693632,-0.0018095222767442465,0.6437395811080933,0.028968285769224167,0.05000000074505806,0.053607262670993805,0.28640109300613403,18.982656478881836,0.0010579783702269197,-33.84214401245117,,0.004051863681524992,
218759168,-0.0012324426788836718,0.5527556538581848,0.02487400360405445,0.05000000074505806,0.06914357095956802,0.11957445740699768,24.3352108001709,0.0011209443910047412,,,,
218824704,0.0011210325174033642,0.5103063583374023,0.022963788360357285,0.05000000074505806,0.05151183903217316,0.34776902198791504,19.60697364807129,0.00011557302059372887,,,,
218890240,-0.00041372724808752537,1.230301856994629,0.05536359176039696,0.05000000074505806,0.03983141481876373,0.0929967612028122,20.12455940246582,2.4820436010486446e-05,,,,
218955776,-0.0008231557440012693,1.1547564268112183,0.051964037120342255,0.05000000074505806,0.059632088989019394,0.07872416079044342,21.117328643798828,1.8159596947953105e-05,,,,
219021312,-0.001682925852946937,0.6477054953575134,0.029146747663617134,0.05000000074505806,0.04104585945606232,0.08549406379461288,21.066377639770508,0.00013855347060598433,,,,
219086848,-0.0017108090687543154,0.5010620951652527,0.02254779450595379,0.05000000074505806,0.056352026760578156,0.11629018187522888,20.01898956298828,0.00036497748806141317,,,,
219152384,-0.0009234649478457868,0.5408047437667847,0.02433621510863304,0.05000000074505806,0.0422535240650177,0.08551564812660217,19.785945892333984,0.00012629230332095176,,,,
219217920,-0.002624961780384183,0.5073682069778442,0.022831568494439125,0.05000000074505806,0.04059094563126564,0.08004891127347946,16.126026153564453,0.0001360133901471272,,,,
219283456,0.0027029025368392467,1.1964244842529297,0.053839102387428284,0.05000000074505806,0.06765082478523254,0.32763296365737915,16.250221252441406,7.565919077023864e-05,,,,
219348992,-0.0013857200974598527,0.7329627275466919,0.03298332169651985,0.05000000074505806,0.09524436295032501,0.17365674674510956,25.178199768066406,3.785284570767544e-05,-28.22871971130371,,0.03125,
219414528,-0.000726743252016604,0.519159734249115,0.023362189531326294,0.05000000074505806,0.062287695705890656,0.13719937205314636,18.476778030395508,0.0002884640416596085,,,,
219480064,0.00038090022280812263,0.6521530151367188,0.029346885159611702,0.05000000074505806,0.05421218276023865,0.10599403083324432,23.56661033630371,8.522487769369036e-05,,,,
219545600,0.00036078249104321003,0.5625612735748291,0.025315258651971817,0.05000000074505806,0.07066172361373901,0.1593693494796753,24.83089256286621,2.1608348106383346e-05,,,,
219611136,-0.0011395844630897045,0.49979066848754883,0.02249058149755001,0.05000000074505806,0.06481488049030304,0.17801712453365326,23.69533348083496,0.00014026589633431286,,-36.93593215942383,,0.0009765625
219676672,0.0007110035512596369,3.515929698944092,0.15821683406829834,0.05000000074505806,0.0193058792501688,0.09745373576879501,27.310617446899414,1.5475734471692704e-05,,,,
219742208,-0.0006426579784601927,3.53235125541687,0.15895581245422363,0.05000000074505806,0.002500973641872406,0.15052594244480133,24.766908645629883,1.1770930541388225e-05,,,,
219807744,0.0008704809006303549,3.428697347640991,0.15429137647151947,0.05000000074505806,0.03480932116508484,0.19296690821647644,23.00946807861328,3.450804115345818e-06,,,,
219873280,-0.0010810547973960638,3.1771273612976074,0.1429707556962967,0.05000000074505806,0.030313996598124504,0.5775275826454163,19.501686096191406,7.823414307495113e-06,,,,
219938816,0.00048602756578475237,3.2724831104278564,0.14726173877716064,0.05000000074505806,0.026246167719364166,0.2667468786239624,21.619728088378906,1.0236093658022583e-05,,,,
220004352,0.0005696204025298357,1.3650561571121216,0.0614275224506855,0.05000000074505806,0.25253069400787354,0.3033585548400879,31.313339233398438,3.347099482198246e-05,-35.513023376464844,,0.0025423727929592133,
220069888,-0.002163571771234274,0.5230406522750854,0.02353683114051819,0.05000000074505806,0.007828065194189548,0.09443216770887375,23.982492446899414,1.4009136066306382e-05,,,,
220135424,0.0006812326610088348,0.6029863357543945,0.02713438682258129,0.05000000074505806,0.02890607714653015,0.16045236587524414,19.875322341918945,1.1025152161892038e-05,,,,
220200960,0.0004053839948028326,1.2301132678985596,0.05535510182380676,0.05000000074505806,0.03930368274450302,0.07854785025119781,21.6991024017334,6.740325716236839e-06,,,,
220266496,0.0003439334686845541,1.0708180665969849,0.04818681627511978,0.05000000074505806,0.02935882657766342,0.13745653629302979,22.13442611694336,1.1113066648249514e-05,,,,
220332032,-0.0006796984816901386,0.6905909180641174,0.031076595187187195,0.05000000074505806,0.06588461995124817,0.5257136821746826,22.938507080078125,0.00019589645671658218,,,,
220397568,-0.0014843458775430918,0.5646844506263733,0.02541080117225647,0.05000000074505806,0.05734173208475113,0.10497645288705826,19.8326358795166,0.00044170834007672966,,,,
220463104,-0.00041651888750493526,0.5578410029411316,0.025102846324443817,0.05000000074505806,0.052424997091293335,0.10919350385665894,15.822111129760742,0.0001237729738932103,,,,
220528640,4.3751904740929604e-05,1.088150978088379,0.048966795206069946,0.05000000074505806,0.04887639731168747,0.08123039454221725,20.356430053710938,2.4798859158181585e-05,,,,
220594176,-0.0006382158026099205,0.9488744139671326,0.04269934818148613,0.05000000074505806,0.062298085540533066,0.12589463591575623,27.171649932861328,2.21119789785007e-05,-27.434247970581055,,0.020358305424451828,
220659712,0.00023554638028144836,0.5670656561851501,0.025517959147691727,0.05000000074505806,0.0449589341878891,0.11050894111394882,21.008338928222656,0.0002183726173825562,,,,
220725248,-0.0011706994846463203,0.4708735942840576,0.021189311519265175,0.05000000074505806,0.039563730359077454,0.06649144738912582,16.006080627441406,0.0002981646393891424,,,,
220790784,-0.0023571117781102657,0.47959426045417786,0.0215817429125309,0.05000000074505806,0.04516546428203583,0.07899753749370575,17.013418197631836,0.0001524091203464195,,,,
220856320,-0.0008401512168347836,0.4707583785057068,0.021184129640460014,0.05000000074505806,0.021525245159864426,0.08310724794864655,21.08936309814453,0.00029253296088427305,,,,
220921856,-0.001755962846800685,0.6408467888832092,0.028838107362389565,0.05000000074505806,0.09825585782527924,0.17447975277900696,20.811573028564453,0.00016565347323194146,,,,
220987392,0.0007132122991606593,0.5999915599822998,0.026999618858098984,0.05000000074505806,0.04904576390981674,0.3258211016654968,23.17298126220703,9.00614177226089e-05,,,,
221052928,-0.0005341330543160439,0.5520879030227661,0.024843955412507057,0.05000000074505806,0.03626140207052231,0.05454990267753601,18.465791702270508,0.00011481870751595125,,,,
221118464,-0.001307775266468525,1.270332932472229,0.057164981961250305,0.05000000074505806,0.035586439073085785,0.09571593254804611,21.739046096801758,7.494066085200757e-05,,,,
221184000,-0.0020572440698742867,1.397638201713562,0.06289371848106384,0.05000000074505806,0.03602933511137962,0.07678254693746567,22.021724700927734,1.899241397040896e-05,,,,
221249536,-0.0018630812410265207,0.6965107321739197,0.03134298324584961,0.05000000074505806,0.039975304156541824,0.0912090465426445,23.236684799194336,7.370476669166237e-05,-30.680866241455078,-38.03901672363281,0.017025088891386986,0.0
221315072,0.0007117916829884052,3.3770670890808105,0.15196801722049713,0.05000000074505806,0.030579254031181335,0.0870823934674263,31.323200225830078,1.2737854376609903e-05,,,,
221380608,-0.00044596579391509295,3.4716928005218506,0.15622617304325104,0.05000000074505806,0.0068753440864384174,0.25942671298980713,20.985116958618164,1.2943079127580859e-05,,,,
221446144,0.0001347833313047886,3.3704288005828857,0.15166929364204407,0.05000000074505806,0.046389225870370865,0.7712261080741882,21.409238815307617,3.7403970054583624e-06,,,,
221511680,0.0008932976052165031,3.0963680744171143,0.13933655619621277,0.05000000074505806,0.062059976160526276,0.36570966243743896,18.5450439453125,7.2597099460836034e-06,,,,
221577216,0.0028690858744084835,3.176784038543701,0.14295528829097748,0.05000000074505806,0.051912181079387665,0.1047910749912262,22.65296745300293,1.032380350807216e-05,,,,
221642752,-0.0031569674611091614,1.2947150468826294,0.0582621768116951,0.05000000074505806,0.19092299044132233,0.35579562187194824,18.508432388305664,4.0638649807078764e-05,,,,
221708288,0.003648531623184681,0.6205964088439941,0.027926838025450706,0.05000000074505806,0.00755583681166172,0.10694411396980286,27.86455535888672,1.053108735504793e-05,,,,
221773824,0.0004051090218126774,0.9796544313430786,0.04408445581793785,0.05000000074505806,0.033403266221284866,0.11892104148864746,22.99504852294922,7.577233191113919e-06,,,,
221839360,0.000500944210216403,1.7025338411331177,0.07661403715610504,0.05000000074505806,0.05982465296983719,0.32618018984794617,22.94439697265625,6.060314717615256e-06,,,,
221904896,-0.00091325375251472,1.6817662715911865,0.07567949593067169,0.05000000074505806,0.043763577938079834,0.855334997177124,21.232481002807617,1.0243994438496884e-05,,,,
221970432,-0.002093249000608921,0.8379455208778381,0.037707552313804626,0.05000000074505806,0.20143280923366547,0.7066158056259155,23.74888038635254,0.000585716450586915,-32.55860900878906,,0.027420736849308014,
222035968,-0.0036971408408135176,0.6414390802383423,0.02886475995182991,0.05000000074505806,0.05453615263104439,0.1299649178981781,19.254283905029297,0.0012948681833222508,,,,
222101504,0.0003216889454051852,0.5998494625091553,0.026993226259946823,0.05000000074505806,0.0983443632721901,0.26659464836120605,21.82724380493164,0.00011519237887114286,,,,
222167040,0.0013826963258907199,1.1784712076187134,0.053031209856271744,0.05000000074505806,0.04134731367230415,0.09335415810346603,23.03744125366211,2.0152872821199708e-05,,,,
222232576,-0.0028137164190411568,1.2825329303741455,0.057713981717824936,0.05000000074505806,0.05109177529811859,0.07988429814577103,15.498342514038086,1.2392788448778447e-05,,,,
222298112,-0.0025972938165068626,0.7461927533149719,0.033578675240278244,0.05000000074505806,0.049419451504945755,0.10482022166252136,22.993925094604492,9.694699838291854e-05,,,,
222363648,0.001045584212988615,0.5153419375419617,0.023190388455986977,0.05000000074505806,0.03453104570508003,0.12223096936941147,21.5314884185791,0.0003787890891544521,,,,
222429184,-0.002367662265896797,0.5273329615592957,0.02372998557984829,0.05000000074505806,0.039303869009017944,0.12075825035572052,15.59158992767334,0.00012559125025290996,,,,
222494720,-0.0033365695271641016,0.5168634653091431,0.023258857429027557,0.05000000074505806,0.039239123463630676,0.11689988523721695,16.928495407104492,0.000107428444607649,,,,
222560256,0.00034275942016392946,1.2553479671478271,0.056490663439035416,0.05000000074505806,0.04763265326619148,0.4056171774864197,17.030315399169922,0.0003968314849771559,,,,
222625792,-0.00246232352219522,0.7732301354408264,0.034795358777046204,0.05000000074505806,0.11855471134185791,0.19453899562358856,21.79480743408203,3.0313409297377802e-05,,,,
222691328,0.0017284707864746451,0.5581563711166382,0.025117039680480957,0.05000000074505806,0.08835457265377045,0.5546480417251587,20.596769332885742,9.274853800889105e-05,-27.441425323486328,,0.023255813866853714,
222756864,-0.003067054320126772,1.080912709236145,0.04864107444882393,0.05000000074505806,0.04842708259820938,0.10257964581251144,20.126224517822266,8.851679012877867e-05,,,,
222822400,-0.001064568292349577,1.6521693468093872,0.07434762269258499,0.05000000074505806,0.06357614696025848,0.07474011927843094,23.853452682495117,2.0339379261713475e-05,,,,
222887936,-0.002931303344666958,0.8360891342163086,0.03762400895357132,0.05000000074505806,0.06676915287971497,0.10916522145271301,18.30048370361328,6.200837378855795e-05,,-37.41157913208008,,0.0009765625
222953472,1.0372605174779892e-05,3.4354894161224365,0.15459704399108887,0.05000000074505806,0.024609345942735672,0.11662322282791138,24.267871856689453,1.329295446339529e-05,,,,
223019008,0.0015919472789391875,3.6374754905700684,0.16368640959262848,0.05000000074505806,0.008957525715231895,0.23411735892295837,29.05455780029297,1.0282654329785146e-05,,,,
223084544,0.00013571442104876041,3.641601800918579,0.16387209296226501,0.05000000074505806,0.03384069353342056,0.40321725606918335,17.982547760009766,3.0359410629898775e-06,,,,
223150080,-0.0008385465480387211,3.4126288890838623,0.153568297624588,0.05000000074505806,0.010278603062033653,0.14993564784526825,22.802845001220703,3.975800154876197e-06,,,,
223215616,-0.0003059632144868374,3.4196338653564453,0.15388351678848267,0.05000000074505806,0.00420750305056572,0.09919504821300507,24.877819061279297,8.621664164820686e-06,,,,
223281152,-0.0025483500212430954,1.3924835920333862,0.06266176700592041,0.05000000074505806,0.19269178807735443,0.3798102140426636,24.562238693237305,3.383623334229924e-05,-34.92203140258789,,0.0017406439874321222,
223346688,0.00010450882837176323,0.6761602163314819,0.03042720817029476,0.05000000074505806,0.010531876236200333,0.11048272997140884,27.030202865600586,1.6941698049777187e-05,,,,
223412224,0.0011685001663863659,0.7404963970184326,0.03332233801484108,0.05000000074505806,0.08108747005462646,0.7438362240791321,22.135324478149414,1.194573451357428e-05,,,,
223477760,-0.0004941695369780064,1.4355461597442627,0.06459957361221313,0.05000000074505806,0.09954062104225159,0.23359325528144836,17.56835174560547,6.175491762405727e-06,,,,
223543296,-0.0006853658705949783,1.3748425245285034,0.06186791509389877,0.05000000074505806,0.06850342452526093,0.5164909362792969,21.069095611572266,7.823048690625e-06,,,,
223608832,-0.001592274522408843,0.8218342661857605,0.036982547491788864,0.05000000074505806,0.07091256231069565,0.18896284699440002,22.770503997802734,0.00019123096717521548,,,,
223674368,-0.0009346812148578465,0.6460385322570801,0.029071735218167305,0.05000000074505806,0.04267749935388565,0.13833022117614746,23.88909149169922,0.0004762485041283071,,,,
223739904,-0.0016282142605632544,0.613716721534729,0.027617255225777626,0.05000000074505806,0.0733615905046463,0.11196984350681305,18.036285400390625,6.731866596965119e-05,,,,
223805440,0.0001356499269604683,1.2787178754806519,0.057542309165000916,0.05000000074505806,0.04780523106455803,0.11775146424770355,22.24674415588379,1.6103556845337152e-05,,,,
223870976,-0.002229047939181328,1.3831582069396973,0.06224212795495987,0.05000000074505806,0.07802006602287292,0.4174957275390625,21.03728675842285,1.544322003610432e-05,,,,
223936512,-0.0004173989873379469,0.7545602321624756,0.03395521640777588,0.05000000074505806,0.07072070240974426,0.09683241695165634,25.641048431396484,6.427227344829589e-05,-27.875526428222656,,0.022165387868881226,
224002048,-0.0014900648966431618,0.4934197962284088,0.022203892469406128,0.05000000074505806,0.03398934379220009,0.07252596318721771,18.861892700195312,0.00011353157606208697,,,,
224067584,-0.0007497470360249281,0.577772319316864,0.025999754667282104,0.05000000074505806,0.035207584500312805,0.08003535121679306,20.258407592773438,3.1201263482216746e-05,,,,
224133120,-0.0008154918905347586,0.4789963960647583,0.021554838865995407,0.05000000074505806,0.07080510258674622,0.14023196697235107,21.07024383544922,3.019783616764471e-05,,,,
224198656,-0.0016204176936298609,1.405086874961853,0.06322891265153885,0.05000000074505806,0.06778320670127869,0.40838444232940674,19.801298141479492,8.501933916704729e-05,,,,
224264192,-0.0011722395429387689,0.945308268070221,0.042538873851299286,0.05000000074505806,0.1178165152668953,0.1615583598613739,23.643796920776367,3.4475597203709185e-05,,,,
224329728,0.0011683953925967216,0.6354706287384033,0.0285961776971817,0.05000000074505806,0.06796559691429138,0.389896035194397,17.695693969726562,9.253488678950816e-05,,,,
224395264,0.0024255949538201094,0.9948974847793579,0.044770389795303345,0.05000000074505806,0.054565995931625366,0.0955490842461586,18.817127227783203,6.0986239986959845e-05,,,,
224460800,-0.002686816733330488,0.7160947322845459,0.03222426772117615,0.05000000074505806,0.11330828070640564,0.11590980738401413,17.504480361938477,3.135977385682054e-05,,,,
224526336,-0.0006391335627995431,0.6109417080879211,0.027492377907037735,0.05000000074505806,0.07230035215616226,0.5745155215263367,23.454479217529297,0.0003648425918072462,,-37.250572204589844,,0.0
224591872,-0.00021416042000055313,3.4745240211486816,0.15635359287261963,0.05000000074505806,0.025994885712862015,0.3235100507736206,26.467300415039062,1.3621008292830084e-05,,,,
224657408,-0.0013098563067615032,3.6862382888793945,0.1658807247877121,0.05000000074505806,0.0043973843567073345,0.1128455102443695,22.117610931396484,1.1013346920663025e-05,,,,
224722944,0.0008500480325892568,3.6605329513549805,0.16472402215003967,0.05000000074505806,0.030134182423353195,0.10896490514278412,19.6060791015625,3.02043713418243e-06,,,,
224788480,0.00026267673820257187,3.478745460510254,0.1565435528755188,0.05000000074505806,0.016550080850720406,0.1615903675556183,20.272308349609375,7.129070581868291e-06,,,,
224854016,0.0007253093644976616,3.4835898876190186,0.15676157176494598,0.05000000074505806,0.009335299022495747,0.10397449135780334,24.773401260375977,1.0792103239509743e-05,,,,
224919552,-0.0004207736346870661,1.4512929916381836,0.06530819088220596,0.05000000074505806,0.18155434727668762,0.25634220242500305,26.448610305786133,3.304086931166239e-05,-32.813655853271484,,0.009999999776482582,
224985088,0.0022725434973835945,0.593587338924408,0.02671143226325512,0.05000000074505806,0.009746589697897434,0.07833781093358994,23.579605102539062,1.127071664086543e-05,,,,
225050624,-0.0014634408289566636,0.7778363823890686,0.03500264137983322,0.05000000074505806,0.03240515664219856,0.10583541542291641,19.963769912719727,7.1637782639299985e-06,,,,
225116160,-0.0004151105531491339,1.4630072116851807,0.06583532691001892,0.05000000074505806,0.040826424956321716,0.09740198403596878,19.13877296447754,7.206392638181569e-06,,,,
225181696,0.00027658557519316673,1.710108995437622,0.0769549161195755,0.05000000074505806,0.036929938942193985,0.1797187179327011,20.23372459411621,1.0017685781349428e-05,,,,
225247232,-0.002936350181698799,1.0431487560272217,0.046941693872213364,0.05000000074505806,0.20055851340293884,0.959048867225647,20.86627960205078,7.258448022184893e-05,,,,
225312768,-0.0018107080832123756,0.7067053318023682,0.0318017415702343,0.05000000074505806,0.06970633566379547,0.13747143745422363,23.630020141601562,0.00020237622084096074,,,,
225378304,0.0003716091741807759,0.673623263835907,0.030313048511743546,0.05000000074505806,0.10733728110790253,0.3306792676448822,21.23554229736328,3.951221879106015e-05,,,,
225443840,0.00021432118955999613,1.7340539693832397,0.07803243398666382,0.05000000074505806,0.0644044429063797,0.11825593560934067,22.149423599243164,1.7638691133470275e-05,,,,
225509376,-0.00060493522323668,1.277201771736145,0.057474084198474884,0.05000000074505806,0.08126096427440643,0.08958088606595993,22.64797019958496,1.9313947632326744e-05,,,,
225574912,-0.0007006030064076185,0.7444167137145996,0.03349875658750534,0.05000000074505806,0.04806280881166458,0.09412674605846405,23.75581169128418,0.00010117796045960858,-24.84101104736328,,0.03660886362195015,
225640448,-0.00035702891182154417,0.5720177888870239,0.02574080415070057,0.05000000074505806,0.034562449902296066,0.10623446106910706,21.275508880615234,0.00017055317584890872,,,,
225705984,-0.0010826066136360168,0.662743330001831,0.02982345223426819,0.05000000074505806,0.03730699047446251,0.10531682521104813,14.026418685913086,8.929821342462674e-05,,,,
225771520,-0.0026441223453730345,0.7282899022102356,0.03277304768562317,0.05000000074505806,0.05014863610267639,0.07465828210115433,21.17670249938965,1.8003001969191246e-05,,,,
225837056,-0.002101267222315073,0.672497034072876,0.03026236593723297,0.05000000074505806,0.09460552781820297,0.34758299589157104,24.543701171875,2.5706420274218544e-05,,,,
225902592,-0.0005620536394417286,0.7972385883331299,0.03587573394179344,0.05000000074505806,0.05275959521532059,0.10103284567594528,17.532184600830078,5.297497409628704e-05,,,,
225968128,-0.0028420849703252316,0.6625893712043762,0.0298165213316679,0.05000000074505806,0.06954355537891388,0.08270634710788727,18.552907943725586,2.875364043575246e-05,,,,
226033664,-0.00045683514326810837,0.5346348285675049,0.024058569222688675,0.05000000074505806,0.06689828634262085,0.11876051127910614,16.38140106201172,2.206195131293498e-05,,,,
226099200,-0.0020995773375034332,0.5613510608673096,0.02526080049574375,0.05000000074505806,0.07800937443971634,0.1386917680501938,17.926984786987305,2.131610563083086e-05,,,,
226164736,-0.0016400249442085624,0.724920928478241,0.03262144327163696,0.05000000074505806,0.07975234091281891,0.7017356157302856,21.811203002929688,4.1647948819445446e-05,-34.139244079589844,-37.84682846069336,0.004205214325338602,0.0
226230272,-0.0010993457399308681,3.489802360534668,0.15704111754894257,0.05000000074505806,0.03357306867837906,0.1051509752869606,26.930429458618164,1.1917151823581662e-05,,,,
226295808,-0.0009293119655922055,3.623276948928833,0.16304746270179749,0.05000000074505806,0.0032518189400434494,0.19978837668895721,24.460256576538086,8.290629921248183e-06,,,,
226361344,0.002489423844963312,3.6717495918273926,0.1652287393808365,0.05000000074505806,0.015935106202960014,0.11458025872707367,26.476930618286133,2.6574225557851605e-06,,,,
226426880,0.0017799623310565948,3.415881633758545,0.15371468663215637,0.05000000074505806,0.017224211245775223,0.24459834396839142,22.37487030029297,5.616859198198654e-06,,,,
226492416,-0.0001031641149893403,3.4376091957092285,0.1546924114227295,0.05000000074505806,0.0219988152384758,0.25169527530670166,17.744144439697266,9.629181477066595e-06,,,,
226557952,-0.0031933756545186043,1.4287183284759521,0.06429233402013779,0.05000000074505806,0.18456098437309265,0.4216328561306,21.455520629882812,2.9144690415705554e-05,,,,
226623488,0.0021700577344745398,0.7444650530815125,0.033500928431749344,0.05000000074505806,0.010220780037343502,0.10505297780036926,25.117612838745117,1.2148151654400863e-05,,,,
226689024,0.0009203721419908106,0.9232739806175232,0.04154733568429947,0.05000000074505806,0.05439513549208641,0.10040257126092911,17.922945022583008,9.778171261132229e-06,,,,
226754560,0.0011847595451399684,1.5223543643951416,0.06850595027208328,0.05000000074505806,0.028176497668027878,0.17484509944915771,18.580537796020508,6.571463472937467e-06,,,,
226820096,-0.0008441790705546737,1.9698460102081299,0.08864308893680573,0.05000000074505806,0.045043352991342545,0.2776733934879303,20.537677764892578,1.0491138709767256e-05,,,,
226885632,-0.001869821222499013,1.283931016921997,0.05777689814567566,0.05000000074505806,0.19545942544937134,0.14475086331367493,22.707183837890625,5.035713911638595e-05,-30.09356117248535,,0.03548680618405342,
226951168,-0.0019973660819232464,0.9966092109680176,0.04484741389751434,0.05000000074505806,0.05739838257431984,0.0881728008389473,20.491870880126953,0.0001296116242883727,,,,
227016704,-0.0019360285950824618,0.9752939939498901,0.04388822615146637,0.05000000074505806,0.08172120153903961,0.15002942085266113,19.406597137451172,4.6798060793662444e-05,,,,
227082240,-0.0008836021879687905,1.8309608697891235,0.08239323645830154,0.05000000074505806,0.05643481761217117,0.5344502925872803,19.80411148071289,2.0839877834077924e-05,,,,
227147776,-0.002551180077716708,1.4316843748092651,0.06442578881978989,0.05000000074505806,0.043641552329063416,0.07344961911439896,16.505287170410156,1.3708556252822746e-05,,,,
227213312,-0.003330788342282176,0.9609842896461487,0.043244294822216034,0.05000000074505806,0.04654870182275772,0.094316765666008,21.958677291870117,6.636075704591349e-05,,,,
227278848,-0.0010763355530798435,0.6788122653961182,0.030546553432941437,0.05000000074505806,0.04054846242070198,0.11511319875717163,20.879032135009766,0.0002021635591518134,,,,
227344384,3.376806853339076e-05,0.7735278010368347,0.03480875492095947,0.05000000074505806,0.037258394062519073,0.0944618210196495,15.460023880004883,8.162183803506196e-05,,,,
227409920,-0.0010103315580636263,1.418217420578003,0.06381978839635849,0.05000000074505806,0.038313090801239014,0.082343190908432,20.18177604675293,2.2545355022884905e-05,,,,
227475456,-8.197364513762295e-05,1.0377397537231445,0.04669829085469246,0.05000000074505806,0.04946088418364525,0.12000486254692078,25.256431579589844,2.4705113901291043e-05,,,,
227540992,-0.0002868678420782089,0.7628055810928345,0.034326255321502686,0.05000000074505806,0.03742791712284088,0.08194348216056824,21.52606201171875,5.8921636082232e-05,,,,
227606528,0.00045203790068626404,0.7009429931640625,0.03154243901371956,0.05000000074505806,0.027592733502388,0.10245448350906372,19.029861450195312,3.8206886529223993e-05,,,,
227672064,-0.0022494755685329437,0.7043114900588989,0.03169402480125427,0.05000000074505806,0.05098647624254227,0.139847069978714,18.35750961303711,2.6370624254923314e-05,-29.31487464904785,,0.020351527258753777,
227737600,-0.002004510723054409,0.816310703754425,0.03673398122191429,0.05000000074505806,0.054635658860206604,0.13180899620056152,21.19710922241211,0.00036279833875596523,,,,
227803136,-0.00023574568331241608,0.789180338382721,0.03551311418414116,0.05000000074505806,0.05595414340496063,0.39561665058135986,19.33980941772461,0.0003581911441870034,,-37.662193298339844,,0.0
227868672,-0.0005968273617327213,3.4700865745544434,0.15615390241146088,0.05000000074505806,0.029540685936808586,0.1952877640724182,24.162967681884766,1.2661329492402729e-05,,,,
227934208,0.0020840188954025507,3.7689034938812256,0.16960065066814423,0.05000000074505806,0.0028176018968224525,0.05642366781830788,25.92327880859375,1.5736493878648616e-05,,,,
227999744,0.0013737666886299849,3.748995065689087,0.1687047779560089,0.05000000074505806,0.019714225083589554,0.12521445751190186,23.130483627319336,3.661970367829781e-06,,,,
228065280,-0.0006394932279363275,3.544205665588379,0.15948925912380219,0.05000000074505806,0.006582817994058132,0.13383051753044128,18.700862884521484,1.0818793271027971e-05,,,,
228130816,-0.0009582785423845053,3.4497604370117188,0.15523923933506012,0.05000000074505806,0.005367754027247429,0.14404995739459991,21.114208221435547,7.441006800945615e-06,,,,
228196352,-0.0029061329551041126,1.3828998804092407,0.06223050132393837,0.05000000074505806,0.17342963814735413,0.2615319788455963,22.70738983154297,3.3322790841339156e-05,-34.201805114746094,,0.000834724516607821,
228261888,0.00010523712262511253,0.5977845788002014,0.026900310069322586,0.05000000074505806,0.007328001782298088,0.10187040269374847,21.907730102539062,1.8011356587521732e-05,,,,
228327424,0.0006979468744248152,0.916994035243988,0.04126473516225815,0.05000000074505806,0.02206326834857464,0.04922167956829071,15.825845718383789,9.596747077011969e-06,,,,
228392960,0.0010071233846247196,1.4259800910949707,0.06416910886764526,0.05000000074505806,0.02242136001586914,0.09643638879060745,20.095407485961914,5.798739039164502e-06,,,,
228458496,-0.000352358038071543,1.5295740365982056,0.06883082538843155,0.05000000074505806,0.03823312371969223,0.4095802307128906,19.029251098632812,7.80549908085959e-06,,,,
228524032,-0.001105517614632845,1.0490374565124512,0.04720668867230415,0.05000000074505806,0.1072334349155426,0.36988407373428345,24.540311813354492,7.126026321202517e-05,,,,
228589568,-0.0006658282945863903,0.61721271276474,0.027774574235081673,0.05000000074505806,0.09182339906692505,0.1733156144618988,21.660194396972656,0.00015687503037042916,,,,
228655104,-1.3174023479223251e-05,0.5665212273597717,0.025493454188108444,0.05000000074505806,0.10828093439340591,0.36397993564605713,18.724842071533203,5.8766916481545195e-05,,,,
228720640,-0.0008448283188045025,1.180191159248352,0.05310860648751259,0.05000000074505806,0.03761902451515198,0.09465694427490234,17.121295928955078,3.1436356948688626e-05,,,,
228786176,-0.0016768702771514654,1.4799939393997192,0.06659972667694092,0.05000000074505806,0.050002776086330414,0.1454763263463974,17.000349044799805,8.43010002427036e-06,,,,
228851712,-0.0030559110455214977,0.9447345733642578,0.042513057589530945,0.05000000074505806,0.037716709077358246,0.11695390194654465,21.856056213378906,4.567629366647452e-05,-27.3257999420166,,0.014461316168308258,
228917248,-0.001860721968114376,0.5922486186027527,0.026651185005903244,0.05000000074505806,0.019279031082987785,0.13128496706485748,22.0455322265625,0.00017180966096930206,,,,
228982784,-0.0011706373188644648,0.577843964099884,0.026002980768680573,0.05000000074505806,0.033764034509658813,0.08607810735702515,19.38930320739746,4.660235208575614e-05,,,,
229048320,-0.0013362946920096874,0.5418086051940918,0.02438138611614704,0.05000000074505806,0.052078112959861755,0.10346484929323196,25.828235626220703,2.05643900699215e-05,,,,
229113856,-0.00216465862467885,1.2213752269744873,0.05496188625693321,0.05000000074505806,0.1185493990778923,0.10420404374599457,18.81134605407715,2.0070299797225744e-05,,,,
229179392,-0.0037617599591612816,0.7318642139434814,0.03293389081954956,0.05000000074505806,0.07776589691638947,0.21507319808006287,22.067834854125977,2.4963625037344173e-05,,,,
229244928,-0.0005608295905403793,0.5974804759025574,0.026886623352766037,0.05000000074505806,0.024056963622570038,0.09195461124181747,23.361148834228516,5.8458757848711684e-05,,,,
229310464,-0.0009416304528713226,0.6614396572113037,0.02976478822529316,0.05000000074505806,0.013018387369811535,0.09169797599315643,21.61237907409668,4.362605977803469e-05,,,,
229376000,0.0006143004284240305,1.2964813709259033,0.05834166333079338,0.05000000074505806,0.029100406914949417,0.10362778604030609,26.866783142089844,1.7811755242291838e-05,,,,
229441536,-0.004025890491902828,0.741892397403717,0.03338515758514404,0.05000000074505806,0.08892080187797546,0.153946191072464,21.789628982543945,4.950902803102508e-05,-34.51273727416992,-36.70957565307617,0.011808117851614952,0.0009765625
229507072,0.0027615567669272423,3.4717750549316406,0.1562298834323883,0.05000000074505806,0.02401808276772499,0.1332356035709381,26.594097137451172,1.0830090104718693e-05,,,,
229572608,0.00021264899987727404,3.7425732612609863,0.16841581463813782,0.05000000074505806,0.0016292964573949575,0.06852027028799057,23.878292083740234,7.031536370050162e-06,,,,
229638144,0.0009424575255252421,3.758727550506592,0.1691427379846573,0.05000000074505806,0.0384645015001297,0.6122307777404785,19.317289352416992,3.0905832772987196e-06,,,,
229703680,-0.00020455801859498024,3.4540345668792725,0.1554315686225891,0.05000000074505806,0.04326869919896126,0.5172171592712402,18.53546142578125,4.3932986955042e-06,,,,
229769216,-0.0012667328119277954,3.4088852405548096,0.15339983999729156,0.05000000074505806,0.007486739195883274,0.14104591310024261,20.581573486328125,7.810279385012109e-06,,,,
229834752,-0.0016184956766664982,1.394594669342041,0.06275676935911179,0.05000000074505806,0.188022643327713,0.35794755816459656,24.361434936523438,3.3744669053703547e-05,,,,
229900288,0.00022372044622898102,0.6365512013435364,0.028644807636737823,0.05000000074505806,0.006287309341132641,0.12399899214506149,24.966651916503906,1.2319255802140106e-05,,,,
229965824,-0.0006994153372943401,0.9539614915847778,0.042928267270326614,0.05000000074505806,0.0495995357632637,0.06443080306053162,14.166749000549316,9.54395545704756e-06,,,,
230031360,-0.0012659619096666574,1.6519628763198853,0.07433833181858063,0.05000000074505806,0.04014456272125244,0.3069046139717102,16.15039825439453,5.335821697372012e-06,,,,
230096896,0.0014511396875604987,2.2703208923339844,0.10216443985700607,0.05000000074505806,0.03380776569247246,0.18919210135936737,22.524730682373047,6.113624294812325e-06,,,,
230162432,-0.0024440642446279526,1.1551158428192139,0.05198020488023758,0.05000000074505806,0.3843221068382263,0.3127213418483734,22.42530059814453,7.712453952990472e-05,-26.908193588256836,,0.06244930997490883,
230227968,-0.0004913914017379284,0.7093855142593384,0.0319223515689373,0.05000000074505806,0.05138499662280083,0.19637605547904968,21.550260543823242,0.00030744177638553083,,,,
230293504,-0.0012300602393224835,0.6744412779808044,0.030349859967827797,0.05000000074505806,0.074992835521698,0.11905496567487717,16.711809158325195,7.36010042601265e-05,,,,
230359040,-0.00025915238074958324,1.8756582736968994,0.08440462499856949,0.05000000074505806,0.02696203999221325,0.2377462387084961,21.26066017150879,3.627109981607646e-05,,,,
230424576,-0.0012827052269130945,1.1768100261688232,0.05295645445585251,0.05000000074505806,0.0617675706744194,0.16797544062137604,15.627969741821289,1.924812386278063e-05,,,,
230490112,-0.0024823714047670364,0.7720276117324829,0.03474124148488045,0.05000000074505806,0.04020657762885094,0.11984898149967194,27.24810028076172,0.00012650620192289352,,,,
230555648,-0.0028996700420975685,0.4928963780403137,0.022180337458848953,0.05000000074505806,0.044744789600372314,0.11747237294912338,15.24160385131836,0.0003695264458656311,,,,
230621184,0.0014483631821349263,0.6060105562210083,0.027270479127764702,0.05000000074505806,0.0416080541908741,0.08460168540477753,15.6717529296875,0.00014889653539285064,,,,
230686720,0.0001484057866036892,1.1849279403686523,0.05332176759839058,0.05000000074505806,0.04163332283496857,0.08298754692077637,20.750560760498047,1.8765411368804052e-05,,,,
230752256,-0.001771718729287386,0.8044178485870361,0.03619880601763725,0.05000000074505806,0.07640022039413452,0.11346403509378433,27.908979415893555,6.10450078966096e-05,-26.922569274902344,,0.022341376170516014,
230817792,-0.0010771662928164005,0.6500337719917297,0.029251517727971077,0.05000000074505806,0.02930450439453125,0.06695224344730377,21.71646499633789,0.0003262821410316974,,,,
230883328,-0.000584079883992672,0.5838043689727783,0.026271196082234383,0.05000000074505806,0.03158808872103691,0.08429858088493347,17.89118194580078,8.469520980725065e-05,,,,
230948864,-0.0014367651892825961,0.5731044411659241,0.02578970044851303,0.05000000074505806,0.04643816128373146,0.17332783341407776,19.532604217529297,3.218470010324381e-05,,,,
231014400,-0.0005640005692839622,0.620028555393219,0.027901288121938705,0.05000000074505806,0.039816055446863174,0.09946953505277634,22.97068214416504,0.000562657427508384,,,,
231079936,-0.001136909588240087,0.6272180676460266,0.02822481468319893,0.05000000074505806,0.07115232199430466,0.9254619479179382,22.332048416137695,0.00021513777028303593,,-36.140113830566406,,0.001953125
231145472,0.0007981269154697657,3.292853355407715,0.14817841351032257,0.05000000074505806,0.062230728566646576,0.3068207800388336,27.22095489501953,1.8317145077162422e-05,,,,
231211008,-0.00014395173639059067,3.4438984394073486,0.15497544407844543,0.05000000074505806,0.001870721927843988,0.0713733434677124,22.240419387817383,8.978890946309548e-06,,,,
231276544,0.00023666690685786307,3.30495548248291,0.14872302114963531,0.05000000074505806,0.0199141725897789,0.09209137409925461,17.28548240661621,3.486104105832055e-06,,,,
231342080,-4.469882696866989e-05,2.6695053577423096,0.12012772262096405,0.05000000074505806,0.03953561186790466,0.13812324404716492,24.097639083862305,4.269751298124902e-05,,,,
231407616,0.002384010935202241,2.8200907707214355,0.12690408527851105,0.05000000074505806,0.03378034383058548,0.12702637910842896,19.087615966796875,3.065686905756593e-05,,,,
231473152,-0.001447174814529717,1.1800824403762817,0.05310370773077011,0.05000000074505806,0.2052217572927475,0.6935379505157471,22.206214904785156,4.5314780436456203e-05,-30.415189743041992,,0.008862629532814026,
231538688,0.0007425707299262285,0.64476478099823,0.02901441603899002,0.05000000074505806,0.011467371135950089,0.17818720638751984,27.04698371887207,3.0003431675140746e-05,,,,
231604224,0.0007882257923483849,0.8044288754463196,0.03619930148124695,0.05000000074505806,0.049780696630477905,0.13745224475860596,16.77535057067871,1.493157833465375e-05,,,,
231669760,0.0019135167822241783,1.623948335647583,0.07307767868041992,0.05000000074505806,0.03581743687391281,0.10048411786556244,18.659223556518555,7.52783262214507e-06,,,,
231735296,-0.0017937383381649852,1.1287389993667603,0.050793252885341644,0.05000000074505806,0.03828611969947815,0.13050930202007294,16.391292572021484,1.7554602891323157e-05,,,,
231800832,-0.00356296612881124,0.8333183526992798,0.0374993234872818,0.05000000074505806,0.08081194758415222,0.31393304467201233,19.774045944213867,0.00024222179490607232,,,,
231866368,-0.001346447505056858,0.6367141604423523,0.028652139008045197,0.05000000074505806,0.09506990015506744,0.2711550295352936,21.113391876220703,0.0002748775586951524,,,,
231931904,0.000333694857545197,0.5585249066352844,0.02513362094759941,0.05000000074505806,0.13856717944145203,0.20272833108901978,22.986539840698242,9.492218669038266e-05,,,,
231997440,0.0016134895849972963,1.3347193002700806,0.06006236746907234,0.05000000074505806,0.05921296775341034,0.08389145880937576,26.274322509765625,3.0982380849309266e-05,,,,
232062976,-0.002721587661653757,1.1301827430725098,0.05085822194814682,0.05000000074505806,0.04001712054014206,0.09153452515602112,20.470537185668945,1.8497441487852484e-05,,,,
232128512,-0.0014434009790420532,0.686924397945404,0.030911598354578018,0.05000000074505806,0.040741994976997375,0.10168134421110153,20.191652297973633,0.00025941082276403904,-24.41510009765625,,0.028248587623238564,
232194048,-0.0017640129663050175,0.5495765805244446,0.024730945006012917,0.05000000074505806,0.027520379051566124,0.1516704559326172,19.455219268798828,0.000555854057893157,,,,
232259584,-0.0019647146109491587,0.5945590138435364,0.026755155995488167,0.05000000074505806,0.021726056933403015,0.0868922546505928,15.114097595214844,0.0001095106708817184,,,,
232325120,-0.00247094314545393,0.6650416851043701,0.029926877468824387,0.05000000074505806,0.019618894904851913,0.05642376467585564,21.82345199584961,2.286831477249507e-05,,,,
232390656,-0.001960012363269925,0.5918012261390686,0.026631055399775505,0.05000000074505806,0.098653644323349,0.3012990355491638,24.745180130004883,2.3411297661368735e-05,,,,
232456192,-0.0015693065943196416,0.6692355275154114,0.030115600675344467,0.05000000074505806,0.06191258132457733,0.10103405267000198,17.154611587524414,0.00016103040252346545,,,,
232521728,-0.0014376213075593114,0.5735333561897278,0.025809001177549362,0.05000000074505806,0.07360335439443588,0.12560822069644928,22.933727264404297,0.00011964954319410026,,,,
232587264,-0.0002611048985272646,0.4894380271434784,0.022024715319275856,0.05000000074505806,0.05764078348875046,0.12200792878866196,17.81427764892578,0.0001231484638992697,,,,
232652800,-0.002464453224092722,0.6202940344810486,0.027913236990571022,0.05000000074505806,0.05415267497301102,0.10428144782781601,15.783357620239258,4.004962829640135e-05,,,,
232718336,-0.0012434199452400208,0.5141461491584778,0.023136576637625694,0.05000000074505806,0.1019822210073471,0.6338913440704346,23.04515838623047,3.991926496382803e-05,-30.553298950195312,-36.64048767089844,0.0045537338592112064,0.0
232783872,0.00206128042191267,3.453670024871826,0.15541516244411469,0.05000000074505806,0.031956128776073456,0.1698574721813202,31.70951271057129,1.2194783266750164e-05,,,,
232849408,0.0005297266761772335,3.6523709297180176,0.16435670852661133,0.05000000074505806,0.002987991087138653,0.10181818902492523,27.860538482666016,1.0078164450533222e-05,,,,
232914944,0.0010497670155018568,3.600083112716675,0.162003755569458,0.05000000074505806,0.019900549203157425,0.14024746417999268,19.26972770690918,4.252126927895006e-06,,,,
232980480,0.0006906736525706947,3.3430709838867188,0.15043820440769196,0.05000000074505806,0.02310323715209961,0.21805009245872498,18.892452239990234,3.2009411370381713e-06,,,,
233046016,0.0007970883743837476,3.357668399810791,0.15109509229660034,0.05000000074505806,0.01793409138917923,0.4232422113418579,20.54849624633789,7.789122719259467e-06,,,,
233111552,-0.0034305572044104338,1.32662832736969,0.05969827622175217,0.05000000074505806,0.19328656792640686,0.41242921352386475,20.3660831451416,3.5026379919145256e-05,,,,
233177088,0.001759244711138308,0.5713230967521667,0.025709539651870728,0.05000000074505806,0.0053228167816996574,0.08866243809461594,25.979705810546875,1.5475479813176207e-05,,,,
233242624,0.0008971430361270905,1.0905922651290894,0.04907665401697159,0.05000000074505806,0.013979812152683735,0.08862432837486267,16.958925247192383,7.211150659713894e-06,,,,
233308160,-0.00011777342297136784,1.9121878147125244,0.08604846149682999,0.05000000074505806,0.01620979607105255,0.13387897610664368,20.273176193237305,5.04728950545541e-06,,,,
233373696,-0.000501701608300209,1.8980686664581299,0.08541309833526611,0.05000000074505806,0.037201400846242905,0.4248766303062439,20.226974487304688,7.913317858765367e-06,,,,
233439232,-0.0011442634277045727,0.9027386903762817,0.04062324017286301,0.05000000074505806,0.11264713108539581,0.3417465388774872,23.071094512939453,0.00041465915273875,-29.618227005004883,,0.014307228848338127,
233504768,-0.0017552035860717297,0.5418305397033691,0.024382375180721283,0.05000000074505806,0.02239680476486683,0.1189889907836914,22.897031784057617,0.0009215612662956119,,,,
233570304,-0.00027508102357387543,0.4511205554008484,0.020300423726439476,0.05000000074505806,0.035516880452632904,0.06518933176994324,15.497323989868164,8.84733599377796e-05,,,,
233635840,8.904212154448032e-05,1.1139817237854004,0.05012917518615723,0.05000000074505806,0.03649936988949776,0.06799084693193436,15.121270179748535,2.3582620997331105e-05,,,,
233701376,-0.0029612856451421976,1.0429408550262451,0.046932339668273926,0.05000000074505806,0.034889884293079376,0.07478143274784088,15.632346153259277,2.2399792214855552e-05,,,,
233766912,-0.0017645403277128935,0.6187523603439331,0.027843857184052467,0.05000000074505806,0.03680489957332611,0.1087503656744957,19.233707427978516,0.00012470592628233135,,,,
233832448,-0.0014027077704668045,0.4464566111564636,0.02009054832160473,0.05000000074505806,0.016597621142864227,0.11417115479707718,22.04619598388672,0.00034138705814257264,,,,
233897984,-0.0006633281009271741,0.5353344082832336,0.024090051651000977,0.05000000074505806,0.011575311422348022,0.07776729762554169,25.010351181030273,0.00013341176963876933,,,,
233963520,-0.0003271866589784622,0.8743658661842346,0.03934646397829056,0.05000000074505806,0.04811684042215347,0.08728604763746262,19.7374267578125,3.646408731583506e-05,,,,
234029056,-0.0033347427379339933,0.6697208285331726,0.03013743832707405,0.05000000074505806,0.09441003203392029,0.21221671998500824,21.28852081298828,2.698396383493673e-05,-27.253332138061523,,0.01799686998128891,
234094592,-0.0008290859404951334,0.6803376078605652,0.030615193769335747,0.05000000074505806,0.050367098301649094,0.185710608959198,19.47537612915039,0.00013667461462318897,,,,
234160128,-0.0012907173950225115,0.5281692743301392,0.023767618462443352,0.05000000074505806,0.06365334987640381,0.10232743620872498,19.05238914489746,0.00010352808749303222,,,,
234225664,-0.0017701436299830675,0.8200079202651978,0.0369003564119339,0.05000000074505806,0.03979406878352165,0.09267861396074295,18.69546890258789,6.662748637609184e-05,,,,
234291200,-0.0032035643234848976,0.5351887345314026,0.024083493277430534,0.05000000074505806,0.0664757564663887,0.12409009039402008,18.555828094482422,4.147277650190517e-05,,,,
234356736,-0.0003693379694595933,0.5385088324546814,0.0242328979074955,0.05000000074505806,0.047894030809402466,0.3088539242744446,23.875680923461914,9.429590136278421e-05,,-35.6162109375,,0.0
234422272,0.0024906189646571875,3.3975446224212646,0.15288951992988586,0.05000000074505806,0.022550329566001892,0.06115112081170082,27.973665237426758,1.158532268163981e-05,,,,
234487808,0.0002871742472052574,3.605604887008667,0.16225223243236542,0.05000000074505806,0.004319850355386734,0.26748359203338623,26.283763885498047,8.84172368387226e-06,,,,
234553344,-0.0004938007332384586,3.533912420272827,0.15902605652809143,0.05000000074505806,0.02512015774846077,0.09026522934436798,17.318073272705078,3.5263303743704455e-06,,,,
234618880,0.00016821874305605888,3.2830629348754883,0.14773781597614288,0.05000000074505806,0.027019042521715164,0.5307568311691284,19.590864181518555,5.064954166300595e-06,,,,
234684416,0.004009844735264778,3.2679858207702637,0.1470593512058258,0.05000000074505806,0.035706184804439545,0.422940194606781,22.057025909423828,7.828035450074822e-06,,,,
234749952,-0.0002976220566779375,1.3393300771713257,0.060269854962825775,0.05000000074505806,0.204862579703331,0.3548819124698639,26.84377670288086,3.313230990897864e-05,-34.365333557128906,,0.0020661158487200737,
234815488,-0.00016061519272625446,0.6494256854057312,0.029224161058664322,0.05000000074505806,0.010858596302568913,0.14310713112354279,20.618934631347656,1.4212071619112976e-05,,,,
234881024,-0.00030498532578349113,1.0425481796264648,0.04691467061638832,0.05000000074505806,0.023414544761180878,0.08712317049503326,16.156753540039062,8.765201528149191e-06,,,,
234946560,-0.0018674723105505109,1.8309625387191772,0.0823933333158493,0.05000000074505806,0.009810248389840126,0.1744590401649475,18.56662368774414,5.226925168244634e-06,,,,
235012096,-0.003213118063285947,1.8891785144805908,0.08501303195953369,0.05000000074505806,0.02759966254234314,0.38096997141838074,19.55549430847168,8.0273721323465e-06,,,,
235077632,-0.0021475758403539658,0.9369032382965088,0.04216064512729645,0.05000000074505806,0.3927021622657776,0.30670833587646484,18.779216766357422,0.000260242260992527,,,,
235143168,-0.002149648033082485,0.6039772033691406,0.027178972959518433,0.05000000074505806,0.04970266669988632,0.11166899651288986,22.878557205200195,0.0007521234801970422,,,,
235208704,-7.215392543002963e-05,0.5642570853233337,0.02539157122373581,0.05000000074505806,0.08302152901887894,0.2916228771209717,17.927364349365234,9.611653513275087e-05,,,,
235274240,-0.0007829833775758743,1.3019987344741821,0.05858994647860527,0.05000000074505806,0.030585452914237976,0.078608438372612,19.11199188232422,2.1169718820601702e-05,,,,
235339776,-0.0014151958748698235,1.1775685548782349,0.05299058556556702,0.05000000074505806,0.055427901446819305,0.10476279258728027,14.633438110351562,1.3645118087879382e-05,,,,
235405312,-0.0018579310271888971,0.7516863346099854,0.03382588177919388,0.05000000074505806,0.05697067081928253,0.09159045666456223,19.02750587463379,0.00010204470891039819,-20.359975814819336,,0.07640878856182098,
235470848,0.0027361204847693443,0.5109382271766663,0.022992221638560295,0.05000000074505806,0.05226343497633934,0.2312362641096115,17.710634231567383,0.00040666881250217557,,,,
235536384,0.0004982217215001583,0.7038028836250305,0.031671129167079926,0.05000000074505806,0.03878311067819595,0.08868324011564255,13.661197662353516,0.0001863256038632244,,,,
235601920,-0.0028736747335642576,0.6177799105644226,0.027800101786851883,0.05000000074505806,0.06551170349121094,0.10133184492588043,18.343379974365234,2.3373504518531263e-05,,,,
235667456,-0.002926773624494672,0.5878261923789978,0.026452181860804558,0.05000000074505806,0.08592218160629272,0.5085307359695435,19.93720245361328,6.536087312269956e-05,,,,
235732992,-0.002346630673855543,0.6354026198387146,0.028593119233846664,0.05000000074505806,0.07950539886951447,0.3965044617652893,16.514925003051758,0.00010319906868971884,,,,
235798528,-0.000709426705725491,0.5244252681732178,0.023599136620759964,0.05000000074505806,0.0572819709777832,0.11873938143253326,19.266124725341797,8.829677972244099e-05,,,,
235864064,-0.001652759499847889,0.4906380772590637,0.02207871526479721,0.05000000074505806,0.04696972295641899,0.14578258991241455,19.013578414916992,3.748593735508621e-05,,,,
235929600,-0.0013950124848634005,0.5242947936058044,0.023593265563249588,0.05000000074505806,0.06942751258611679,0.7337490916252136,21.105487823486328,8.628005889477208e-05,,,,
235995136,-0.0015319397207349539,0.5867803692817688,0.02640512026846409,0.05000000074505806,0.06765761971473694,0.418326735496521,21.831279754638672,0.0002483517164364457,-30.52800178527832,-35.33014678955078,0.003597122384235263,0.001953125
236060672,0.0014230581000447273,3.37774658203125,0.1519985944032669,0.05000000074505806,0.03290282189846039,0.08390671759843826,29.12267303466797,1.2338889064267278e-05,,,,
236126208,-0.0019706194289028645,3.5601582527160645,0.1602071225643158,0.05000000074505806,0.003785837907344103,0.13671380281448364,20.424074172973633,1.275835711567197e-05,,,,
236191744,2.64081172645092e-05,3.435389995574951,0.15459255874156952,0.05000000074505806,0.009287750348448753,0.10701527446508408,23.483861923217773,3.539778617778211e-06,,,,
236257280,0.001118189888074994,3.1028621196746826,0.1396287977695465,0.05000000074505806,0.04135056585073471,0.2189333438873291,23.388654708862305,1.419439104211051e-05,,,,
236322816,0.0019340376602485776,3.076382637023926,0.13843724131584167,0.05000000074505806,0.02719307690858841,0.08736272901296616,19.106733322143555,1.0278842637490015e-05,,,,
236388352,0.0006310030585154891,1.2743873596191406,0.05734743922948837,0.05000000074505806,0.18901187181472778,0.21825264394283295,25.906192779541016,3.267325882916339e-05,,,,
236453888,-0.0005013840273022652,0.7535250186920166,0.033908624202013016,0.05000000074505806,0.008345337584614754,0.15588481724262238,24.519746780395508,1.940360016305931e-05,,,,
236519424,0.0008182696765288711,0.8296927213668823,0.03733617067337036,0.05000000074505806,0.046490639448165894,0.15817978978157043,19.443435668945312,1.455239635106409e-05,,,,
236584960,-0.0011739288456737995,1.3989830017089844,0.06295423209667206,0.05000000074505806,0.02482544630765915,0.1047060638666153,15.246180534362793,6.2626936596643645e-06,,,,
236650496,-0.0020989933982491493,1.1676639318466187,0.052544884383678436,0.05000000074505806,0.03562779724597931,0.24348695576190948,23.402193069458008,1.8864964658860117e-05,,,,
236716032,-0.002597803482785821,0.780130922794342,0.03510589152574539,0.05000000074505806,0.07765878736972809,0.21989716589450836,22.671768188476562,0.0001619078975636512,-30.03297233581543,,0.020038168877363205,
236781568,-0.0015079404693096876,0.5858358144760132,0.026362614706158638,0.05000000074505806,0.05281277373433113,0.12871703505516052,27.04997444152832,0.00025337518309243023,,,,
236847104,0.00023067952133715153,0.5950722694396973,0.02677825093269348,0.05000000074505806,0.11366342753171921,0.17637313902378082,17.940073013305664,9.760061220731586e-05,,,,
236912640,-0.0002673325361683965,1.1866118907928467,0.053397536277770996,0.05000000074505806,0.0631723701953888,0.08031589537858963,19.3216552734375,5.917692033108324e-05,,,,
236978176,3.908015787601471e-05,1.22202730178833,0.054991234093904495,0.05000000074505806,0.07971934974193573,0.07642725110054016,19.64403533935547,1.840295226429589e-05,,,,
237043712,-0.0033954044338315725,0.6757817268371582,0.03041018173098564,0.05000000074505806,0.07211802899837494,0.13709183037281036,19.88730239868164,0.00022405313211493194,,,,
237109248,-0.00025091913994401693,0.6097123622894287,0.027437057346105576,0.05000000074505806,0.06566818058490753,0.1525920033454895,16.54374122619629,0.0005267034866847098,,,,
237174784,0.0003078337758779526,0.682546854019165,0.0307146068662405,0.05000000074505806,0.05633317306637764,0.10638445615768433,17.700180053710938,0.0001409677934134379,,,,
237240320,0.0021375578362494707,0.8213455080986023,0.03696054592728615,0.05000000074505806,0.06870505213737488,0.10448233783245087,20.6468448638916,2.465634315740317e-05,,,,
237305856,-0.0029494422487914562,0.7897716164588928,0.03553972393274307,0.05000000074505806,0.08602635562419891,0.13653112947940826,18.79138946533203,2.2595146219828166e-05,,,,
237371392,-0.0009809948969632387,0.5303743481636047,0.023866845294833183,0.05000000074505806,0.048934198915958405,0.08966914564371109,16.902217864990234,8.231391984736547e-05,,,,
237436928,-0.0028966525569558144,0.5271480083465576,0.023721661418676376,0.05000000074505806,0.04635255038738251,0.08341282606124878,19.032398223876953,9.851502545643598e-05,-27.23952865600586,,0.021316032856702805,
237502464,-9.405863238498569e-05,0.5501462817192078,0.02475658431649208,0.05000000074505806,0.04992329329252243,0.08478293567895889,18.046144485473633,7.178670784924179e-05,,,,
237568000,-0.0023697461001574993,0.5807555317878723,0.026134002953767776,0.05000000074505806,0.07093624770641327,0.17674914002418518,20.381515502929688,0.0001448735420126468,,,,
237633536,-0.0015722343232482672,0.616266131401062,0.02773197554051876,0.05000000074505806,0.07393234223127365,0.7485700249671936,19.072072982788086,0.00021682900842279196,,-34.54798889160156,,0.001953125
237699072,0.0008736290037631989,3.407296657562256,0.15332834422588348,0.05000000074505806,0.03535070642828941,0.06723185628652573,28.98451805114746,1.1879831617989112e-05,,,,
237764608,-0.00045654497807845473,3.56610107421875,0.16047455370426178,0.05000000074505806,0.0020646073389798403,0.10211939364671707,24.96989631652832,1.023987351800315e-05,,,,
237830144,-0.00031136866891756654,3.372955560684204,0.15178300440311432,0.05000000074505806,0.009426496922969818,0.3261067569255829,18.91896629333496,3.105204768871772e-06,,,,
237895680,0.003458585124462843,3.1430208683013916,0.14143595099449158,0.05000000074505806,0.0385962650179863,0.20302867889404297,21.109493255615234,9.116394721786492e-06,,,,
237961216,0.0032408612314611673,3.1324710845947266,0.1409611999988556,0.05000000074505806,0.040531739592552185,0.09503962099552155,18.44693374633789,7.66474477131851e-06,,,,
238026752,0.0007958938367664814,1.2591824531555176,0.056663211435079575,0.05000000074505806,0.17331556975841522,0.21615946292877197,28.03212547302246,4.120681478525512e-05,-34.19603729248047,,0.0016286644386127591,
238092288,-0.0004948871210217476,0.5805325508117676,0.02612396329641342,0.05000000074505806,0.007256288081407547,0.17036229372024536,20.06183433532715,2.4481458240188658e-05,,,,
238157824,-0.0003324501449242234,0.7969480752944946,0.03586266189813614,0.05000000074505806,0.03241156041622162,0.2733417749404907,15.335275650024414,9.12563791644061e-06,,,,
238223360,-0.0019691139459609985,1.8459291458129883,0.08306681364774704,0.05000000074505806,0.009672778658568859,0.10217294842004776,16.286754608154297,6.270352514547994e-06,,,,
238288896,-0.0029475116170942783,1.94955575466156,0.08773002028465271,0.05000000074505806,0.024387158453464508,0.2721584439277649,18.067747116088867,8.13588030723622e-06,,,,
238354432,-0.0010628721211105585,0.9650758504867554,0.043428417295217514,0.05000000074505806,0.1466284841299057,0.43730735778808594,27.767210006713867,0.0002632259565871209,,,,
238419968,-0.001853647641837597,0.5837430357933044,0.02626843936741352,0.05000000074505806,0.03237030655145645,0.12268716841936111,22.2445068359375,0.0008190740481950343,,,,
238485504,0.0006549060344696045,0.5325242877006531,0.023963594809174538,0.05000000074505806,0.06538563966751099,0.12477423250675201,16.670631408691406,0.0001305363402934745,,,,
238551040,0.0016421462642028928,0.9971053004264832,0.044869743287563324,0.05000000074505806,0.044746033847332,0.09899121522903442,17.38947105407715,2.9319113309611566e-05,,,,
238616576,-0.0023886843118816614,1.1617330312728882,0.05227799713611603,0.05000000074505806,0.048549409955739975,0.08894392102956772,16.006546020507812,1.2801442608179059e-05,,,,
238682112,-0.003120233304798603,0.7250944972038269,0.03262925520539284,0.05000000074505806,0.04871252924203873,0.11140485852956772,24.802156448364258,9.005812171380967e-05,-23.529296875,,0.03786574676632881,
238747648,-0.0014769902918487787,0.47420331835746765,0.02133915014564991,0.05000000074505806,0.031889937818050385,0.09163656830787659,19.11737060546875,0.0004465548845473677,,,,
238813184,-0.0004327065544202924,0.532304048538208,0.02395368367433548,0.05000000074505806,0.02131655439734459,0.06088251248002052,19.68760108947754,0.0001542881946079433,,,,
238878720,-0.004204738885164261,0.7255955934524536,0.03265180438756943,0.05000000074505806,0.07148899137973785,0.10818562656641006,18.32695770263672,5.8101122704101726e-05,,,,
238944256,-0.002113768830895424,0.5053169131278992,0.022739261388778687,0.05000000074505806,0.09790833294391632,0.5915533304214478,19.24728775024414,0.0001364787749480456,,,,
239009792,-0.0010406807996332645,0.5698149800300598,0.025641676038503647,0.05000000074505806,0.06306590139865875,0.3201369643211365,20.900157928466797,0.0002070927293971181,,,,
239075328,-0.002072953851893544,0.4871174693107605,0.021920286118984222,0.05000000074505806,0.046163834631443024,0.07919547706842422,17.099742889404297,9.431798389414325e-05,,,,
239140864,-0.0008139649871736765,0.46963614225387573,0.021133625879883766,0.05000000074505806,0.04655146226286888,0.11000537127256393,19.570735931396484,0.00012585506192408502,,,,
239206400,-0.0005921479314565659,0.508224606513977,0.022870106622576714,0.05000000074505806,0.05262800678610802,0.1733059138059616,17.884531021118164,0.00011851465387735516,,,,
239271936,-0.001106279669329524,0.5001632571220398,0.022507349029183388,0.05000000074505806,0.05103955417871475,0.31988176703453064,20.97064971923828,9.068884537555277e-05,,-35.01882553100586,,0.0
239337472,0.0034948375541716814,3.3617758750915527,0.15127991139888763,0.05000000074505806,0.038673289120197296,0.151909738779068,27.432693481445312,1.2129918104619719e-05,,,,
239403008,-0.0015791011974215508,3.531334638595581,0.15891008079051971,0.05000000074505806,0.0058639938943088055,0.2895762324333191,20.984783172607422,1.0793428373290226e-05,,,,
239468544,-0.0005753934383392334,3.4144058227539062,0.1536482572555542,0.05000000074505806,0.014506704173982143,0.10707895457744598,21.369352340698242,3.0532821710949065e-06,,,,
239534080,0.0013213050551712513,3.1613619327545166,0.1422612965106964,0.05000000074505806,0.031011998653411865,0.31848371028900146,17.885143280029297,6.739075615769252e-06,,,,
239599616,0.0015538251027464867,3.0620052814483643,0.1377902328968048,0.05000000074505806,0.024273768067359924,0.10799142718315125,18.676868438720703,7.824266504030675e-06,,,,
239665152,-0.0011973732616752386,1.2464243173599243,0.056089095771312714,0.05000000074505806,0.19924235343933105,0.3505397140979767,23.666654586791992,4.307980998419225e-05,-30.03145980834961,,0.005163511261343956,
239730688,0.0004076478071510792,0.5896968245506287,0.026536360383033752,0.05000000074505806,0.013756140135228634,0.14477086067199707,20.5086727142334,2.2209278540685773e-05,,,,
239796224,0.00014742452185600996,0.6823393702507019,0.030705273151397705,0.05000000074505806,0.03128962218761444,0.090784952044487,18.231281280517578,9.143990610027686e-06,,,,
239861760,-0.0014225486665964127,1.6778963804244995,0.0755053386092186,0.05000000074505806,0.014217819087207317,0.07775699347257614,19.471065521240234,6.059807674319018e-06,,,,
239927296,-0.003055497305467725,1.5617177486419678,0.07027729600667953,0.05000000074505806,0.020136654376983643,0.3314783275127411,20.23420524597168,7.688990990573075e-06,,,,
239992832,0.0004010605625808239,0.79222172498703,0.03564998134970665,0.05000000074505806,0.07365581393241882,0.39783474802970886,31.26417350769043,0.0003009207721333951,,,,
240058368,-0.0028446365613490343,0.5988985896110535,0.026950441300868988,0.05000000074505806,0.03820972144603729,0.12523925304412842,20.62627410888672,0.0008629796793684363,,,,
240123904,0.0002406116109341383,0.5816702842712402,0.026175163686275482,0.05000000074505806,0.05296710878610611,0.08407330513000488,20.09291648864746,0.00010522289085201919,,,,
240189440,-0.0010252292267978191,0.8947337865829468,0.04026302322745323,0.05000000074505806,0.032754622399806976,0.07312700152397156,17.351917266845703,2.2554753741133027e-05,,,,
240254976,-0.0029291175305843353,1.2531095743179321,0.056389935314655304,0.05000000074505806,0.051449768245220184,0.11690118163824081,17.980159759521484,1.0596368156257086e-05,,,,
240320512,-0.002511453116312623,0.8219833970069885,0.036989253014326096,0.05000000074505806,0.06661994755268097,0.08912111818790436,22.284767150878906,4.336862184572965e-05,-23.61054801940918,,0.028959276154637337,
240386048,0.0031369240023195744,0.5319368839263916,0.0239371620118618,0.05000000074505806,0.03847413510084152,0.09493362158536911,21.785377502441406,0.00026711623650044203,,,,
240451584,0.0002864440903067589,0.509636402130127,0.022933637723326683,0.05000000074505806,0.04006221145391464,0.137496218085289,16.90709114074707,6.811633647885174e-05,,,,
240517120,-0.0007336174603551626,0.524941086769104,0.02362234890460968,0.05000000074505806,0.05911910533905029,0.48151320219039917,20.95901107788086,2.580994441814255e-05,,,,
240582656,0.00028176745399832726,0.964337170124054,0.04339516907930374,0.05000000074505806,0.03768974542617798,0.09484454989433289,19.863399505615234,0.0001868821564130485,,,,
240648192,-0.0032119452953338623,0.6755057573318481,0.03039775975048542,0.05000000074505806,0.113041453063488,0.7481433749198914,22.85808563232422,3.1492450943915173e-05,,,,
240713728,-0.0015744050033390522,0.5477870106697083,0.024650417268276215,0.05000000074505806,0.0688493475317955,0.32299262285232544,20.135316848754883,9.246804984286427e-05,,,,
240779264,-0.0010768483625724912,1.0143799781799316,0.04564709961414337,0.05000000074505806,0.06051613762974739,0.09380538016557693,18.31782341003418,6.261630187509581e-05,,,,
240844800,-0.00391731271520257,1.2446845769882202,0.05601081997156143,0.05000000074505806,0.06165432557463646,0.07538574188947678,18.775245666503906,1.8408556570648216e-05,,,,
240910336,-0.004131105728447437,0.631223738193512,0.028405070304870605,0.05000000074505806,0.07409463822841644,0.11302241683006287,20.440959930419922,4.779698792845011e-05,,-37.66194534301758,,0.001953125
240975872,0.0004571033641695976,3.4536869525909424,0.15541592240333557,0.05000000074505806,0.02460417151451111,0.07865330576896667,27.759315490722656,1.0583713446976617e-05,,,,
241041408,-0.00020673623657785356,3.6663410663604736,0.16498537361621857,0.05000000074505806,0.00313908071257174,0.08573257178068161,23.38340950012207,9.17276611289708e-06,,,,
241106944,-0.00016327935736626387,3.6364450454711914,0.16364003717899323,0.05000000074505806,0.027484623715281487,0.10622406750917435,19.568418502807617,2.4849327928677667e-06,,,,
241172480,-0.0007187374285422266,3.4697165489196777,0.15613724291324615,0.05000000074505806,0.01096452958881855,0.08474656939506531,25.441020965576172,4.736300979857333e-06,,,,
241238016,0.00016942375805228949,3.3110055923461914,0.1489952653646469,0.05000000074505806,0.006238281726837158,0.07025044411420822,24.713407516479492,1.007364880933892e-05,,,,
241303552,-0.0020166169852018356,1.3791272640228271,0.06206073239445686,0.05000000074505806,0.14883840084075928,0.25846073031425476,22.939105987548828,3.707602809299715e-05,-30.901681900024414,,0.007883565500378609,
241369088,0.00013224664144217968,0.645988941192627,0.029069503769278526,0.05000000074505806,0.010712810792028904,0.1385144591331482,22.505046844482422,1.7075079085770994e-05,,,,
241434624,0.0027034091763198376,0.7413932085037231,0.03336269408464432,0.05000000074505806,0.05347577482461929,0.09376595914363861,14.489330291748047,8.082950444077142e-06,,,,
241500160,-0.0024910997599363327,1.77016282081604,0.07965733110904694,0.05000000074505806,0.008245169185101986,0.13594110310077667,17.283798217773438,5.7626257330412045e-06,,,,
241565696,-0.002057594247162342,1.5107488632202148,0.0679837018251419,0.05000000074505806,0.021151116117835045,0.114080511033535,22.21526336669922,8.346756658283994e-06,,,,
241631232,-0.0023028943687677383,0.8142337203025818,0.03664051741361618,0.05000000074505806,0.0741017758846283,0.40688949823379517,18.538705825805664,0.000512452214024961,,,,
241696768,-0.0009275958873331547,0.6398094296455383,0.02879142388701439,0.05000000074505806,0.05056978762149811,0.10571110248565674,21.131986618041992,0.0010705277090892196,,,,
241762304,-0.0014503890415653586,0.6207586526870728,0.02793414145708084,0.05000000074505806,0.06495153903961182,0.10974908620119095,17.57370376586914,0.00012956306454725564,,,,
241827840,0.000517378153745085,0.8685012459754944,0.03908255696296692,0.05000000074505806,0.04397019371390343,0.07222732901573181,16.135271072387695,1.5725965567980893e-05,,,,
241893376,-0.0006296243518590927,1.2234861850738525,0.05505687743425369,0.05000000074505806,0.07945632934570312,0.07098227739334106,18.842605590820312,1.082765720639145e-05,,,,
241958912,-0.0005998380947858095,0.7179312109947205,0.03230690211057663,0.05000000074505806,0.049021173268556595,0.1230180412530899,25.05352210998535,7.98433247837238e-05,,,,
242024448,0.0011121565476059914,0.5035562515258789,0.022660031914711,0.05000000074505806,0.046467311680316925,0.14615121483802795,21.472755432128906,0.00031619975925423205,,,,
242089984,0.00032196706160902977,0.5329203605651855,0.02398141659796238,0.05000000074505806,0.046271421015262604,0.09792952239513397,17.308996200561523,0.00010548055433901027,-25.25519561767578,,0.029154518619179726,
242155520,-0.002028424059972167,0.5550968050956726,0.024979358538985252,0.05000000074505806,0.05823191627860069,0.13734900951385498,19.357275009155273,5.373984822654165e-05,,,,
242221056,0.004214813467115164,0.6813487410545349,0.03066069446504116,0.05000000074505806,0.09021755307912827,0.615191638469696,15.4629545211792,0.00021467750775627792,,,,
242286592,-0.00016549252904951572,0.5413614511489868,0.024361267685890198,0.05000000074505806,0.10805685818195343,0.17628325521945953,17.556625366210938,3.323897180962376e-05,,,,
242352128,-0.00035535963252186775,0.5995080471038818,0.026977863162755966,0.05000000074505806,0.06976386904716492,0.2020304799079895,20.70209503173828,8.74968827702105e-05,,,,
242417664,-0.00349262822419405,1.1678454875946045,0.052553050220012665,0.05000000074505806,0.09418141096830368,0.10354585200548172,14.215164184570312,4.562794492812827e-05,,,,
242483200,-0.002458823611959815,1.0745590925216675,0.048355162143707275,0.05000000074505806,0.10860364139080048,0.1872553676366806,20.184843063354492,2.3365650122286752e-05,,,,
242548736,-0.004420043900609016,0.5775662064552307,0.025990478694438934,0.05000000074505806,0.05334175378084183,0.12122830003499985,15.381101608276367,6.391763599822298e-05,,-37.67448425292969,,0.0029296875
242614272,-0.00021425355225801468,3.5277259349823,0.15874767303466797,0.05000000074505806,0.03069162368774414,0.25351911783218384,23.89229965209961,9.779560059541836e-06,,,,
242679808,-0.0006993910064920783,3.6863515377044678,0.1658858358860016,0.05000000074505806,0.005108724348247051,0.1465427726507187,21.949413299560547,7.478990482923109e-06,,,,
242745344,0.0016287104226648808,3.745363712310791,0.16854137182235718,0.05000000074505806,0.02999042719602585,0.16353827714920044,19.59574317932129,2.369751200603787e-06,,,,
242810880,-0.0006479362491518259,3.6102733612060547,0.1624622941017151,0.05000000074505806,0.018571387976408005,0.24492788314819336,19.052165985107422,4.181650183454622e-06,,,,
242876416,0.0006152710411697626,3.458780288696289,0.15564511716365814,0.05000000074505806,0.008652777411043644,0.09584695845842361,24.018386840820312,8.60732779983664e-06,,,,
242941952,-0.0008256225846707821,1.3529185056686401,0.06088133528828621,0.05000000074505806,0.1537047177553177,0.46078425645828247,24.95524787902832,3.1528012186754495e-05,-32.833099365234375,,0.007504690438508987,
243007488,0.0027668853290379047,0.8366585373878479,0.03764963895082474,0.05000000074505806,0.006306867115199566,0.1617528349161148,29.269405364990234,1.4252188520913478e-05,,,,
243073024,0.0016899531474336982,1.0909647941589355,0.04909341782331467,0.05000000074505806,0.033456750214099884,0.09632585942745209,15.682422637939453,8.463561243843287e-06,,,,
243138560,0.00022036180598661304,2.1199803352355957,0.09539911150932312,0.05000000074505806,0.00758811691775918,0.12741225957870483,24.584178924560547,5.266724656394217e-06,,,,
243204096,-0.0017354851588606834,2.2726786136627197,0.10227054357528687,0.05000000074505806,0.02273935079574585,0.1406741440296173,16.553428649902344,7.0326641434803605e-06,,,,
243269632,0.0005642300238832831,0.9641358852386475,0.04338611289858818,0.05000000074505806,0.13985329866409302,0.15651030838489532,21.100671768188477,0.00029029251891188323,,,,
243335168,0.0014269371749833226,0.7255929112434387,0.03265168145298958,0.05000000074505806,0.08033771067857742,0.13497352600097656,21.13311004638672,0.000852790311910212,,,,
243400704,0.0019488593097776175,0.6471552848815918,0.029121987521648407,0.05000000074505806,0.06935253739356995,0.25367826223373413,21.51622772216797,5.6740806030575186e-05,,,,
243466240,0.0008552429499104619,1.0463193655014038,0.047084372490644455,0.05000000074505806,0.07980182021856308,0.6279833316802979,20.454059600830078,2.4046024918789044e-05,,,,
243531776,3.8090161979198456e-05,1.6422150135040283,0.07389968633651733,0.05000000074505806,0.09482201933860779,0.08794383704662323,19.410764694213867,1.0543582902755588e-05,,,,
243597312,-0.0004847859963774681,1.0420458316802979,0.046892065554857254,0.05000000074505806,0.06348828226327896,0.07580547779798508,24.52724838256836,3.616638423409313e-05,,,,
243662848,-0.0022213910706341267,0.5872274041175842,0.026425231248140335,0.05000000074505806,0.07583914697170258,0.1417127549648285,16.873485565185547,0.00016983757086563855,,,,
243728384,-0.001299459021538496,0.7549126148223877,0.03397107124328613,0.05000000074505806,0.056469932198524475,0.15912668406963348,15.664374351501465,0.00017778860637918115,,,,
243793920,-0.0021432351786643267,0.768409788608551,0.03457844257354736,0.05000000074505806,0.12357820570468903,0.14992883801460266,19.685808181762695,4.595508653437719e-05,,,,
243859456,-0.0001720469444990158,0.949494481086731,0.042727258056402206,0.05000000074505806,0.080316461622715,0.10172207653522491,14.857009887695312,6.152184505481273e-05,,,,
243924992,-0.0035410933196544647,0.8168259263038635,0.03675716370344162,0.05000000074505806,0.1130676120519638,0.10157231986522675,19.307592391967773,3.944630589103326e-05,,,,
243990528,-0.0010428824461996555,0.5417435765266418,0.0243784599006176,0.05000000074505806,0.10746651887893677,0.09974989295005798,16.75433349609375,2.0590268832165748e-05,,,,
244056064,-0.0013888413086533546,0.771697461605072,0.03472638502717018,0.05000000074505806,0.0703134685754776,0.10449191927909851,17.922815322875977,3.0448838515440002e-05,-22.96657371520996,,0.068359375,
244121600,-0.0023933593183755875,1.3416311740875244,0.06037341058254242,0.05000000074505806,0.07452528923749924,0.10865934938192368,18.15110969543457,1.7695823771646246e-05,,,,
244187136,-0.0003432990051805973,0.6591468453407288,0.02966161072254181,0.05000000074505806,0.07663865387439728,0.10977478325366974,21.100547790527344,3.5280525480629876e-05,,-39.265296936035156,,0.0009765625
244252672,0.0029504145495593548,3.555063486099243,0.15997788310050964,0.05000000074505806,0.033941857516765594,0.10068374872207642,27.52657699584961,1.0730456779128872e-05,,,,
244318208,-0.0002504622098058462,3.786281108856201,0.17038264870643616,0.05000000074505806,0.007580632343888283,0.1525130718946457,19.09019660949707,6.085517725296086e-06,,,,
244383744,1.4656689018011093e-06,3.783630847930908,0.1702633947134018,0.05000000074505806,0.030369427055120468,0.16383402049541473,17.557537078857422,2.3940422124724137e-06,,,,
244449280,-0.002267926000058651,3.5336756706237793,0.15901540219783783,0.05000000074505806,0.014512673951685429,0.07763832062482834,14.45677375793457,4.377634013508214e-06,,,,
244514816,0.0008530563209205866,3.3612563610076904,0.1512565314769745,0.05000000074505806,0.013482915237545967,0.07757433503866196,18.565216064453125,7.91956244938774e-06,,,,
244580352,-0.0025064218789339066,1.3916419744491577,0.06262389570474625,0.05000000074505806,0.2878255844116211,0.4601448178291321,23.8311767578125,2.993717134813778e-05,-34.20368576049805,,0.006172839552164078,
244645888,0.0015098307048901916,0.8422172665596008,0.03789977729320526,0.05000000074505806,0.020237620919942856,0.11217799782752991,20.387664794921875,1.7105237930081785e-05,,,,
244711424,0.0027956839185208082,0.863715410232544,0.038867197930812836,0.05000000074505806,0.0526016540825367,0.0953865572810173,20.03560447692871,9.504776244284585e-06,,,,
244776960,-0.0016623912379145622,1.9647572040557861,0.08841408044099808,0.05000000074505806,0.017929796129465103,0.11037186533212662,17.440662384033203,7.068795184750343e-06,,,,
244842496,-0.0007593808695673943,1.9333076477050781,0.0869988426566124,0.05000000074505806,0.036422666162252426,0.15430980920791626,18.430076599121094,1.280318247154355e-05,,,,
244908032,-0.0029243447352200747,0.9162145256996155,0.04122965782880783,0.05000000074505806,0.10031096637248993,0.14812737703323364,20.206205368041992,0.00021781768009532243,,,,
244973568,0.00032495055347681046,0.670185387134552,0.03015834093093872,0.05000000074505806,0.036490753293037415,0.12080786377191544,24.780895233154297,0.0006765585276298225,,,,
245039104,-0.000876168254762888,0.6449249982833862,0.029021624475717545,0.05000000074505806,0.06269266456365585,0.2475430965423584,20.899810791015625,7.757737330393866e-05,,,,
245104640,-0.0005457040388137102,1.4144368171691895,0.06364966183900833,0.05000000074505806,0.07749061286449432,0.11007097363471985,19.681018829345703,3.096493674092926e-05,,,,
245170176,-0.0013484912924468517,1.3878474235534668,0.06245313957333565,0.05000000074505806,0.0657152384519577,0.07897322624921799,18.43316078186035,1.0270902748743538e-05,,,,
245235712,-0.002536560408771038,0.8505088686943054,0.03827290236949921,0.05000000074505806,0.05374787375330925,0.09444519132375717,19.096269607543945,5.056206282461062e-05,,,,
245301248,-0.002263267058879137,0.520034909248352,0.023401571437716484,0.05000000074505806,0.03436502069234848,0.1208609938621521,18.370040893554688,0.0003522185143083334,,,,
245366784,-4.4387998059391975e-06,0.5240297317504883,0.02358134090900421,0.05000000074505806,0.03778691589832306,0.10905998945236206,20.663610458374023,0.00016218426753766835,,,,
245432320,-0.0031622988171875477,0.6628279685974121,0.029827259480953217,0.05000000074505806,0.1008772999048233,0.09831288456916809,22.437244415283203,2.919990583905019e-05,,,,
245497856,-0.0017316211014986038,0.8274598121643066,0.03723569214344025,0.05000000074505806,0.07028031349182129,0.3875533938407898,17.337194442749023,0.00012877327390015125,,,,
245563392,-0.0032179770059883595,0.55031418800354,0.02476414293050766,0.05000000074505806,0.17167270183563232,0.6980111002922058,16.82804298400879,2.9854378226445988e-05,-23.81511688232422,,0.04821600764989853,
245628928,-0.001936642569489777,0.4697248637676239,0.021137617528438568,0.05000000074505806,0.12416579574346542,0.13924983143806458,19.488880157470703,8.119023550534621e-05,,,,
245694464,-0.0007061847718432546,0.5418583154678345,0.024383623152971268,0.05000000074505806,0.08183930069208145,0.0859002023935318,19.881195068359375,3.5562217817641795e-05,,,,
245760000,-0.003762513864785433,0.9845565557479858,0.044305045157670975,0.05000000074505806,0.09106393158435822,0.08096285164356232,19.453346252441406,1.6842885088408366e-05,,,,
245825536,-0.0038781289476901293,0.504318356513977,0.02269432693719864,0.05000000074505806,0.06916380673646927,0.0891270786523819,19.961795806884766,8.709540998097509e-05,,-37.714263916015625,,0.0009765625
245891072,0.004194222390651703,3.6114416122436523,0.16251486539840698,0.05000000074505806,0.026641609147191048,0.20433109998703003,35.46630859375,1.0008723620558158e-05,,,,
245956608,0.00014997919788584113,3.760303020477295,0.16921363770961761,0.05000000074505806,0.010375140234827995,0.38614821434020996,20.189170837402344,7.799821105436422e-06,,,,
246022144,0.000485218595713377,3.7619223594665527,0.16928650438785553,0.05000000074505806,0.0346507653594017,0.1470775604248047,21.36077308654785,2.969404476971249e-06,,,,
246087680,-0.0025349536444991827,3.503481388092041,0.15765665471553802,0.05000000074505806,0.019903622567653656,0.13169269263744354,21.554811477661133,4.972017450199928e-06,,,,
246153216,0.00011068733874708414,3.3480029106140137,0.15066012740135193,0.05000000074505806,0.016011802479624748,0.08563768118619919,23.220544815063477,8.755522685532924e-06,,,,
246218752,-0.000501920934766531,1.353746771812439,0.06091860309243202,0.05000000074505806,0.196672260761261,0.32043883204460144,28.59050750732422,2.4689883503015153e-05,-35.040409088134766,,0.0035919540096074343,
246284288,-0.0001493407180532813,0.7307223081588745,0.032882507890462875,0.05000000074505806,0.008635911159217358,0.11339019238948822,23.166851043701172,1.4073882994125597e-05,,,,
246349824,0.0009067393839359283,0.8123341798782349,0.03655503690242767,0.05000000074505806,0.03981977328658104,0.09536527097225189,19.50607681274414,1.0191100955125876e-05,,,,
246415360,-0.002244912553578615,1.9631092548370361,0.0883399248123169,0.05000000074505806,0.010194089263677597,0.1409907042980194,21.062898635864258,7.441793513862649e-06,,,,
246480896,-0.0009738290682435036,1.7490085363388062,0.07870538532733917,0.05000000074505806,0.02780088223516941,0.11073780059814453,22.594219207763672,1.1703292329912074e-05,,,,
246546432,-0.0026097805239260197,0.836915135383606,0.03766118735074997,0.05000000074505806,0.16786935925483704,0.1823602020740509,17.244827270507812,0.0006893473328091204,,,,
246611968,0.00011420599184930325,0.5655044317245483,0.025447702035307884,0.05000000074505806,0.0426890067756176,0.10876360535621643,25.4211483001709,0.0020278978627175093,,,,
246677504,-0.0005382486851885915,0.5171911716461182,0.02327360399067402,0.05000000074505806,0.08599083125591278,0.12528850138187408,18.5836181640625,0.000176585468580015,,,,
246743040,0.0002242974005639553,1.4982361793518066,0.06742062419652939,0.05000000074505806,0.03034735657274723,0.09618492424488068,21.277597427368164,2.7464921004138887e-05,,,,
246808576,-0.001920461654663086,1.427795648574829,0.06425081193447113,0.05000000074505806,0.07539114356040955,0.1147788017988205,15.935866355895996,9.555136784911156e-06,,,,
246874112,-0.002732721855863929,0.8759582042694092,0.03941811993718147,0.05000000074505806,0.05196160823106766,0.08172687888145447,22.07590675354004,4.076037657796405e-05,,,,
246939648,-0.0017628050409257412,0.5347903370857239,0.024065565317869186,0.05000000074505806,0.052481234073638916,0.18878629803657532,17.647186279296875,0.00029174337396398187,,,,
247005184,-0.0007164127891883254,0.6251610517501831,0.028132248669862747,0.05000000074505806,0.035672783851623535,0.151441290974617,16.3469295501709,0.0001701949950074777,,,,
247070720,-0.0013409334933385253,0.5854782462120056,0.026346523314714432,0.05000000074505806,0.07731784135103226,0.13434919714927673,20.8514461517334,3.0939736461732537e-05,-20.896757125854492,,0.04901960492134094,
247136256,-0.001176984515041113,0.6758845448493958,0.030414806678891182,0.05000000074505806,0.07667693495750427,0.20351164042949677,19.337268829345703,9.89247637335211e-05,,,,
247201792,-0.0016961158253252506,0.5304448008537292,0.023870019242167473,0.05000000074505806,0.13300329446792603,0.25135913491249084,19.892778396606445,3.821609425358474e-05,,,,
247267328,-0.0017206263728439808,0.4728003144264221,0.021276015788316727,0.05000000074505806,0.12752902507781982,0.3584965467453003,18.14014434814453,5.6473916629329324e-05,,,,
247332864,-0.002866392256692052,0.9285423755645752,0.04178440943360329,0.05000000074505806,0.08959688246250153,0.1003369688987732,19.278167724609375,8.020050154300407e-05,,,,
247398400,-0.002061838284134865,1.280688762664795,0.057631004601716995,0.05000000074505806,0.1007763147354126,0.14399370551109314,17.062334060668945,2.0313405912020244e-05,,,,
247463936,-0.0031159641221165657,0.603186845779419,0.027143407613039017,0.05000000074505806,0.1326441913843155,0.14506971836090088,20.583454132080078,4.713978341897018e-05,,-37.781368255615234,,0.001953125
247529472,0.0017044381238520145,3.4551031589508057,0.15547965466976166,0.05000000074505806,0.02811644785106182,0.0662945881485939,28.262834548950195,1.3082046280032955e-05,,,,
247595008,-0.0003062952891923487,3.6814064979553223,0.16566328704357147,0.05000000074505806,0.010514206252992153,0.15745437145233154,19.616870880126953,8.427074135397561e-06,,,,
247660544,0.00027584354393184185,3.6732332706451416,0.16529549658298492,0.05000000074505806,0.04926299303770065,0.5972576141357422,17.869674682617188,3.110481884505134e-06,,,,
247726080,-0.0015329514862969518,3.4333114624023438,0.15449902415275574,0.05000000074505806,0.01626012660562992,0.09554245322942734,17.437782287597656,7.439652108587325e-06,,,,
247791616,-0.0021242082584649324,3.2857956886291504,0.1478608250617981,0.05000000074505806,0.009970135986804962,0.09105095267295837,19.268190383911133,8.511697160429321e-06,,,,
247857152,-0.003159105312079191,1.3258899450302124,0.059665050357580185,0.05000000074505806,0.16932189464569092,0.38973870873451233,22.020971298217773,3.482716056169011e-05,-35.33595275878906,,0.00631313119083643,
247922688,-0.00019520847126841545,0.6264728903770447,0.028191283345222473,0.05000000074505806,0.007129024714231491,0.10920671373605728,23.063119888305664,1.8369168174103834e-05,,,,
247988224,0.0001835061702877283,0.7850745916366577,0.03532835841178894,0.05000000074505806,0.021291574463248253,0.16368092596530914,19.26692008972168,8.661560968903359e-06,,,,
248053760,-0.0019479470793157816,1.6921617984771729,0.07614728063344955,0.05000000074505806,0.01190769299864769,0.21074385941028595,18.486696243286133,8.35250011732569e-06,,,,
248119296,0.0005205592606216669,1.7057054042816162,0.07675674557685852,0.05000000074505806,0.03350609168410301,0.30959466099739075,27.340316772460938,9.388537364429794e-06,,,,
248184832,-0.001978469081223011,0.8356555700302124,0.03760450333356857,0.05000000074505806,0.1461104452610016,0.43981093168258667,19.668842315673828,0.0003799278929363936,,,,
248250368,-0.0009954116540029645,0.5563219785690308,0.02503449097275734,0.05000000074505806,0.03210250660777092,0.10181622207164764,30.494951248168945,0.0009252806194126606,,,,
248315904,0.00031709030736237764,0.5137605667114258,0.023119227960705757,0.05000000074505806,0.05791178345680237,0.0805429220199585,20.87948989868164,0.00013137326459400356,,,,
248381440,-0.0008775859605520964,1.0420622825622559,0.04689280688762665,0.05000000074505806,0.024117428809404373,0.08901183307170868,17.82866668701172,3.0531169613823295e-05,,,,
248446976,-0.001469284761697054,1.188878059387207,0.05349951982498169,0.05000000074505806,0.03609864413738251,0.1429762989282608,17.27404022216797,8.738116775930393e-06,,,,
248512512,-0.0014230710221454501,0.7846750020980835,0.035310376435518265,0.05000000074505806,0.044214073568582535,0.12080283463001251,24.163307189941406,6.218136695679277e-05,-23.687477111816406,,0.032755300402641296,
248578048,-0.0012985265348106623,0.5017412304878235,0.02257835492491722,0.05000000074505806,0.03492478281259537,0.1260950118303299,18.198692321777344,0.0003647686680778861,,,,
248643584,0.0010270543862134218,0.5327811241149902,0.023975152522325516,0.05000000074505806,0.04027632996439934,0.09224936366081238,22.504348754882812,0.0001653672952670604,,,,
248709120,-0.003430119948461652,0.5371436476707458,0.024171464145183563,0.05000000074505806,0.062300652265548706,0.3028838634490967,15.719948768615723,3.992844358435832e-05,,,,
248774656,-0.001295828027650714,0.8583402037620544,0.038625311106443405,0.05000000074505806,0.03961045667529106,0.16084152460098267,16.790239334106445,0.00010415574797661975,,,,
248840192,-0.003785225562751293,0.6128266453742981,0.027577200904488564,0.05000000074505806,0.19199806451797485,0.593566358089447,19.047975540161133,2.9928931326139718e-05,,,,
248905728,-0.00018941867165267467,0.5223013758659363,0.023503560572862625,0.05000000074505806,0.11552497744560242,0.5198733806610107,19.30402183532715,0.0001052277657436207,,,,
248971264,-0.001627062214538455,0.48455169796943665,0.021804826334118843,0.05000000074505806,0.09920915216207504,0.1749556064605713,14.791980743408203,4.690991772804409e-05,,,,
249036800,-0.003688468597829342,0.7121871113777161,0.03204842284321785,0.05000000074505806,0.15476752817630768,0.11841072887182236,20.0072021484375,1.7976813978748396e-05,,,,
249102336,-0.0034997090697288513,0.4686509072780609,0.02108929306268692,0.05000000074505806,0.1087070107460022,0.09787297248840332,21.84819221496582,0.00019971872097812593,-28.85188102722168,-35.69243240356445,0.012596899643540382,0.00390625
249167872,0.0005476856604218483,3.446763515472412,0.1551043689250946,0.05000000074505806,0.04247308522462845,0.33434295654296875,27.113697052001953,1.1752781574614346e-05,,,,
249233408,0.002020032610744238,3.71897029876709,0.16735367476940155,0.05000000074505806,0.010600246489048004,0.3011818528175354,20.546855926513672,7.3606515798019245e-06,,,,
249298944,0.0010046889074146748,3.689159870147705,0.16601218283176422,0.05000000074505806,0.04001076519489288,0.11146706342697144,20.697505950927734,2.750398607531679e-06,,,,
249364480,-0.0010168664157390594,3.3775835037231445,0.15199127793312073,0.05000000074505806,0.02017127349972725,0.11529198288917542,16.90713882446289,6.3586930991732515e-06,,,,
249430016,0.000812487443909049,3.2537760734558105,0.1464199274778366,0.05000000074505806,0.020321514457464218,0.5145633816719055,20.015836715698242,9.167592907033395e-06,,,,
249495552,-0.0026167472824454308,1.320304036140442,0.05941368639469147,0.05000000074505806,0.21522000432014465,0.361131489276886,24.048559188842773,3.3367323339916766e-05,,,,
249561088,0.0014121318235993385,0.6192264556884766,0.02786519192159176,0.05000000074505806,0.03249088674783707,0.11248691380023956,18.9283504486084,1.7410175132681616e-05,,,,
249626624,0.0038522742688655853,0.888370156288147,0.03997666388750076,0.05000000074505806,0.030339349061250687,0.08581225574016571,20.97772789001465,7.682984687562566e-06,,,,
249692160,-0.0021130857057869434,1.6153219938278198,0.0726894959807396,0.05000000074505806,0.014968521893024445,0.08867855370044708,15.39516544342041,6.45640648144763e-06,,,,
249757696,-0.0024806736037135124,1.7130755186080933,0.07708840817213058,0.05000000074505806,0.02172437123954296,0.15821871161460876,20.365259170532227,1.3343806131160818e-05,,,,
249823232,-0.0022615566849708557,0.8579866290092468,0.038609400391578674,0.05000000074505806,0.14565712213516235,0.22195744514465332,20.645322799682617,0.00030497804982587695,-30.256118774414062,,0.02777777798473835,
249888768,-0.002648158697411418,0.5662031769752502,0.025479143485426903,0.05000000074505806,0.03586176037788391,0.09779277443885803,24.032493591308594,0.0010215562069788575,,,,
249954304,-0.00025177490897476673,0.5351384878158569,0.024081232026219368,0.05000000074505806,0.09583316743373871,0.5344898104667664,19.55691909790039,0.00012828325270675123,,,,
